"region","site","year","dens","latitude","longitude","depth","kd490","htyperank","meansummermIST","maxsummermIST","CVsummermIST","site_uid"
"JBMP","Boullanger Island 2.5",2003,34.625,-30.31406,115.00243,-3,0.1054,4,22.8,24.6,3.7,"JBMP:Boullanger Island 2.5"
"JBMP","Boullanger Island 3.5",2003,34.4583333333333,-30.31232,115.00273,-3.6,0.1054,4,22.8,24.6,3.7,"JBMP:Boullanger Island 3.5"
"JBMP","Boullanger Island 5.5",2003,29.0833333333333,-30.3114,115.00292,-5.6,0.1054,4,22.8,24.6,3.7,"JBMP:Boullanger Island 5.5"
"JBMP","Fishermans Island 2.5",2003,44.625,-30.13472,114.99792,-3,0.1233,4,22.54,24.33,3.4,"JBMP:Fishermans Island 2.5"
"JBMP","Fishermans Island 3.5",2003,29.4166666666667,-30.12717,114.99594,-4.7,0.1233,4,22.54,24.33,3.4,"JBMP:Fishermans Island 3.5"
"JBMP","Fishermans Island 5.5",2003,36.7083333333333,-30.13702,114.9912,-4.2,0.1233,4,22.54,24.33,3.4,"JBMP:Fishermans Island 5.5"
"CSMC","Garden Island 2.0m",2003,28.8333333333333,-32.15816,115.67134,-2,0.1087,1,21.99,23.89,4.04,"CSMC:Garden Island 2.0m"
"CSMC","Garden Island 2.5m",2003,20.0833333333333,-32.15985,115.6716,-2.4,0.1087,1,21.99,23.89,4.04,"CSMC:Garden Island 2.5m"
"CSMC","Garden Island 3.2m",2003,34.75,-32.15979,115.67257,-3.1,0.1087,1,21.99,23.89,4.04,"CSMC:Garden Island 3.2m"
"CSMC","Garden Island 5.5m",2003,43.9166666666667,-32.16018,115.67949,-4.6,0.1087,1,21.99,23.89,4.04,"CSMC:Garden Island 5.5m"
"CSMC","Garden Island 7.0m",2003,21.125,-32.15908,115.68062,-6.8,0.1087,1,21.99,23.89,4.04,"CSMC:Garden Island 7.0m"
"CSMC","Southern Flats",2003,45.5416666666667,-32.24142,115.70671,-2.1,0.1162,1,21.22,22.72,3.82,"CSMC:Southern Flats"
"SIMP","Warnbro Sound 2.0m",2003,55.5,-32.3144,115.71409,-2.1,0.1157125,2,21.9,23.54,3.77,"SIMP:Warnbro Sound 2.0m"
"SIMP","Warnbro Sound 2.5m",2003,39.2083333333333,-32.31476,115.71415,-2.4,0.1094,2,21.9,23.54,3.77,"SIMP:Warnbro Sound 2.5m"
"SIMP","Warnbro Sound 3.2m",2003,44,-32.3149,115.71425,-3.1,0.1094,2,21.9,23.54,3.77,"SIMP:Warnbro Sound 3.2m"
"SIMP","Warnbro Sound 5.2m",2003,34.4166666666667,-32.3162,115.71393,-6,0.1094,2,21.9,23.54,3.77,"SIMP:Warnbro Sound 5.2m"
"JBMP","Boullanger Island 2.5",2004,38,-30.31406,115.00243,-3,0.1026,4,23.36,24.9,3.55,"JBMP:Boullanger Island 2.5"
"JBMP","Boullanger Island 3.5",2004,38.9583333333333,-30.31232,115.00273,-3.6,0.1026,4,23.36,24.9,3.55,"JBMP:Boullanger Island 3.5"
"JBMP","Boullanger Island 5.5",2004,33.5,-30.3114,115.00292,-5.6,0.1026,4,23.36,24.9,3.55,"JBMP:Boullanger Island 5.5"
"JBMP","Fishermans Island 2.5",2004,60.4583333333333,-30.13472,114.99792,-3,0.1208,4,23.11,24.53,3.32,"JBMP:Fishermans Island 2.5"
"JBMP","Fishermans Island 3.5",2004,31.75,-30.12717,114.99594,-4.7,0.1208,4,23.11,24.53,3.32,"JBMP:Fishermans Island 3.5"
"JBMP","Fishermans Island 5.5",2004,35.7916666666667,-30.13702,114.9912,-4.2,0.1208,4,23.11,24.53,3.32,"JBMP:Fishermans Island 5.5"
"CSMC","Garden Island 2.5m",2004,24.5,-32.15985,115.6716,-2.4,0.1112,1,22.72,24.69,3.66,"CSMC:Garden Island 2.5m"
"CSMC","Garden Island 3.2m",2004,39.125,-32.15979,115.67257,-3.1,0.1112,1,22.72,24.69,3.66,"CSMC:Garden Island 3.2m"
"CSMC","Garden Island 5.5m",2004,32,-32.16018,115.67949,-4.6,0.1112,1,22.72,24.69,3.66,"CSMC:Garden Island 5.5m"
"CSMC","Garden Island 7.0m",2004,18.7083333333333,-32.15908,115.68062,-6.8,0.1112,1,22.72,24.69,3.66,"CSMC:Garden Island 7.0m"
"CSMC","Southern Flats",2004,40.0416666666667,-32.24142,115.70671,-2.1,0.1296,1,21.91,23.87,4.57,"CSMC:Southern Flats"
"SIMP","Warnbro Sound 2.0m",2004,49.0833333333333,-32.3144,115.71409,-2.1,0.1195,2,22.53,24.57,3.54,"SIMP:Warnbro Sound 2.0m"
"SIMP","Warnbro Sound 2.5m",2004,38.3333333333333,-32.31476,115.71415,-2.4,0.1195,2,22.53,24.57,3.54,"SIMP:Warnbro Sound 2.5m"
"SIMP","Warnbro Sound 3.2m",2004,26,-32.3149,115.71425,-3.1,0.1195,2,22.53,24.57,3.54,"SIMP:Warnbro Sound 3.2m"
"SIMP","Warnbro Sound 5.2m",2004,31.25,-32.3162,115.71393,-6,0.1195,2,22.53,24.57,3.54,"SIMP:Warnbro Sound 5.2m"
"JBMP","Boullanger Island 2.5",2005,35.125,-30.31406,115.00243,-3,0.1007,4,22.87,24.56,4.51,"JBMP:Boullanger Island 2.5"
"JBMP","Boullanger Island 3.5",2005,32.2083333333333,-30.31232,115.00273,-3.6,0.1007,4,22.87,24.56,4.51,"JBMP:Boullanger Island 3.5"
"JBMP","Boullanger Island 5.5",2005,31.875,-30.3114,115.00292,-5.6,0.1007,4,22.87,24.56,4.51,"JBMP:Boullanger Island 5.5"
"JBMP","Fishermans Island 2.5",2005,48.9583333333333,-30.13472,114.99792,-3,0.1126,4,22.59,23.97,3.94,"JBMP:Fishermans Island 2.5"
"JBMP","Fishermans Island 3.5",2005,29.6521739130435,-30.12717,114.99594,-4.7,0.1126,4,22.59,23.97,3.94,"JBMP:Fishermans Island 3.5"
"JBMP","Fishermans Island 5.5",2005,42.4583333333333,-30.13702,114.9912,-4.2,0.1126,4,22.59,23.97,3.94,"JBMP:Fishermans Island 5.5"
"CSMC","Garden Island 2.0m",2005,39.25,-32.15816,115.67134,-2,0.1026,1,22.46,24.6,3.8,"CSMC:Garden Island 2.0m"
"CSMC","Garden Island 2.5m",2005,30.4166666666667,-32.15985,115.6716,-2.4,0.1026,1,22.46,24.6,3.8,"CSMC:Garden Island 2.5m"
"CSMC","Garden Island 3.2m",2005,38.2083333333333,-32.15979,115.67257,-3.1,0.1026,1,22.46,24.6,3.8,"CSMC:Garden Island 3.2m"
"CSMC","Garden Island 5.5m",2005,33.75,-32.16018,115.67949,-4.6,0.1026,1,22.46,24.6,3.8,"CSMC:Garden Island 5.5m"
"CSMC","Garden Island 7.0m",2005,25.2916666666667,-32.15908,115.68062,-6.8,0.1026,1,22.46,24.6,3.8,"CSMC:Garden Island 7.0m"
"CSMC","Garden Island Settlement",2005,47.4583333333333,-32.21313,115.68872,-1.2,0.1164,1,22.46,24.6,3.8,"CSMC:Garden Island Settlement"
"CSMC","Jervoise Bay",2005,24.4166666666667,-32.1723,115.77004,-4.5,0.1122,1,22.46,24.6,3.8,"CSMC:Jervoise Bay"
"CSMC","Kwinana",2005,31.125,-32.19181,115.74355,-5.2,0.1122,1,22.46,24.6,3.8,"CSMC:Kwinana"
"CSMC","Luscombe Bay",2005,36.7083333333333,-32.16672,115.67521,-1.5,0.1026,1,22.46,24.6,3.8,"CSMC:Luscombe Bay"
"CSMC","Mangles Bay",2005,13,-32.27244,115.71357,-3.4,0.159,1,21.66,24.02,3.65,"CSMC:Mangles Bay"
"CSMC","Southern Flats",2005,37.3333333333333,-32.24142,115.70671,-2.1,0.1164,1,21.66,24.02,3.65,"CSMC:Southern Flats"
"SIMP","Warnbro Sound 2.0m",2005,44.125,-32.3144,115.71409,-2.1,0.1108,2,22.28,24.65,3.75,"SIMP:Warnbro Sound 2.0m"
"SIMP","Warnbro Sound 2.5m",2005,38.5,-32.31476,115.71415,-2.4,0.1108,2,22.28,24.65,3.75,"SIMP:Warnbro Sound 2.5m"
"SIMP","Warnbro Sound 3.2m",2005,31.8695652173913,-32.3149,115.71425,-3.1,0.1108,2,22.28,24.65,3.75,"SIMP:Warnbro Sound 3.2m"
"SIMP","Warnbro Sound 5.2m",2005,29.5416666666667,-32.3162,115.71393,-6,0.1108,2,22.28,24.65,3.75,"SIMP:Warnbro Sound 5.2m"
"SIMP","Warnbro Sound 7.0m",2005,9.625,-32.31639,115.71428,-11.8,0.1155,2,22.28,24.65,3.75,"SIMP:Warnbro Sound 7.0m"
"SIMP","Bird Island",2006,34.0833333333333,-32.27733,115.69471,-1.9,0.1364,1,21.99,23.17,3.53,"SIMP:Bird Island"
"CSMC","Carnac Island",2006,31.0833333333333,-32.12077,115.6775,-4,0.1065,1,21.91,23.02,3.34,"CSMC:Carnac Island"
"CSMC","Garden Island 2.0m",2006,43.25,-32.15816,115.67134,-2,0.112875,1,22.06,23.38,3.78,"CSMC:Garden Island 2.0m"
"CSMC","Garden Island 2.5m",2006,39.9583333333333,-32.15985,115.6716,-2.4,0.1163,1,22.06,23.38,3.78,"CSMC:Garden Island 2.5m"
"CSMC","Garden Island 3.2m",2006,40.7916666666667,-32.15979,115.67257,-3.1,0.1163,1,22.06,23.38,3.78,"CSMC:Garden Island 3.2m"
"CSMC","Garden Island 5.5m",2006,38.0416666666667,-32.16018,115.67949,-4.6,0.1163,1,22.06,23.38,3.78,"CSMC:Garden Island 5.5m"
"CSMC","Garden Island 7.0m",2006,30.9583333333333,-32.15908,115.68062,-6.8,0.1163,1,22.06,23.38,3.78,"CSMC:Garden Island 7.0m"
"CSMC","Garden Island Settlement",2006,37.7916666666667,-32.21313,115.68872,-1.2,0.1306,1,22.06,23.38,3.78,"CSMC:Garden Island Settlement"
"CSMC","Jervoise Bay",2006,38.9583333333333,-32.1723,115.77004,-4.5,0.133,1,22.06,23.38,3.78,"CSMC:Jervoise Bay"
"CSMC","Kwinana",2006,37,-32.19181,115.74355,-5.2,0.133,1,22.06,23.38,3.78,"CSMC:Kwinana"
"CSMC","Luscombe Bay",2006,42.6666666666667,-32.16672,115.67521,-1.5,0.1185,1,22.06,23.38,3.78,"CSMC:Luscombe Bay"
"CSMC","Mangles Bay",2006,22.0833333333333,-32.27244,115.71357,-3.4,0.1683,1,21.28,23.31,5,"CSMC:Mangles Bay"
"SIMP","Mersey Point",2006,33.75,-32.31039,115.70226,-2.2,0.1182,1,22,23.22,3.55,"SIMP:Mersey Point"
"CSMC","Southern Flats",2006,35.2916666666667,-32.24142,115.70671,-2.1,0.1306,1,21.28,23.31,5,"CSMC:Southern Flats"
"SIMP","Warnbro Sound 2.0m",2006,52.625,-32.3144,115.71409,-2.1,0.1182,2,22,23.22,3.55,"SIMP:Warnbro Sound 2.0m"
"SIMP","Warnbro Sound 2.5m",2006,52.625,-32.31476,115.71415,-2.4,0.1182,2,22,23.22,3.55,"SIMP:Warnbro Sound 2.5m"
"SIMP","Warnbro Sound 3.2m",2006,31.7083333333333,-32.3149,115.71425,-3.1,0.1182,2,22,23.22,3.55,"SIMP:Warnbro Sound 3.2m"
"SIMP","Warnbro Sound 5.2m",2006,31.2083333333333,-32.3162,115.71393,-6,0.1182,2,22,23.22,3.55,"SIMP:Warnbro Sound 5.2m"
"SIMP","Warnbro Sound 7.0m",2006,13.5,-32.31639,115.71428,-11.8,0.122,2,22,23.22,3.55,"SIMP:Warnbro Sound 7.0m"
"CSMC","Woodman Point",2006,27.25,-32.12859,115.73774,-3.8,0.1404,1,21.91,23.02,3.34,"CSMC:Woodman Point"
"SIMP","Bird Island",2007,22.4166666666667,-32.27733,115.69471,-1.9,0.118358333333333,1,22.22,23.73,2.7,"SIMP:Bird Island"
"JBMP","Boullanger Island 2.5",2007,29.0833333333333,-30.31406,115.00243,-3,0.1021,4,22.91,24.38,3.09,"JBMP:Boullanger Island 2.5"
"JBMP","Boullanger Island 3.5",2007,25.5,-30.31232,115.00273,-3.6,0.1021,4,22.91,24.38,3.09,"JBMP:Boullanger Island 3.5"
"JBMP","Boullanger Island 5.5",2007,28.7083333333333,-30.3114,115.00292,-5.6,0.1021,4,22.91,24.38,3.09,"JBMP:Boullanger Island 5.5"
"CSMC","Carnac Island",2007,29.0833333333333,-32.12077,115.6775,-4,0.0987,1,22.2,23.36,2.24,"CSMC:Carnac Island"
"CSMC","Coogee",2007,25.3333333333333,-32.11173,115.76136,-4.9,0.0951,1,22.2,23.36,2.24,"CSMC:Coogee"
"JBMP","Fishermans Island 2.5",2007,36.6666666666667,-30.13472,114.99792,-3,0.115,4,22.69,24.23,2.8,"JBMP:Fishermans Island 2.5"
"JBMP","Fishermans Island 3.5",2007,26.75,-30.12717,114.99594,-4.7,0.115,4,22.69,24.23,2.8,"JBMP:Fishermans Island 3.5"
"JBMP","Fishermans Island 5.5",2007,35.25,-30.13702,114.9912,-4.2,0.115,4,22.69,24.23,2.8,"JBMP:Fishermans Island 5.5"
"CSMC","Garden Island 2.0m",2007,35.6666666666667,-32.15816,115.67134,-2,0.0974,1,22.4,23.86,2.64,"CSMC:Garden Island 2.0m"
"CSMC","Garden Island 2.5m",2007,28.5416666666667,-32.15985,115.6716,-2.4,0.0974,1,22.4,23.86,2.64,"CSMC:Garden Island 2.5m"
"CSMC","Garden Island 3.2m",2007,29,-32.15979,115.67257,-3.1,0.0974,1,22.4,23.86,2.64,"CSMC:Garden Island 3.2m"
"CSMC","Garden Island 5.5m",2007,29.6666666666667,-32.16018,115.67949,-4.6,0.0974,1,22.4,23.86,2.64,"CSMC:Garden Island 5.5m"
"CSMC","Garden Island 7.0m",2007,19.375,-32.15908,115.68062,-6.8,0.0974,1,22.4,23.86,2.64,"CSMC:Garden Island 7.0m"
"CSMC","Garden Island Settlement",2007,38.7083333333333,-32.21313,115.68872,-1.2,0.1113,1,22.4,23.86,2.64,"CSMC:Garden Island Settlement"
"CSMC","Jervoise Bay",2007,28.2083333333333,-32.1723,115.77004,-4.5,0.102,1,22.4,23.86,2.64,"CSMC:Jervoise Bay"
"CSMC","Kwinana",2007,32.875,-32.19181,115.74355,-5.2,0.102,1,22.4,23.86,2.64,"CSMC:Kwinana"
"CSMC","Luscombe Bay",2007,30.4166666666667,-32.16672,115.67521,-1.5,0.0957,1,22.4,23.86,2.64,"CSMC:Luscombe Bay"
"CSMC","Mangles Bay",2007,15.2916666666667,-32.27244,115.71357,-3.4,0.1421,1,21.57,23.64,3.33,"CSMC:Mangles Bay"
"SIMP","Mersey Point",2007,23.0416666666667,-32.31039,115.70226,-2.2,0.1077,1,22.23,23.76,2.73,"SIMP:Mersey Point"
"CSMC","Southern Flats",2007,26.9166666666667,-32.24142,115.70671,-2.1,0.1113,1,21.57,23.64,3.33,"CSMC:Southern Flats"
"SIMP","Warnbro Sound 2.0m",2007,42.125,-32.3144,115.71409,-2.1,0.1077,2,22.23,23.76,2.73,"SIMP:Warnbro Sound 2.0m"
"SIMP","Warnbro Sound 2.5m",2007,33.4166666666667,-32.31476,115.71415,-2.4,0.1077,2,22.23,23.76,2.73,"SIMP:Warnbro Sound 2.5m"
"SIMP","Warnbro Sound 3.2m",2007,29.0833333333333,-32.3149,115.71425,-3.1,0.1077,2,22.23,23.76,2.73,"SIMP:Warnbro Sound 3.2m"
"SIMP","Warnbro Sound 5.2m",2007,23.375,-32.3162,115.71393,-6,0.1077,2,22.23,23.76,2.73,"SIMP:Warnbro Sound 5.2m"
"SIMP","Warnbro Sound 7.0m",2007,10.0833333333333,-32.31639,115.71428,-11.8,0.1068,2,22.23,23.76,2.73,"SIMP:Warnbro Sound 7.0m"
"CSMC","Woodman Point",2007,21.0416666666667,-32.12859,115.73774,-3.8,0.1084,1,22.2,23.36,2.24,"CSMC:Woodman Point"
"SIMP","Bird Island",2008,27.3478260869565,-32.27733,115.69471,-1.9,0.116034782608696,1,22.37,23.75,3.86,"SIMP:Bird Island"
"JBMP","Boullanger Island 2.5",2008,30.7916666666667,-30.31406,115.00243,-3,0.1002,4,23.37,24.76,3.21,"JBMP:Boullanger Island 2.5"
"JBMP","Boullanger Island 3.5",2008,32.5833333333333,-30.31232,115.00273,-3.6,0.1002,4,23.37,24.76,3.21,"JBMP:Boullanger Island 3.5"
"JBMP","Boullanger Island 5.5",2008,29.9583333333333,-30.3114,115.00292,-5.6,0.1002,4,23.37,24.76,3.21,"JBMP:Boullanger Island 5.5"
"CSMC","Carnac Island",2008,33.25,-32.12077,115.6775,-4,0.0987,1,22.34,23.55,3.69,"CSMC:Carnac Island"
"CSMC","Coogee",2008,21.0416666666667,-32.11173,115.76136,-4.9,0.0987,1,22.34,23.55,3.69,"CSMC:Coogee"
"JBMP","Fishermans Island 2.5",2008,52.7083333333333,-30.13472,114.99792,-3,0.1119,4,23.1,24.56,2.95,"JBMP:Fishermans Island 2.5"
"JBMP","Fishermans Island 3.5",2008,32.3333333333333,-30.12717,114.99594,-4.7,0.1119,4,23.1,24.56,2.95,"JBMP:Fishermans Island 3.5"
"JBMP","Fishermans Island 5.5",2008,40.7083333333333,-30.13702,114.9912,-4.2,0.1119,4,23.1,24.56,2.95,"JBMP:Fishermans Island 5.5"
"CSMC","Garden Island 2.0m",2008,41.5833333333333,-32.15816,115.67134,-2,0.097,1,22.6,24.05,4.09,"CSMC:Garden Island 2.0m"
"CSMC","Garden Island 2.5m",2008,35.125,-32.15985,115.6716,-2.4,0.097,1,22.6,24.05,4.09,"CSMC:Garden Island 2.5m"
"CSMC","Garden Island 3.2m",2008,22.4583333333333,-32.15979,115.67257,-3.1,0.097,1,22.6,24.05,4.09,"CSMC:Garden Island 3.2m"
"CSMC","Garden Island 5.5m",2008,27.0833333333333,-32.16018,115.67949,-4.6,0.097,1,22.6,24.05,4.09,"CSMC:Garden Island 5.5m"
"CSMC","Garden Island 7.0m",2008,20.9583333333333,-32.15908,115.68062,-6.8,0.097,1,22.6,24.05,4.09,"CSMC:Garden Island 7.0m"
"CSMC","Garden Island Settlement",2008,33.2916666666667,-32.21313,115.68872,-1.2,0.1076,1,22.6,24.05,4.09,"CSMC:Garden Island Settlement"
"CSMC","Jervoise Bay",2008,16.375,-32.1723,115.77004,-4.5,0.1066,1,22.6,24.05,4.09,"CSMC:Jervoise Bay"
"CSMC","Kwinana",2008,28.6666666666667,-32.19181,115.74355,-5.2,0.1066,1,22.6,24.05,4.09,"CSMC:Kwinana"
"CSMC","Luscombe Bay",2008,30.375,-32.16672,115.67521,-1.5,0.0983,1,22.6,24.05,4.09,"CSMC:Luscombe Bay"
"CSMC","Mangles Bay",2008,12.6666666666667,-32.27244,115.71357,-3.4,0.1396,1,21.75,23.01,4.54,"CSMC:Mangles Bay"
"SIMP","Mersey Point",2008,27.75,-32.31039,115.70226,-2.2,0.1062,1,22.42,23.85,3.88,"SIMP:Mersey Point"
"CSMC","Southern Flats",2008,30.2916666666667,-32.24142,115.70671,-2.1,0.1076,1,21.75,23.01,4.54,"CSMC:Southern Flats"
"SIMP","Warnbro Sound 2.0m",2008,36.3333333333333,-32.3144,115.71409,-2.1,0.1062,2,22.42,23.85,3.88,"SIMP:Warnbro Sound 2.0m"
"SIMP","Warnbro Sound 2.5m",2008,33.2916666666667,-32.31476,115.71415,-2.4,0.1062,2,22.42,23.85,3.88,"SIMP:Warnbro Sound 2.5m"
"SIMP","Warnbro Sound 3.2m",2008,33.125,-32.3149,115.71425,-3.1,0.1062,2,22.42,23.85,3.88,"SIMP:Warnbro Sound 3.2m"
"SIMP","Warnbro Sound 5.2m",2008,19.5833333333333,-32.3162,115.71393,-6,0.1062,2,22.42,23.85,3.88,"SIMP:Warnbro Sound 5.2m"
"SIMP","Warnbro Sound 7.0m",2008,9.25,-32.31639,115.71428,-11.8,0.1072,2,22.42,23.85,3.88,"SIMP:Warnbro Sound 7.0m"
"CSMC","Woodman Point",2008,21.4583333333333,-32.12859,115.73774,-3.8,0.1096,1,22.34,23.55,3.69,"CSMC:Woodman Point"
"SIMP","Bird Island",2009,29.9166666666667,-32.27733,115.69471,-1.9,0.1366,1,22.78,24.3,3.77,"SIMP:Bird Island"
"CSMC","Carnac Island",2009,35.375,-32.12077,115.6775,-4,0.1074,1,22.76,24.05,3.55,"CSMC:Carnac Island"
"CSMC","Coogee",2009,27.4583333333333,-32.11173,115.76136,-4.9,0.1074,1,22.76,24.05,3.55,"CSMC:Coogee"
"CSMC","Garden Island 2.0m",2009,42.875,-32.15816,115.67134,-2,0.1112,1,23.09,24.58,3.89,"CSMC:Garden Island 2.0m"
"CSMC","Garden Island 2.5m",2009,30.7083333333333,-32.15985,115.6716,-2.4,0.1112,1,23.09,24.58,3.89,"CSMC:Garden Island 2.5m"
"CSMC","Garden Island 3.2m",2009,27.125,-32.15979,115.67257,-3.1,0.1112,1,23.09,24.58,3.89,"CSMC:Garden Island 3.2m"
"CSMC","Garden Island 5.5m",2009,27.9166666666667,-32.16018,115.67949,-4.6,0.1112,1,23.09,24.58,3.89,"CSMC:Garden Island 5.5m"
"CSMC","Garden Island 7.0m",2009,17.1304347826087,-32.15908,115.68062,-6.8,0.1112,1,23.09,24.58,3.89,"CSMC:Garden Island 7.0m"
"CSMC","Garden Island Settlement",2009,27.3333333333333,-32.21313,115.68872,-1.2,0.1293,1,23.09,24.58,3.89,"CSMC:Garden Island Settlement"
"CSMC","Jervoise Bay",2009,24.25,-32.1723,115.77004,-4.5,0.1269,1,23.09,24.58,3.89,"CSMC:Jervoise Bay"
"CSMC","Kwinana",2009,32.75,-32.19181,115.74355,-5.2,0.1269,1,23.09,24.58,3.89,"CSMC:Kwinana"
"CSMC","Luscombe Bay",2009,35.125,-32.16672,115.67521,-1.5,0.1159,1,23.09,24.58,3.89,"CSMC:Luscombe Bay"
"CSMC","Mangles Bay",2009,8.45833333333333,-32.27244,115.71357,-3.4,0.1703,1,22.24,23.83,4.54,"CSMC:Mangles Bay"
"SIMP","Mersey Point",2009,27.5416666666667,-32.31039,115.70226,-2.2,0.1233,1,22.82,24.34,3.77,"SIMP:Mersey Point"
"CSMC","Southern Flats",2009,31.0416666666667,-32.24142,115.70671,-2.1,0.1293,1,22.24,23.83,4.54,"CSMC:Southern Flats"
"SIMP","Warnbro Sound 2.0m",2009,36.0416666666667,-32.3144,115.71409,-2.1,0.1233,2,22.82,24.34,3.77,"SIMP:Warnbro Sound 2.0m"
"SIMP","Warnbro Sound 2.5m",2009,33.625,-32.31476,115.71415,-2.4,0.1233,2,22.82,24.34,3.77,"SIMP:Warnbro Sound 2.5m"
"SIMP","Warnbro Sound 3.2m",2009,36.1304347826087,-32.3149,115.71425,-3.1,0.1233,2,22.82,24.34,3.77,"SIMP:Warnbro Sound 3.2m"
"SIMP","Warnbro Sound 5.2m",2009,28.25,-32.3162,115.71393,-6,0.1233,2,22.82,24.34,3.77,"SIMP:Warnbro Sound 5.2m"
"SIMP","Warnbro Sound 7.0m",2009,10.625,-32.31639,115.71428,-11.8,0.1152,2,22.82,24.34,3.77,"SIMP:Warnbro Sound 7.0m"
"CSMC","Woodman Point",2009,24.9583333333333,-32.12859,115.73774,-3.8,0.1304,1,22.76,24.05,3.55,"CSMC:Woodman Point"
"SIMP","Bird Island",2010,28,-32.27733,115.69471,-1.9,0.1375,1,22.72,24.45,3.83,"SIMP:Bird Island"
"JBMP","Boullanger Island 2.5",2010,40.75,-30.31406,115.00243,-3,0.1063,4,23.81,25.01,2.37,"JBMP:Boullanger Island 2.5"
"JBMP","Boullanger Island 3.5",2010,42.7916666666667,-30.31232,115.00273,-3.6,0.1063,4,23.81,25.01,2.37,"JBMP:Boullanger Island 3.5"
"JBMP","Boullanger Island 5.5",2010,33.625,-30.3114,115.00292,-5.6,0.1063,4,23.81,25.01,2.37,"JBMP:Boullanger Island 5.5"
"CSMC","Carnac Island",2010,24.25,-32.12077,115.6775,-4,0.1101,1,22.73,24.36,3.52,"CSMC:Carnac Island"
"CSMC","Coogee",2010,22.5416666666667,-32.11173,115.76136,-4.9,0.1101,1,22.73,24.36,3.52,"CSMC:Coogee"
"JBMP","Fishermans Island 2.5",2010,64.2083333333333,-30.13472,114.99792,-3,0.1211,4,23.52,24.57,2.44,"JBMP:Fishermans Island 2.5"
"JBMP","Fishermans Island 3.5",2010,40.125,-30.12717,114.99594,-4.7,0.1211,4,23.52,24.57,2.44,"JBMP:Fishermans Island 3.5"
"JBMP","Fishermans Island 5.5",2010,40.9583333333333,-30.13702,114.9912,-4.2,0.1211,4,23.52,24.57,2.44,"JBMP:Fishermans Island 5.5"
"CSMC","Garden Island 2.0m",2010,35.5,-32.15816,115.67134,-2,0.1105,1,23.02,24.81,3.92,"CSMC:Garden Island 2.0m"
"CSMC","Garden Island 2.5m",2010,23.7083333333333,-32.15985,115.6716,-2.4,0.1105,1,23.02,24.81,3.92,"CSMC:Garden Island 2.5m"
"CSMC","Garden Island 3.2m",2010,26.3333333333333,-32.15979,115.67257,-3.1,0.1105,1,23.02,24.81,3.92,"CSMC:Garden Island 3.2m"
"CSMC","Garden Island 5.5m",2010,26.1666666666667,-32.16018,115.67949,-4.6,0.1105,1,23.02,24.81,3.92,"CSMC:Garden Island 5.5m"
"CSMC","Garden Island 7.0m",2010,23,-32.15908,115.68062,-6.8,0.1105,1,23.02,24.81,3.92,"CSMC:Garden Island 7.0m"
"CSMC","Garden Island Settlement",2010,22.125,-32.21313,115.68872,-1.2,0.125,1,23.02,24.81,3.92,"CSMC:Garden Island Settlement"
"CSMC","Jervoise Bay",2010,22.8333333333333,-32.1723,115.77004,-4.5,0.1179,1,23.02,24.81,3.92,"CSMC:Jervoise Bay"
"CSMC","Kwinana",2010,38.375,-32.19181,115.74355,-5.2,0.1179,1,23.02,24.81,3.92,"CSMC:Kwinana"
"CSMC","Luscombe Bay",2010,31.25,-32.16672,115.67521,-1.5,0.11,1,23.02,24.81,3.92,"CSMC:Luscombe Bay"
"CSMC","Mangles Bay",2010,14.8333333333333,-32.27244,115.71357,-3.4,0.1714,1,22.17,23.87,3.61,"CSMC:Mangles Bay"
"SIMP","Mersey Point",2010,27.2083333333333,-32.31039,115.70226,-2.2,0.1256,1,22.74,24.47,3.83,"SIMP:Mersey Point"
"CSMC","Southern Flats",2010,35.5416666666667,-32.24142,115.70671,-2.1,0.125,1,22.17,23.87,3.61,"CSMC:Southern Flats"
"SIMP","Warnbro Sound 2.0m",2010,37.9166666666667,-32.3144,115.71409,-2.1,0.1256,2,22.74,24.47,3.83,"SIMP:Warnbro Sound 2.0m"
"SIMP","Warnbro Sound 2.5m",2010,33.5,-32.31476,115.71415,-2.4,0.1256,2,22.74,24.47,3.83,"SIMP:Warnbro Sound 2.5m"
"SIMP","Warnbro Sound 3.2m",2010,19.1666666666667,-32.3149,115.71425,-3.1,0.1256,2,22.74,24.47,3.83,"SIMP:Warnbro Sound 3.2m"
"SIMP","Warnbro Sound 5.2m",2010,25.2083333333333,-32.3162,115.71393,-6,0.1256,2,22.74,24.47,3.83,"SIMP:Warnbro Sound 5.2m"
"SIMP","Warnbro Sound 7.0m",2010,8.33333333333333,-32.31639,115.71428,-11.8,0.1435,2,22.74,24.47,3.83,"SIMP:Warnbro Sound 7.0m"
"CSMC","Woodman Point",2010,19.8333333333333,-32.12859,115.73774,-3.8,0.1275,1,22.73,24.36,3.52,"CSMC:Woodman Point"
"SIMP","Bird Island",2011,23.7916666666667,-32.27733,115.69471,-1.9,0.1133,1,22.75,24.35,3.39,"SIMP:Bird Island"
"JBMP","Boullanger Island 2.5",2011,34.6666666666667,-30.31406,115.00243,-3,0.1003,4,23.49,25.84,3.63,"JBMP:Boullanger Island 2.5"
"JBMP","Boullanger Island 3.5",2011,34.875,-30.31232,115.00273,-3.6,0.1003,4,23.49,25.84,3.63,"JBMP:Boullanger Island 3.5"
"JBMP","Boullanger Island 5.5",2011,24.25,-30.3114,115.00292,-5.6,0.1003,4,23.49,25.84,3.63,"JBMP:Boullanger Island 5.5"
"CSMC","Carnac Island",2011,23.5416666666667,-32.12077,115.6775,-4,0.0909,1,22.75,24.18,3.16,"CSMC:Carnac Island"
"CSMC","Coogee",2011,29.7916666666667,-32.11173,115.76136,-4.9,0.0909,1,22.75,24.18,3.16,"CSMC:Coogee"
"JBMP","Fishermans Island 2.5",2011,47.0416666666667,-30.13472,114.99792,-3,0.115,4,23.23,25.4,3.34,"JBMP:Fishermans Island 2.5"
"JBMP","Fishermans Island 3.5",2011,19.0833333333333,-30.12717,114.99594,-4.7,0.115,4,23.23,25.4,3.34,"JBMP:Fishermans Island 3.5"
"JBMP","Fishermans Island 5.5",2011,31.5833333333333,-30.13702,114.9912,-4.2,0.115,4,23.23,25.4,3.34,"JBMP:Fishermans Island 5.5"
"CSMC","Garden Island 2.0m",2011,39.8333333333333,-32.15816,115.67134,-2,0.0907,1,23.04,24.65,3.45,"CSMC:Garden Island 2.0m"
"CSMC","Garden Island 2.5m",2011,23.125,-32.15985,115.6716,-2.4,0.0907,1,23.04,24.65,3.45,"CSMC:Garden Island 2.5m"
"CSMC","Garden Island 3.2m",2011,26.8333333333333,-32.15979,115.67257,-3.1,0.0907,1,23.04,24.65,3.45,"CSMC:Garden Island 3.2m"
"CSMC","Garden Island 5.5m",2011,27.7916666666667,-32.16018,115.67949,-4.6,0.0907,1,23.04,24.65,3.45,"CSMC:Garden Island 5.5m"
"CSMC","Garden Island 7.0m",2011,21.375,-32.15908,115.68062,-6.8,0.0907,1,23.04,24.65,3.45,"CSMC:Garden Island 7.0m"
"CSMC","Garden Island Settlement",2011,30.625,-32.21313,115.68872,-1.2,0.1047,1,23.04,24.65,3.45,"CSMC:Garden Island Settlement"
"MMP","Hillarys Channel",2011,8.33333333333333,-31.822617,115.721312,-5.9,0.0865,4,23.83,25.96,4.19,"MMP:Hillarys Channel"
"CSMC","Jervoise Bay",2011,23.6666666666667,-32.1723,115.77004,-4.5,0.0917,1,23.04,24.65,3.45,"CSMC:Jervoise Bay"
"CSMC","Kwinana",2011,25.9583333333333,-32.19181,115.74355,-5.2,0.0917,1,23.04,24.65,3.45,"CSMC:Kwinana"
"CSMC","Luscombe Bay",2011,31.625,-32.16672,115.67521,-1.5,0.0867,1,23.04,24.65,3.45,"CSMC:Luscombe Bay"
"CSMC","Mangles Bay",2011,17.0833333333333,-32.27244,115.71357,-3.4,0.1413,1,22.21,23.7,3.23,"CSMC:Mangles Bay"
"SIMP","Mersey Point",2011,38.25,-32.31039,115.70226,-2.2,0.1041,1,22.77,24.35,3.33,"SIMP:Mersey Point"
"MMP","North Beach",2011,9.40909090909091,-31.841652,115.735461,-8.9,0.0919,4,22.33,23.32,2.26,"MMP:North Beach"
"MMP","Ocean Reef Outer",2011,4.08333333333333,-31.774018,115.717537,-8.9,0.1052,4,22.62,23.7,2.42,"MMP:Ocean Reef Outer"
"CSMC","Southern Flats",2011,34.875,-32.24142,115.70671,-2.1,0.1047,1,22.21,23.7,3.23,"CSMC:Southern Flats"
"SIMP","Warnbro Sound 2.0m",2011,38.375,-32.3144,115.71409,-2.1,0.1041,2,22.77,24.35,3.33,"SIMP:Warnbro Sound 2.0m"
"SIMP","Warnbro Sound 2.5m",2011,35.0416666666667,-32.31476,115.71415,-2.4,0.1041,2,22.77,24.35,3.33,"SIMP:Warnbro Sound 2.5m"
"SIMP","Warnbro Sound 3.2m",2011,14.25,-32.3149,115.71425,-3.1,0.1041,2,22.77,24.35,3.33,"SIMP:Warnbro Sound 3.2m"
"SIMP","Warnbro Sound 5.2m",2011,24.875,-32.3162,115.71393,-6,0.1041,2,22.77,24.35,3.33,"SIMP:Warnbro Sound 5.2m"
"SIMP","Warnbro Sound 7.0m",2011,9.91666666666667,-32.31639,115.71428,-11.8,0.1035,2,22.77,24.35,3.33,"SIMP:Warnbro Sound 7.0m"
"CSMC","Woodman Point",2011,10.5833333333333,-32.12859,115.73774,-3.8,0.1007,1,22.75,24.18,3.16,"CSMC:Woodman Point"
"SIMP","Becher Point",2012,23.5833333333333,-32.37232299,115.706082,-3.4,0.104,4,23.78,25.87,4.01,"SIMP:Becher Point"
"SIMP","Becher Point SZ",2012,27.875,-32.366256,115.705302,-2.8,0.1005,4,23.78,25.87,4.01,"SIMP:Becher Point SZ"
"SIMP","Bird Island",2012,20.5833333333333,-32.27733,115.69471,-1.9,0.1322,1,23.6,25.66,4.02,"SIMP:Bird Island"
"JBMP","Boullanger Island 2.5",2012,25,-30.31406,115.00243,-3,0.1204,4,25.47,28.77,4.66,"JBMP:Boullanger Island 2.5"
"JBMP","Boullanger Island 3.5",2012,29.3333333333333,-30.31232,115.00273,-3.6,0.1204,4,25.47,28.77,4.66,"JBMP:Boullanger Island 3.5"
"JBMP","Boullanger Island 5.5",2012,27.1666666666667,-30.3114,115.00292,-5.6,0.1204,4,25.47,28.77,4.66,"JBMP:Boullanger Island 5.5"
"NCMP","Buayanup",2012,58.0416666666667,-33.65233,115.2484,-3.6,0.2071,2,24.04,25.86,3.23,"NCMP:Buayanup"
"MMP","Burns Rocks",2012,8.83333333333333,-31.730138,115.708352,-10.7,0.0727,4,23.86,26.03,4.25,"MMP:Burns Rocks"
"NCMP","Busselton Jetty",2012,36.7916666666667,-33.63896,115.34315,-3.8,0.1468,2,24.04,25.92,3.34,"NCMP:Busselton Jetty"
"CSMC","Carnac Island",2012,30.875,-32.12077,115.6775,-4,0.0909,1,23.6,25.61,4.01,"CSMC:Carnac Island"
"CSMC","Causeway",2012,18.6666666666667,-32.26047998,115.70012,-5.1,0.1322,1,23.21,25.96,5.49,"CSMC:Causeway"
"CSMC","Coogee",2012,16.6666666666667,-32.11173,115.76136,-4.9,0.0985,1,23.6,25.61,4.01,"CSMC:Coogee"
"NCMP","Dunsborough",2012,59.9583333333333,-33.61654,115.12865,-3.6,0.0995,2,24.03,25.82,3.14,"NCMP:Dunsborough"
"JBMP","Fishermans Island 2.5",2012,47.4166666666667,-30.13472,114.99792,-3,0.1328,4,25.07,28.02,4.48,"JBMP:Fishermans Island 2.5"
"JBMP","Fishermans Island 3.5",2012,25.8695652173913,-30.12717,114.99594,-4.7,0.1328,4,25.07,28.02,4.48,"JBMP:Fishermans Island 3.5"
"JBMP","Fishermans Island 5.5",2012,28.9166666666667,-30.13702,114.9912,-4.2,0.1328,4,25.07,28.02,4.48,"JBMP:Fishermans Island 5.5"
"NCMP","Forrest Beach",2012,52.125,-33.57295,115.44908,-4.6,0.1581,2,23.97,25.88,3.4,"NCMP:Forrest Beach"
"CSMC","Garden Island 2.0m",2012,35.2916666666667,-32.15816,115.67134,-2,0.1003,1,24.15,26.58,4.47,"CSMC:Garden Island 2.0m"
"CSMC","Garden Island 2.5m",2012,27.625,-32.15985,115.6716,-2.4,0.1003,1,24.15,26.58,4.47,"CSMC:Garden Island 2.5m"
"CSMC","Garden Island 3.2m",2012,21.0833333333333,-32.15979,115.67257,-3.1,0.1003,1,24.15,26.58,4.47,"CSMC:Garden Island 3.2m"
"CSMC","Garden Island 5.5m",2012,19.1666666666667,-32.16018,115.67949,-4.6,0.1003,1,24.15,26.58,4.47,"CSMC:Garden Island 5.5m"
"CSMC","Garden Island 7.0m",2012,8.375,-32.15908,115.68062,-6.8,0.1003,1,24.15,26.58,4.47,"CSMC:Garden Island 7.0m"
"MMP","Hillarys Channel",2012,9.58333333333333,-31.822617,115.721312,-5.9,0.0903,4,23.83,25.96,4.19,"MMP:Hillarys Channel"
"CSMC","Jervoise Bay",2012,14.125,-32.1723,115.77004,-4.5,0.1053,1,24.15,26.58,4.47,"CSMC:Jervoise Bay"
"CSMC","Kwinana",2012,20.4583333333333,-32.19181,115.74355,-5.2,0.1053,1,24.15,26.58,4.47,"CSMC:Kwinana"
"CSMC","Mangles Bay",2012,12.3333333333333,-32.27244,115.71357,-3.4,0.1661,1,23.21,25.96,5.49,"CSMC:Mangles Bay"
"SIMP","Mersey Point",2012,22.5416666666667,-32.31039,115.70226,-2.2,0.1143,1,23.68,25.76,4.04,"SIMP:Mersey Point"
"MMP","Mullaloo",2012,12.875,-31.781429,115.725362,-10.3,0.1133,4,23.84,25.99,4.21,"MMP:Mullaloo"
"MMP","North Beach",2012,12.9166666666667,-31.841652,115.735461,-8.9,0.0969,4,23.56,25.9,4.7,"MMP:North Beach"
"MMP","Ocean Reef Outer",2012,6.58333333333333,-31.774018,115.717537,-8.9,0.1133,4,23.84,25.99,4.21,"MMP:Ocean Reef Outer"
"SIMP","Penguin Island",2012,29.25,-32.30144997,115.69378,-2.9,0.1143,1,23.68,25.76,4.04,"SIMP:Penguin Island"
"NCMP","Port Geographe",2012,36.9166666666667,-33.62846,115.3824,-3.7,0.2216,2,23.97,25.88,3.4,"NCMP:Port Geographe"
"SIMP","Port Kennedy",2012,22.875,-32.36452304,115.726798,-1.6,0.1174,1,23.78,25.87,4.01,"SIMP:Port Kennedy"
"SIMP","Seal Island",2012,22.6666666666667,-32.29040002,115.695982,-4.1,0.1322,1,23.6,25.66,4.02,"SIMP:Seal Island"
"MMP","Sorrento",2012,5.04166666666667,-31.8298,115.740788,-7.3,0.0903,4,23.56,25.9,4.7,"MMP:Sorrento"
"CSMC","Southern Flats",2012,25,-32.24142,115.70671,-2.1,0.1176,1,23.21,25.96,5.49,"CSMC:Southern Flats"
"NCMP","Vasse Diversion",2012,33.7916666666667,-33.64746,115.32379,-3.9,0.2713,2,24.02,25.9,3.3,"NCMP:Vasse Diversion"
"NCMP","Vasse-Wonnerup",2012,37.0416666666667,-33.60188,115.42345,-4.9,0.2216,2,23.97,25.88,3.4,"NCMP:Vasse-Wonnerup"
"SIMP","Warnbro Sound 2.0m",2012,23.5416666666667,-32.3144,115.71409,-2.1,0.1143,2,23.68,25.76,4.04,"SIMP:Warnbro Sound 2.0m"
"SIMP","Warnbro Sound 2.5m",2012,24.4583333333333,-32.31476,115.71415,-2.4,0.1143,2,23.68,25.76,4.04,"SIMP:Warnbro Sound 2.5m"
"SIMP","Warnbro Sound 3.2m",2012,10.2083333333333,-32.3149,115.71425,-3.1,0.1143,2,23.68,25.76,4.04,"SIMP:Warnbro Sound 3.2m"
"SIMP","Warnbro Sound 5.2m",2012,19.3333333333333,-32.3162,115.71393,-6,0.1143,2,23.68,25.76,4.04,"SIMP:Warnbro Sound 5.2m"
"SIMP","Warnbro Sound 7.0m",2012,9.58333333333333,-32.31639,115.71428,-11.8,0.1089,2,23.68,25.76,4.04,"SIMP:Warnbro Sound 7.0m"
"CSMC","Woodman Point",2012,7.16666666666667,-32.12859,115.73774,-3.8,0.1136,1,23.6,25.61,4.01,"CSMC:Woodman Point"
"MMP","Wreck Rock",2012,9.625,-31.803238,115.718603,-5.7,0.0903,4,23.83,25.96,4.19,"MMP:Wreck Rock"
"SIMP","Becher Point",2013,27.75,-32.37232299,115.706082,-3.4,0.1005,4,23.5,25.85,4.83,"SIMP:Becher Point"
"SIMP","Becher Point SZ",2013,29.9047619047619,-32.366256,115.705302,-2.8,0.1005,4,23.5,25.85,4.83,"SIMP:Becher Point SZ"
"SIMP","Bird Island",2013,23.2083333333333,-32.27733,115.69471,-1.9,0.1317,1,23.33,25.83,4.91,"SIMP:Bird Island"
"CSMC","Carnac Island",2013,27.6666666666667,-32.12077,115.6775,-4,0.0909,1,23.33,25.72,4.72,"CSMC:Carnac Island"
"CSMC","Causeway",2013,15.5714285714286,-32.26047998,115.70012,-5.1,0.1317,1,22.9,25.43,5.29,"CSMC:Causeway"
"CSMC","Coogee",2013,24.25,-32.11173,115.76136,-4.9,0.0948,1,23.33,25.72,4.72,"CSMC:Coogee"
"CSMC","Garden Island 2.0m",2013,31.6666666666667,-32.15816,115.67134,-2,0.1025,1,23.81,26.67,5.38,"CSMC:Garden Island 2.0m"
"CSMC","Garden Island 2.5m",2013,19,-32.15985,115.6716,-2.4,0.1025,1,23.81,26.67,5.38,"CSMC:Garden Island 2.5m"
"CSMC","Garden Island 3.2m",2013,22.5416666666667,-32.15979,115.67257,-3.1,0.1025,1,23.81,26.67,5.38,"CSMC:Garden Island 3.2m"
"CSMC","Garden Island 5.5m",2013,18.0416666666667,-32.16018,115.67949,-4.6,0.1025,1,23.81,26.67,5.38,"CSMC:Garden Island 5.5m"
"CSMC","Garden Island 7.0m",2013,12.2916666666667,-32.15908,115.68062,-6.8,0.1025,1,23.81,26.67,5.38,"CSMC:Garden Island 7.0m"
"CSMC","Garden Island Settlement",2013,27.9166666666667,-32.21313,115.68872,-1.2,0.1277,1,23.81,26.67,5.38,"CSMC:Garden Island Settlement"
"CSMC","Jervoise Bay",2013,10.75,-32.1723,115.77004,-4.5,0.1181,1,23.81,26.67,5.38,"CSMC:Jervoise Bay"
"CSMC","Kwinana",2013,25.375,-32.19181,115.74355,-5.2,0.1181,1,23.81,26.67,5.38,"CSMC:Kwinana"
"CSMC","Luscombe Bay",2013,29.125,-32.16672,115.67521,-1.5,0.1056,1,23.81,26.67,5.38,"CSMC:Luscombe Bay"
"CSMC","Mangles Bay",2013,17.25,-32.27244,115.71357,-3.4,0.1682,1,22.9,25.43,5.29,"CSMC:Mangles Bay"
"SIMP","Mersey Point",2013,19.2916666666667,-32.31039,115.70226,-2.2,0.1065,1,23.41,25.92,4.96,"SIMP:Mersey Point"
"SIMP","Penguin Island",2013,22.9583333333333,-32.30144997,115.69378,-2.9,0.1065,1,23.41,25.92,4.96,"SIMP:Penguin Island"
"SIMP","Port Kennedy",2013,21.8333333333333,-32.36452304,115.726798,-1.6,0.114,1,23.5,25.85,4.83,"SIMP:Port Kennedy"
"SIMP","Seal Island",2013,28.9583333333333,-32.29040002,115.695982,-4.1,0.1317,1,23.33,25.83,4.91,"SIMP:Seal Island"
"CSMC","Southern Flats",2013,33.4166666666667,-32.24142,115.70671,-2.1,0.1277,1,22.9,25.43,5.29,"CSMC:Southern Flats"
"SIMP","Warnbro Sound 2.0m",2013,29.8333333333333,-32.3144,115.71409,-2.1,0.1065,2,23.41,25.92,4.96,"SIMP:Warnbro Sound 2.0m"
"SIMP","Warnbro Sound 2.5m",2013,39.875,-32.31476,115.71415,-2.4,0.1065,2,23.41,25.92,4.96,"SIMP:Warnbro Sound 2.5m"
"SIMP","Warnbro Sound 3.2m",2013,18.75,-32.3149,115.71425,-3.1,0.1065,2,23.41,25.92,4.96,"SIMP:Warnbro Sound 3.2m"
"SIMP","Warnbro Sound 5.2m",2013,16.6666666666667,-32.3162,115.71393,-6,0.1065,2,23.41,25.92,4.96,"SIMP:Warnbro Sound 5.2m"
"SIMP","Warnbro Sound 7.0m",2013,7.625,-32.31639,115.71428,-11.8,0.1038,2,23.41,25.92,4.96,"SIMP:Warnbro Sound 7.0m"
"CSMC","Woodman Point",2013,7.96,-32.12859,115.73774,-3.8,0.1212,1,23.33,25.72,4.72,"CSMC:Woodman Point"
"SIMP","Becher Point",2014,24.2916666666667,-32.37232299,115.706082,-3.4,0.1075,4,23.46,25.05,4.09,"SIMP:Becher Point"
"SIMP","Becher Point SZ",2014,26.5416666666667,-32.366256,115.705302,-2.8,0.1075,4,23.46,25.05,4.09,"SIMP:Becher Point SZ"
"SIMP","Bird Island",2014,26.4583333333333,-32.27733,115.69471,-1.9,0.1327,1,23.27,24.99,4.16,"SIMP:Bird Island"
"JBMP","Boullanger Island 2.5",2014,24.875,-30.31406,115.00243,-3,0.1002,4,24.46,26.53,3.73,"JBMP:Boullanger Island 2.5"
"JBMP","Boullanger Island 3.5",2014,31.9166666666667,-30.31232,115.00273,-3.6,0.1002,4,24.46,26.53,3.73,"JBMP:Boullanger Island 3.5"
"JBMP","Boullanger Island 5.5",2014,27.4166666666667,-30.3114,115.00292,-5.6,0.1002,4,24.46,26.53,3.73,"JBMP:Boullanger Island 5.5"
"NCMP","Buayanup",2014,48.5416666666667,-33.65233,115.2484,-3.6,0.2383,2,23.5,25.54,4.2,"NCMP:Buayanup"
"MMP","Burns Rocks",2014,20.1666666666667,-31.730138,115.708352,-10.7,0.0709,4,23.41,24.8,3.68,"MMP:Burns Rocks"
"NCMP","Busselton Jetty",2014,44.7916666666667,-33.63896,115.34315,-3.8,0.1734,2,23.54,25.57,4.42,"NCMP:Busselton Jetty"
"CSMC","Carnac Island",2014,33.125,-32.12077,115.6775,-4,0.0989,1,23.31,24.77,3.87,"CSMC:Carnac Island"
"CSMC","Causeway",2014,12.9166666666667,-32.26047998,115.70012,-5.1,0.1327,1,22.84,24.65,4.15,"CSMC:Causeway"
"JBMP","Cervantes Island",2014,29.125,-30.52935,115.0485,-4.2,0.0936,3,23.94,25.56,3.68,"JBMP:Cervantes Island"
"CSMC","Coogee",2014,18.0416666666667,-32.11173,115.76136,-4.9,0.0989,1,23.31,24.77,3.87,"CSMC:Coogee"
"NCMP","Dunsborough",2014,50.1666666666667,-33.61654,115.12865,-3.6,0.1087,2,23.47,25.45,3.96,"NCMP:Dunsborough"
"JBMP","Fishermans Island 2.5",2014,44.875,-30.13472,114.99792,-3,0.1124,4,24.12,25.75,3.16,"JBMP:Fishermans Island 2.5"
"JBMP","Fishermans Island 3.5",2014,29.0416666666667,-30.12717,114.99594,-4.7,0.1124,4,24.12,25.75,3.16,"JBMP:Fishermans Island 3.5"
"JBMP","Fishermans Island 5.5",2014,28.75,-30.13702,114.9912,-4.2,0.1124,4,24.12,25.75,3.16,"JBMP:Fishermans Island 5.5"
"NCMP","Forrest Beach",2014,43.8260869565217,-33.57295,115.44908,-4.6,0.1766,2,23.5,25.45,4.46,"NCMP:Forrest Beach"
"CSMC","Garden Island 2.0m",2014,32.375,-32.15816,115.67134,-2,0.1033,1,23.76,25.55,4.34,"CSMC:Garden Island 2.0m"
"CSMC","Garden Island 2.5m",2014,27,-32.15985,115.6716,-2.4,0.1033,1,23.76,25.55,4.34,"CSMC:Garden Island 2.5m"
"CSMC","Garden Island 3.2m",2014,31.6666666666667,-32.15979,115.67257,-3.1,0.1033,1,23.76,25.55,4.34,"CSMC:Garden Island 3.2m"
"CSMC","Garden Island 5.5m",2014,19.8333333333333,-32.16018,115.67949,-4.6,0.1033,1,23.76,25.55,4.34,"CSMC:Garden Island 5.5m"
"CSMC","Garden Island 7.0m",2014,20.9166666666667,-32.15908,115.68062,-6.8,0.1033,1,23.76,25.55,4.34,"CSMC:Garden Island 7.0m"
"CSMC","Garden Island Settlement",2014,20.0416666666667,-32.21313,115.68872,-1.2,0.1214,1,23.76,25.55,4.34,"CSMC:Garden Island Settlement"
"JBMP","Green Island",2014,33.5833333333333,-30.68093,115.10975,-5.4,0.073,3,23.91,25.52,3.62,"JBMP:Green Island"
"MMP","Hillarys Channel",2014,18.6666666666667,-31.822617,115.721312,-5.9,0.0883,4,23.43,24.87,3.75,"MMP:Hillarys Channel"
"CSMC","Jervoise Bay",2014,10.375,-32.1723,115.77004,-4.5,0.1193,1,23.76,25.55,4.34,"CSMC:Jervoise Bay"
"JBMP","Jurien Impact Site 2.5",2014,40.5416666666667,-30.33013,115.03149,-3.9,0.1002,3,24.46,26.47,3.65,"JBMP:Jurien Impact Site 2.5"
"JBMP","Kangaroo Point",2014,33.7916666666667,-30.58201,115.08563,-4,0.0706,4,23.91,25.55,3.6,"JBMP:Kangaroo Point"
"CSMC","Kwinana",2014,14.8333333333333,-32.19181,115.74355,-5.2,0.1193,1,23.76,25.55,4.34,"CSMC:Kwinana"
"CSMC","Luscombe Bay",2014,34.9166666666667,-32.16672,115.67521,-1.5,0.1049,1,23.76,25.55,4.34,"CSMC:Luscombe Bay"
"CSMC","Mangles Bay",2014,12.6666666666667,-32.27244,115.71357,-3.4,0.1674,1,22.84,24.65,4.15,"CSMC:Mangles Bay"
"SIMP","Mersey Point",2014,24.75,-32.31039,115.70226,-2.2,0.1106,1,23.34,25.12,4.24,"SIMP:Mersey Point"
"MMP","Mullaloo",2014,14.6666666666667,-31.781429,115.725362,-10.3,0.1062,4,23.43,24.84,3.72,"MMP:Mullaloo"
"MMP","North Beach",2014,16.7916666666667,-31.841652,115.735461,-8.9,0.0956,4,23.15,24.47,3.68,"MMP:North Beach"
"MMP","Ocean Reef Outer",2014,15.4583333333333,-31.774018,115.717537,-8.9,0.1062,4,23.43,24.84,3.72,"MMP:Ocean Reef Outer"
"SIMP","Penguin Island",2014,19.4166666666667,-32.30144997,115.69378,-2.9,0.1106,1,23.34,25.12,4.24,"SIMP:Penguin Island"
"NCMP","Port Geographe",2014,40.2916666666667,-33.62846,115.3824,-3.7,0.2572,2,23.5,25.45,4.46,"NCMP:Port Geographe"
"SIMP","Port Kennedy",2014,31.0416666666667,-32.36452304,115.726798,-1.6,0.1228,1,23.46,25.05,4.09,"SIMP:Port Kennedy"
"SIMP","Seal Island",2014,20.5,-32.29040002,115.695982,-4.1,0.1327,1,23.27,24.99,4.16,"SIMP:Seal Island"
"MMP","Sorrento",2014,12,-31.8298,115.740788,-7.3,0.0883,4,23.15,24.47,3.68,"MMP:Sorrento"
"CSMC","Southern Flats",2014,27.7916666666667,-32.24142,115.70671,-2.1,0.1236,1,22.84,24.65,4.15,"CSMC:Southern Flats"
"NCMP","Vasse Diversion",2014,32.625,-33.64746,115.32379,-3.9,0.3184,2,23.49,25.55,4.3,"NCMP:Vasse Diversion"
"NCMP","Vasse-Wonnerup",2014,49.9583333333333,-33.60188,115.42345,-4.9,0.2572,2,23.5,25.45,4.46,"NCMP:Vasse-Wonnerup"
"SIMP","Warnbro Sound 2.0m",2014,37.375,-32.3144,115.71409,-2.1,0.1106,2,23.34,25.12,4.24,"SIMP:Warnbro Sound 2.0m"
"SIMP","Warnbro Sound 2.5m",2014,36.6666666666667,-32.31476,115.71415,-2.4,0.1106,2,23.34,25.12,4.24,"SIMP:Warnbro Sound 2.5m"
"SIMP","Warnbro Sound 3.2m",2014,16.9166666666667,-32.3149,115.71425,-3.1,0.1106,2,23.34,25.12,4.24,"SIMP:Warnbro Sound 3.2m"
"SIMP","Warnbro Sound 5.2m",2014,21.7083333333333,-32.3162,115.71393,-6,0.1106,2,23.34,25.12,4.24,"SIMP:Warnbro Sound 5.2m"
"SIMP","Warnbro Sound 7.0m",2014,7.04166666666667,-32.31639,115.71428,-11.8,0.1204,2,23.34,25.12,4.24,"SIMP:Warnbro Sound 7.0m"
"CSMC","Woodman Point",2014,9.46666666666667,-32.12859,115.73774,-3.8,0.1249,1,23.31,24.77,3.87,"CSMC:Woodman Point"
"MMP","Wreck Rock",2014,23.0416666666667,-31.803238,115.718603,-5.7,0.0883,4,23.43,24.87,3.75,"MMP:Wreck Rock"
"SIMP","Becher Point",2015,24,-32.37232299,115.706082,-3.4,0.1035,4,22.95,24.74,4,"SIMP:Becher Point"
"SIMP","Bird Island",2015,29.0416666666667,-32.27733,115.69471,-1.9,0.1281,1,22.84,24.75,4.18,"SIMP:Bird Island"
"NCMP","Buayanup",2015,58.125,-33.65233,115.2484,-3.6,0.2615,2,22.95,25.15,4.28,"NCMP:Buayanup"
"NCMP","Busselton Jetty",2015,42.8333333333333,-33.63896,115.34315,-3.8,0.1675,2,23.02,25.2,4.38,"NCMP:Busselton Jetty"
"CSMC","Carnac Island",2015,32.5,-32.12077,115.6775,-4,0.0989,1,22.88,24.84,4.15,"CSMC:Carnac Island"
"CSMC","Coogee",2015,27.5,-32.11173,115.76136,-4.9,0.0953,1,22.88,24.84,4.15,"CSMC:Coogee"
"NCMP","Dunsborough",2015,54.1666666666667,-33.61654,115.12865,-3.6,0.115,2,22.86,24.94,4.08,"NCMP:Dunsborough"
"NCMP","Forrest Beach",2015,46.4583333333333,-33.57295,115.44908,-4.6,0.1766,2,22.97,25.03,4.31,"NCMP:Forrest Beach"
"CSMC","Garden Island 2.0m",2015,51.1666666666667,-32.15816,115.67134,-2,0.1015,1,23.18,25.36,4.54,"CSMC:Garden Island 2.0m"
"CSMC","Garden Island 2.5m",2015,30.8333333333333,-32.15985,115.6716,-2.4,0.1015,1,23.18,25.36,4.54,"CSMC:Garden Island 2.5m"
"CSMC","Garden Island 3.2m",2015,31.625,-32.15979,115.67257,-3.1,0.1015,1,23.18,25.36,4.54,"CSMC:Garden Island 3.2m"
"CSMC","Garden Island 5.5m",2015,20.9166666666667,-32.16018,115.67949,-4.6,0.1015,1,23.18,25.36,4.54,"CSMC:Garden Island 5.5m"
"CSMC","Garden Island 7.0m",2015,23.5416666666667,-32.15908,115.68062,-6.8,0.1015,1,23.18,25.36,4.54,"CSMC:Garden Island 7.0m"
"CSMC","Garden Island Settlement",2015,19.25,-32.21313,115.68872,-1.2,0.1148,1,23.18,25.36,4.54,"CSMC:Garden Island Settlement"
"CSMC","Jervoise Bay",2015,10.9166666666667,-32.1723,115.77004,-4.5,0.123,1,23.18,25.36,4.54,"CSMC:Jervoise Bay"
"CSMC","Kwinana",2015,26.8333333333333,-32.19181,115.74355,-5.2,0.123,1,23.18,25.36,4.54,"CSMC:Kwinana"
"CSMC","Luscombe Bay",2015,34.125,-32.16672,115.67521,-1.5,0.1053,1,23.18,25.36,4.54,"CSMC:Luscombe Bay"
"NCMP","MS 1",2015,10.7916666666667,-33.60164098,115.136821,-10.3,0.115,2,22.86,24.94,4.08,"NCMP:MS 1"
"NCMP","MS 2",2015,17.3333333333333,-33.62425997,115.203746,-8.3,0.2615,2,22.95,25.15,4.28,"NCMP:MS 2"
"NCMP","MS 3",2015,29.5416666666667,-33.62756697,115.295172,-9.7,0.295,2,22.95,25.18,4.34,"NCMP:MS 3"
"NCMP","MS 4",2015,34.25,-33.57941201,115.41239,-10.3,0.2288,2,22.97,25.03,4.31,"NCMP:MS 4"
"NCMP","MS 6",2015,31.75,-33.60354099,115.360377,-10.4,0.2288,2,22.97,25.03,4.31,"NCMP:MS 6"
"CSMC","Mangles Bay",2015,11.75,-32.27244,115.71357,-3.4,0.162,1,22.33,24.21,4.57,"CSMC:Mangles Bay"
"SIMP","Mersey Point",2015,19.5416666666667,-32.31039,115.70226,-2.2,0.1065,1,22.86,24.74,4.14,"SIMP:Mersey Point"
"NCMP","OS 1",2015,16.25,-33.59011201,115.150849,-18,0.115,2,22.86,24.94,4.08,"NCMP:OS 1"
"NCMP","OS 2",2015,18.2083333333333,-33.597905,115.211634,-16.2,0.2615,2,22.95,25.15,4.28,"NCMP:OS 2"
"NCMP","OS 3",2015,10.9583333333333,-33.594655,115.291166,-16.4,0.295,2,22.95,25.18,4.34,"NCMP:OS 3"
"NCMP","OS 4",2015,14.9166666666667,-33.54436702,115.369983,-16.1,0.2288,2,22.97,25.03,4.31,"NCMP:OS 4"
"NCMP","OS 6",2015,13.9166666666667,-33.56837598,115.333367,-16.3,0.2288,2,22.97,25.03,4.31,"NCMP:OS 6"
"SIMP","Penguin Island",2015,32.1666666666667,-32.30144997,115.69378,-2.9,0.1065,1,22.86,24.74,4.14,"SIMP:Penguin Island"
"NCMP","Port Geographe",2015,45.375,-33.62846,115.3824,-3.7,0.2288,2,22.97,25.03,4.31,"NCMP:Port Geographe"
"SIMP","Seal Island",2015,23.2083333333333,-32.29040002,115.695982,-4.1,0.1281,1,22.84,24.75,4.18,"SIMP:Seal Island"
"CSMC","Southern Flats",2015,33.6190476190476,-32.24142,115.70671,-2.1,0.1214,1,22.33,24.21,4.57,"CSMC:Southern Flats"
"NCMP","Vasse Diversion",2015,33.1666666666667,-33.64746,115.32379,-3.9,0.295,2,22.95,25.18,4.34,"NCMP:Vasse Diversion"
"NCMP","Vasse-Wonnerup",2015,47.9166666666667,-33.60188,115.42345,-4.9,0.2288,2,22.97,25.03,4.31,"NCMP:Vasse-Wonnerup"
"SIMP","Warnbro Sound 2.0m",2015,27.9583333333333,-32.3144,115.71409,-2.1,0.1065,2,22.86,24.74,4.14,"SIMP:Warnbro Sound 2.0m"
"SIMP","Warnbro Sound 2.5m",2015,38.2916666666667,-32.31476,115.71415,-2.4,0.1065,2,22.86,24.74,4.14,"SIMP:Warnbro Sound 2.5m"
"SIMP","Warnbro Sound 3.2m",2015,18.3333333333333,-32.3149,115.71425,-3.1,0.1065,2,22.86,24.74,4.14,"SIMP:Warnbro Sound 3.2m"
"SIMP","Warnbro Sound 5.2m",2015,28.3333333333333,-32.3162,115.71393,-6,0.1065,2,22.86,24.74,4.14,"SIMP:Warnbro Sound 5.2m"
"SIMP","Warnbro Sound 7.0m",2015,8.29166666666667,-32.31639,115.71428,-11.8,0.1107,2,22.86,24.74,4.14,"SIMP:Warnbro Sound 7.0m"
"CSMC","Woodman Point",2015,7.63333333333333,-32.12859,115.73774,-3.8,0.1199,1,22.88,24.84,4.15,"CSMC:Woodman Point"
"SIMP","Becher Point",2016,23.1739130434783,-32.37232299,115.706082,-3.4,0.0996,4,23.01,24.37,3.45,"SIMP:Becher Point"
"SIMP","Becher Point SZ",2016,27.375,-32.366256,115.705302,-2.8,0.0996,4,23.01,24.37,3.45,"SIMP:Becher Point SZ"
"SIMP","Bird Island",2016,22.5416666666667,-32.27733,115.69471,-1.9,0.12,1,22.9,24.66,3.72,"SIMP:Bird Island"
"JBMP","Boullanger Island 2.5",2016,28.5833333333333,-30.31406,115.00243,-3,0.1012,4,23.7,25.23,3.27,"JBMP:Boullanger Island 2.5"
"JBMP","Boullanger Island 5.5",2016,18.3333333333333,-30.3114,115.00292,-5.6,0.1012,4,23.7,25.23,3.27,"JBMP:Boullanger Island 5.5"
"NCMP","Buayanup",2016,53.2916666666667,-33.65233,115.2484,-3.6,0.2875,2,22.81,25.09,4.07,"NCMP:Buayanup"
"NCMP","Busselton Jetty",2016,43.875,-33.63896,115.34315,-3.8,0.1726,2,22.9,25.27,4.36,"NCMP:Busselton Jetty"
"CSMC","Carnac Island",2016,31.8333333333333,-32.12077,115.6775,-4,0.0989,1,22.88,24.84,4.15,"CSMC:Carnac Island"
"CSMC","Causeway",2016,21.3333333333333,-32.26047998,115.70012,-5.1,0.12,1,22.4,23.89,4.24,"CSMC:Causeway"
"JBMP","Cervantes Island",2016,24.75,-30.52935,115.0485,-4.2,0.1013,3,23.35,24.64,3.22,"JBMP:Cervantes Island"
"CSMC","Coogee",2016,21.304347826087,-32.11173,115.76136,-4.9,0.0928,1,22.88,24.84,4.15,"CSMC:Coogee"
"NCMP","Dunsborough",2016,58.7916666666667,-33.61654,115.12865,-3.6,0.1181,2,22.69,24.97,3.75,"NCMP:Dunsborough"
"JBMP","Fishermans Island 2.5",2016,31.5416666666667,-30.13472,114.99792,-3,0.1244,4,23.38,24.68,2.99,"JBMP:Fishermans Island 2.5"
"JBMP","Fishermans Island 3.5",2016,29.875,-30.12717,114.99594,-4.7,0.1244,4,23.38,24.68,2.99,"JBMP:Fishermans Island 3.5"
"JBMP","Fishermans Island 5.5",2016,29.7083333333333,-30.13702,114.9912,-4.2,0.1244,4,23.38,24.68,2.99,"JBMP:Fishermans Island 5.5"
"NCMP","Forrest Beach",2016,48,-33.57295,115.44908,-4.6,0.1766,2,22.87,25.35,4.41,"NCMP:Forrest Beach"
"CSMC","Garden Island 2.0m",2016,59.6666666666667,-32.15816,115.67134,-2,0.0957,1,23.25,24.82,3.8,"CSMC:Garden Island 2.0m"
"CSMC","Garden Island 2.5m",2016,30.5833333333333,-32.15985,115.6716,-2.4,0.0957,1,23.25,24.82,3.8,"CSMC:Garden Island 2.5m"
"CSMC","Garden Island 3.2m",2016,30.7083333333333,-32.15979,115.67257,-3.1,0.0957,1,23.25,24.82,3.8,"CSMC:Garden Island 3.2m"
"CSMC","Garden Island 5.5m",2016,30.5,-32.16018,115.67949,-4.6,0.0957,1,23.25,24.82,3.8,"CSMC:Garden Island 5.5m"
"CSMC","Garden Island 7.0m",2016,26.875,-32.15908,115.68062,-6.8,0.0957,1,23.25,24.82,3.8,"CSMC:Garden Island 7.0m"
"CSMC","Garden Island Settlement",2016,56.9166666666667,-32.21313,115.68872,-1.2,0.1087,1,23.25,24.82,3.8,"CSMC:Garden Island Settlement"
"JBMP","Green Island",2016,12.875,-30.68093,115.10975,-5.4,0.0722,3,23.3,24.6,3.18,"JBMP:Green Island"
"CSMC","Jervoise Bay",2016,9.75,-32.1723,115.77004,-4.5,0.1058,1,23.25,24.82,3.8,"CSMC:Jervoise Bay"
"JBMP","Jurien Impact Site 2.5",2016,32.875,-30.33013,115.03149,-3.9,0.1012,3,23.67,25.2,3.27,"JBMP:Jurien Impact Site 2.5"
"JBMP","Kangaroo Point",2016,28.875,-30.58201,115.08563,-4,0.0713,4,23.32,24.59,3.17,"JBMP:Kangaroo Point"
"CSMC","Kwinana",2016,21.2083333333333,-32.19181,115.74355,-5.2,0.1058,1,23.25,24.82,3.8,"CSMC:Kwinana"
"CSMC","Luscombe Bay",2016,37.75,-32.16672,115.67521,-1.5,0.0981,1,23.25,24.82,3.8,"CSMC:Luscombe Bay"
"CSMC","Mangles Bay",2016,12.6666666666667,-32.27244,115.71357,-3.4,0.1544,1,22.4,23.89,4.24,"CSMC:Mangles Bay"
"SIMP","Mersey Point",2016,35.6086956521739,-32.31039,115.70226,-2.2,0.1044,1,22.91,24.7,3.7,"SIMP:Mersey Point"
"SIMP","Penguin Island",2016,27.625,-32.30144997,115.69378,-2.9,0.1044,1,22.91,24.7,3.7,"SIMP:Penguin Island"
"NCMP","Port Geographe",2016,43,-33.62846,115.3824,-3.7,0.264,2,22.87,25.35,4.41,"NCMP:Port Geographe"
"SIMP","Port Kennedy",2016,22.9583333333333,-32.36452304,115.726798,-1.6,0.114,1,23.01,24.37,3.45,"SIMP:Port Kennedy"
"SIMP","Seal Island",2016,22.7916666666667,-32.29040002,115.695982,-4.1,0.12,1,22.9,24.66,3.72,"SIMP:Seal Island"
"CSMC","Southern Flats",2016,36.9166666666667,-32.24142,115.70671,-2.1,0.1148,1,22.4,23.89,4.24,"CSMC:Southern Flats"
"NCMP","Vasse Diversion",2016,27.7916666666667,-33.64746,115.32379,-3.9,0.3567,2,22.82,25.12,4.22,"NCMP:Vasse Diversion"
"NCMP","Vasse-Wonnerup",2016,46.2916666666667,-33.60188,115.42345,-4.9,0.264,2,22.87,25.35,4.41,"NCMP:Vasse-Wonnerup"
"SIMP","Warnbro Sound 2.0m",2016,30.7083333333333,-32.3144,115.71409,-2.1,0.1044,2,22.91,24.7,3.7,"SIMP:Warnbro Sound 2.0m"
"SIMP","Warnbro Sound 2.5m",2016,31.4583333333333,-32.31476,115.71415,-2.4,0.1044,2,22.91,24.7,3.7,"SIMP:Warnbro Sound 2.5m"
"SIMP","Warnbro Sound 3.2m",2016,21.5833333333333,-32.3149,115.71425,-3.1,0.1044,2,22.91,24.7,3.7,"SIMP:Warnbro Sound 3.2m"
"SIMP","Warnbro Sound 5.2m",2016,33.4583333333333,-32.3162,115.71393,-6,0.1044,2,22.91,24.7,3.7,"SIMP:Warnbro Sound 5.2m"
"SIMP","Warnbro Sound 7.0m",2016,13.8571428571429,-32.31639,115.71428,-11.8,0.1012,2,22.91,24.7,3.7,"SIMP:Warnbro Sound 7.0m"
"CSMC","Woodman Point",2016,8.36666666666667,-32.12859,115.73774,-3.8,0.1132,1,22.88,24.84,4.15,"CSMC:Woodman Point"
"SIMP","Becher Point",2017,26.0833333333333,-32.37232299,115.706082,-3.4,0.0976,4,23.02,25,3.54,"SIMP:Becher Point"
"SIMP","Becher Point SZ",2017,30.8333333333333,-32.366256,115.705302,-2.8,0.0976,4,23.02,25,3.54,"SIMP:Becher Point SZ"
"JBMP","Boullanger Island 2.5",2017,21.0416666666667,-30.31406,115.00243,-3,0.1006,4,23.71,25.45,3.16,"JBMP:Boullanger Island 2.5"
"JBMP","Boullanger Island 3.5",2017,15.5,-30.31232,115.00273,-3.6,0.1006,4,23.71,25.45,3.16,"JBMP:Boullanger Island 3.5"
"JBMP","Boullanger Island 5.5",2017,17.7916666666667,-30.3114,115.00292,-5.6,0.1006,4,23.71,25.45,3.16,"JBMP:Boullanger Island 5.5"
"NCMP","Buayanup",2017,56.3333333333333,-33.65233,115.2484,-3.6,0.2279,2,22.87,25.06,3.88,"NCMP:Buayanup"
"NCMP","Busselton Jetty",2017,43.25,-33.63896,115.34315,-3.8,0.1506,2,22.96,25.21,3.97,"NCMP:Busselton Jetty"
"CSMC","Causeway",2017,18.0833333333333,-32.26047998,115.70012,-5.1,0.1143,1,22.43,24.74,3.93,"CSMC:Causeway"
"JBMP","Cervantes Island",2017,24.7916666666667,-30.52935,115.0485,-4.2,0.0976,3,23.38,24.79,2.91,"JBMP:Cervantes Island"
"CSMC","Coogee",2017,12.5,-32.11173,115.76136,-4.9,0.0971,1,22.95,24.91,3.36,"CSMC:Coogee"
"NCMP","Dunsborough",2017,56.8333333333333,-33.61654,115.12865,-3.6,0.1042,2,22.74,24.94,3.69,"NCMP:Dunsborough"
"JBMP","Fishermans Island 2.5",2017,28.625,-30.13472,114.99792,-3,0.1182,4,23.42,24.89,2.83,"JBMP:Fishermans Island 2.5"
"JBMP","Fishermans Island 3.5",2017,16.9583333333333,-30.12717,114.99594,-4.7,0.1182,4,23.42,24.89,2.83,"JBMP:Fishermans Island 3.5"
"JBMP","Fishermans Island 5.5",2017,17.5,-30.13702,114.9912,-4.2,0.1182,4,23.42,24.89,2.83,"JBMP:Fishermans Island 5.5"
"NCMP","Forrest Beach",2017,47.25,-33.57295,115.44908,-4.6,0.1766,2,22.92,25.18,3.94,"NCMP:Forrest Beach"
"CSMC","Garden Island 2.0m",2017,30.9583333333333,-32.15816,115.67134,-2,0.097,1,23.25,25.6,3.91,"CSMC:Garden Island 2.0m"
"CSMC","Garden Island 2.5m",2017,23.3333333333333,-32.15985,115.6716,-2.4,0.097,1,23.25,25.6,3.91,"CSMC:Garden Island 2.5m"
"CSMC","Garden Island 3.2m",2017,23,-32.15979,115.67257,-3.1,0.097,1,23.25,25.6,3.91,"CSMC:Garden Island 3.2m"
"CSMC","Garden Island 5.5m",2017,13.7083333333333,-32.16018,115.67949,-4.6,0.097,1,23.25,25.6,3.91,"CSMC:Garden Island 5.5m"
"CSMC","Garden Island 7.0m",2017,20.0416666666667,-32.15908,115.68062,-6.8,0.097,1,23.25,25.6,3.91,"CSMC:Garden Island 7.0m"
"CSMC","Garden Island Settlement",2017,21.0833333333333,-32.21313,115.68872,-1.2,0.1296,1,23.25,25.6,3.91,"CSMC:Garden Island Settlement"
"JBMP","Green Island",2017,13.4583333333333,-30.68093,115.10975,-5.4,0.0723,3,23.31,24.72,2.87,"JBMP:Green Island"
"CSMC","Jervoise Bay",2017,1.95833333333333,-32.1723,115.77004,-4.5,0.1008,1,23.25,25.6,3.91,"CSMC:Jervoise Bay"
"JBMP","Jurien Impact Site 2.5",2017,30.25,-30.33013,115.03149,-3.9,0.1006,3,23.71,25.4,3.15,"JBMP:Jurien Impact Site 2.5"
"JBMP","Kangaroo Point",2017,22.2083333333333,-30.58201,115.08563,-4,0.071,4,23.33,24.74,2.9,"JBMP:Kangaroo Point"
"CSMC","Kwinana",2017,26.2916666666667,-32.19181,115.74355,-5.2,0.1008,1,23.25,25.6,3.91,"CSMC:Kwinana"
"CSMC","Luscombe Bay",2017,22.375,-32.16672,115.67521,-1.5,0.0945,1,23.25,25.6,3.91,"CSMC:Luscombe Bay"
"NCMP","MS 1",2017,17.0833333333333,-33.60164098,115.136821,-10.3,0.1042,2,22.74,24.94,3.69,"NCMP:MS 1"
"NCMP","MS 2",2017,36.0833333333333,-33.62425997,115.203746,-8.3,0.2279,2,22.87,25.06,3.88,"NCMP:MS 2"
"NCMP","MS 3",2017,34.2083333333333,-33.62756697,115.295172,-9.7,0.2797,2,22.88,25.13,3.93,"NCMP:MS 3"
"NCMP","MS 4",2017,26.375,-33.57941201,115.41239,-10.3,0.2243,2,22.92,25.18,3.94,"NCMP:MS 4"
"NCMP","MS 6",2017,30.2083333333333,-33.60354099,115.360377,-10.4,0.2243,2,22.92,25.18,3.94,"NCMP:MS 6"
"CSMC","Mangles Bay",2017,10.1666666666667,-32.27244,115.71357,-3.4,0.1434,1,22.43,24.74,3.93,"CSMC:Mangles Bay"
"SIMP","Mersey Point",2017,22.625,-32.31039,115.70226,-2.2,0.1015,1,22.93,25.18,3.78,"SIMP:Mersey Point"
"NCMP","OS 1",2017,23.0833333333333,-33.59011201,115.150849,-18,0.1042,2,22.74,24.94,3.69,"NCMP:OS 1"
"NCMP","OS 2",2017,14.8333333333333,-33.597905,115.211634,-16.2,0.2279,2,22.87,25.06,3.88,"NCMP:OS 2"
"NCMP","OS 3",2017,13.5,-33.594655,115.291166,-16.4,0.2797,2,22.88,25.13,3.93,"NCMP:OS 3"
"NCMP","OS 4",2017,16.2916666666667,-33.54436702,115.369983,-16.1,0.2243,2,22.92,25.18,3.94,"NCMP:OS 4"
"NCMP","OS 6",2017,23.875,-33.56837598,115.333367,-16.3,0.2243,2,22.92,25.18,3.94,"NCMP:OS 6"
"SIMP","Penguin Island",2017,22.7916666666667,-32.30144997,115.69378,-2.9,0.1015,1,22.93,25.18,3.78,"SIMP:Penguin Island"
"NCMP","Port Geographe",2017,32.9166666666667,-33.62846,115.3824,-3.7,0.2243,2,22.92,25.18,3.94,"NCMP:Port Geographe"
"SIMP","Port Kennedy",2017,35.625,-32.36452304,115.726798,-1.6,0.1092,1,23.02,25,3.54,"SIMP:Port Kennedy"
"SIMP","Seal Island",2017,20.625,-32.29040002,115.695982,-4.1,0.1143,1,22.92,25.11,3.67,"SIMP:Seal Island"
"CSMC","Southern Flats",2017,19.9166666666667,-32.24142,115.70671,-2.1,0.1087,1,22.43,24.74,3.93,"CSMC:Southern Flats"
"NCMP","Vasse Diversion",2017,33,-33.64746,115.32379,-3.9,0.2797,2,22.88,25.13,3.93,"NCMP:Vasse Diversion"
"NCMP","Vasse-Wonnerup",2017,48.4166666666667,-33.60188,115.42345,-4.9,0.2243,2,22.92,25.18,3.94,"NCMP:Vasse-Wonnerup"
"SIMP","Warnbro Sound 2.0m",2017,2.625,-32.3144,115.71409,-2.1,0.1015,2,22.93,25.18,3.78,"SIMP:Warnbro Sound 2.0m"
"SIMP","Warnbro Sound 2.5m",2017,32.2083333333333,-32.31476,115.71415,-2.4,0.1015,2,22.93,25.18,3.78,"SIMP:Warnbro Sound 2.5m"
"SIMP","Warnbro Sound 3.2m",2017,16.9166666666667,-32.3149,115.71425,-3.1,0.1015,2,22.93,25.18,3.78,"SIMP:Warnbro Sound 3.2m"
"SIMP","Warnbro Sound 5.2m",2017,20.375,-32.3162,115.71393,-6,0.1015,2,22.93,25.18,3.78,"SIMP:Warnbro Sound 5.2m"
"SIMP","Warnbro Sound 7.0m",2017,11.25,-32.31639,115.71428,-11.8,0.1051,2,22.93,25.18,3.78,"SIMP:Warnbro Sound 7.0m"
"CSMC","Woodman Point",2017,6.13333333333333,-32.12859,115.73774,-3.8,0.1107,1,22.95,24.91,3.36,"CSMC:Woodman Point"
"SIMP","Becher Point",2018,29.4166666666667,-32.37232299,115.706082,-3.4,0.1228,4,22.66,23.75,3.24,"SIMP:Becher Point"
"SIMP","Becher Point SZ",2018,39.25,-32.366256,115.705302,-2.8,0.1228,4,22.66,23.75,3.24,"SIMP:Becher Point SZ"
"SIMP","Bird Island",2018,24.125,-32.27733,115.69471,-1.9,0.1351,1,22.61,24,3.51,"SIMP:Bird Island"
"JBMP","Boullanger Island 2.5",2018,26.0833333333333,-30.31406,115.00243,-3,0.1015,4,23.78,24.77,3.19,"JBMP:Boullanger Island 2.5"
"JBMP","Boullanger Island 3.5",2018,31.375,-30.31232,115.00273,-3.6,0.1015,4,23.78,24.77,3.19,"JBMP:Boullanger Island 3.5"
"JBMP","Boullanger Island 5.5",2018,25.7727272727273,-30.3114,115.00292,-5.6,0.1015,4,23.78,24.77,3.19,"JBMP:Boullanger Island 5.5"
"NCMP","Buayanup",2018,54.0416666666667,-33.65233,115.2484,-3.6,0.2184,2,22.5,24.07,3.39,"NCMP:Buayanup"
"MMP","Burns Rocks",2018,15.0416666666667,-31.730138,115.708352,-10.7,0.0798,4,22.52,23.81,2.7,"MMP:Burns Rocks"
"NCMP","Busselton Jetty",2018,41.5833333333333,-33.63896,115.34315,-3.8,0.1644,2,22.58,24.34,3.8,"NCMP:Busselton Jetty"
"CSMC","Carnac Island",2018,35,-32.12077,115.6775,-4,0.1204,1,22.66,23.79,3.24,"CSMC:Carnac Island"
"CSMC","Causeway",2018,17.0833333333333,-32.26047998,115.70012,-5.1,0.1351,1,22.05,23.79,3.1,"CSMC:Causeway"
"JBMP","Cervantes Island",2018,19.5416666666667,-30.52935,115.0485,-4.2,0.1001,3,23.46,24.34,3.31,"JBMP:Cervantes Island"
"CSMC","Coogee",2018,15.625,-32.11173,115.76136,-4.9,0.1204,1,22.66,23.79,3.24,"CSMC:Coogee"
"NCMP","Dunsborough",2018,52.2083333333333,-33.61654,115.12865,-3.6,0.1093,2,22.38,23.78,2.99,"NCMP:Dunsborough"
"JBMP","Fishermans Island 2.5",2018,31.5416666666667,-30.13472,114.99792,-3,0.1211,4,23.54,24.45,2.55,"JBMP:Fishermans Island 2.5"
"JBMP","Fishermans Island 3.5",2018,31.695652173913,-30.12717,114.99594,-4.7,0.1211,4,23.54,24.45,2.55,"JBMP:Fishermans Island 3.5"
"JBMP","Fishermans Island 5.5",2018,29.3333333333333,-30.13702,114.9912,-4.2,0.1211,4,23.54,24.45,2.55,"JBMP:Fishermans Island 5.5"
"NCMP","Forrest Beach",2018,51.4583333333333,-33.57295,115.44908,-4.6,0.1742,2,22.52,24.44,3.84,"NCMP:Forrest Beach"
"CSMC","Garden Island 2.0m",2018,34,-32.15816,115.67134,-2,0.1186,1,22.84,24.06,3.44,"CSMC:Garden Island 2.0m"
"CSMC","Garden Island 2.5m",2018,26.25,-32.15985,115.6716,-2.4,0.1186,1,22.84,24.06,3.44,"CSMC:Garden Island 2.5m"
"CSMC","Garden Island 3.2m",2018,29.5833333333333,-32.15979,115.67257,-3.1,0.1186,1,22.84,24.06,3.44,"CSMC:Garden Island 3.2m"
"CSMC","Garden Island 5.5m",2018,22.4583333333333,-32.16018,115.67949,-4.6,0.1186,1,22.84,24.06,3.44,"CSMC:Garden Island 5.5m"
"CSMC","Garden Island 7.0m",2018,21.2083333333333,-32.15908,115.68062,-6.8,0.1186,1,22.84,24.06,3.44,"CSMC:Garden Island 7.0m"
"CSMC","Garden Island Settlement",2018,31.25,-32.21313,115.68872,-1.2,0.1315,1,22.84,24.06,3.44,"CSMC:Garden Island Settlement"
"JBMP","Green Island",2018,14.4583333333333,-30.68093,115.10975,-5.4,0.0764,3,23.3,24.13,2.92,"JBMP:Green Island"
"MMP","Hillarys Channel",2018,18.0416666666667,-31.822617,115.721312,-5.9,0.1054,4,22.57,23.76,2.82,"MMP:Hillarys Channel"
"CSMC","Jervoise Bay",2018,3.83333333333333,-32.1723,115.77004,-4.5,0.1319,1,22.84,24.06,3.44,"CSMC:Jervoise Bay"
"JBMP","Jurien Impact Site 2.5",2018,39.625,-30.33013,115.03149,-3.9,0.1015,3,23.82,24.84,3.2,"JBMP:Jurien Impact Site 2.5"
"JBMP","Kangaroo Point",2018,39.6666666666667,-30.58201,115.08563,-4,0.0748,4,23.34,24.17,2.95,"JBMP:Kangaroo Point"
"CSMC","Kwinana",2018,29.4583333333333,-32.19181,115.74355,-5.2,0.1319,1,22.84,24.06,3.44,"CSMC:Kwinana"
"CSMC","Luscombe Bay",2018,41.8333333333333,-32.16672,115.67521,-1.5,0.1244,1,22.84,24.06,3.44,"CSMC:Luscombe Bay"
"NCMP","MS 1",2018,25.8333333333333,-33.60164098,115.136821,-10.3,0.1093,2,22.38,23.78,2.99,"NCMP:MS 1"
"NCMP","MS 2",2018,27.5416666666667,-33.62425997,115.203746,-8.3,0.2184,2,22.5,24.07,3.39,"NCMP:MS 2"
"NCMP","MS 3",2018,34.7083333333333,-33.62756697,115.295172,-9.7,0.2751,2,22.5,24.19,3.56,"NCMP:MS 3"
"NCMP","MS 4",2018,41.0833333333333,-33.57941201,115.41239,-10.3,0.243,2,22.5366666666667,24.4708333333333,3.84416666666667,"NCMP:MS 4"
"NCMP","MS 6",2018,38.125,-33.60354099,115.360377,-10.4,0.243,2,22.52,24.44,3.84,"NCMP:MS 6"
"CSMC","Mangles Bay",2018,7.08333333333333,-32.27244,115.71357,-3.4,0.1633,1,22.05,23.79,3.1,"CSMC:Mangles Bay"
"SIMP","Mersey Point",2018,22.9166666666667,-32.31039,115.70226,-2.2,0.1239,1,22.58,23.98,3.45,"SIMP:Mersey Point"
"MMP","Mullaloo",2018,13.625,-31.781429,115.725362,-10.3,0.1277,4,22.59,23.79,2.83,"MMP:Mullaloo"
"MMP","North Beach",2018,18.7083333333333,-31.841652,115.735461,-8.9,0.1159,4,22.25,23.6,2.59,"MMP:North Beach"
"NCMP","OS 1",2018,24.7083333333333,-33.59011201,115.150849,-18,0.1093,2,22.38,23.78,2.99,"NCMP:OS 1"
"NCMP","OS 2",2018,21.1666666666667,-33.597905,115.211634,-16.2,0.2184,2,22.5,24.07,3.39,"NCMP:OS 2"
"NCMP","OS 3",2018,19.625,-33.594655,115.291166,-16.4,0.2751,2,22.5,24.19,3.56,"NCMP:OS 3"
"NCMP","OS 4",2018,21.4166666666667,-33.54436702,115.369983,-16.1,0.243,2,22.52,24.44,3.84,"NCMP:OS 4"
"NCMP","OS 6",2018,22.75,-33.56837598,115.333367,-16.3,0.243,2,22.52,24.44,3.84,"NCMP:OS 6"
"MMP","Ocean Reef Outer",2018,12.4583333333333,-31.774018,115.717537,-8.9,0.1277,4,22.59,23.79,2.83,"MMP:Ocean Reef Outer"
"SIMP","Penguin Island",2018,27.3478260869565,-32.30144997,115.69378,-2.9,0.1239,1,22.58,23.98,3.45,"SIMP:Penguin Island"
"NCMP","Port Geographe",2018,48.375,-33.62846,115.3824,-3.7,0.243,2,22.52,24.44,3.84,"NCMP:Port Geographe"
"SIMP","Port Kennedy",2018,30.9130434782609,-32.36452304,115.726798,-1.6,0.1368,1,22.66,23.75,3.24,"SIMP:Port Kennedy"
"SIMP","Seal Island",2018,24.9583333333333,-32.29040002,115.695982,-4.1,0.1351,1,22.61,24,3.51,"SIMP:Seal Island"
"MMP","Sorrento",2018,10.25,-31.8298,115.740788,-7.3,0.1054,4,22.25,23.6,2.59,"MMP:Sorrento"
"CSMC","Southern Flats",2018,29.0833333333333,-32.24142,115.70671,-2.1,0.1296,1,22.05,23.79,3.1,"CSMC:Southern Flats"
"NCMP","Vasse Diversion",2018,36.5833333333333,-33.64746,115.32379,-3.9,0.2751,2,22.5,24.19,3.56,"NCMP:Vasse Diversion"
"NCMP","Vasse-Wonnerup",2018,45.3478260869565,-33.60188,115.42345,-4.9,0.243,2,22.52,24.44,3.84,"NCMP:Vasse-Wonnerup"
"SIMP","Warnbro Sound 2.0m",2018,0,-32.3144,115.71409,-2.1,0.1239,2,22.58,23.98,3.45,"SIMP:Warnbro Sound 2.0m"
"SIMP","Warnbro Sound 2.5m",2018,30.2916666666667,-32.31476,115.71415,-2.4,0.1239,2,22.58,23.98,3.45,"SIMP:Warnbro Sound 2.5m"
"SIMP","Warnbro Sound 3.2m",2018,3.625,-32.3149,115.71425,-3.1,0.1239,2,22.58,23.98,3.45,"SIMP:Warnbro Sound 3.2m"
"SIMP","Warnbro Sound 5.2m",2018,20.4166666666667,-32.3162,115.71393,-6,0.1239,2,22.58,23.98,3.45,"SIMP:Warnbro Sound 5.2m"
"SIMP","Warnbro Sound 7.0m",2018,10,-32.31639,115.71428,-11.8,0.1329,2,22.58,23.98,3.45,"SIMP:Warnbro Sound 7.0m"
"CSMC","Woodman Point",2018,3.26666666666667,-32.12859,115.73774,-3.8,0.1391,1,22.66,23.79,3.24,"CSMC:Woodman Point"
"MMP","Wreck Rock",2018,16.1363636363636,-31.803238,115.718603,-5.7,0.1054,4,22.57,23.76,2.82,"MMP:Wreck Rock"
"SIMP","Bird Island",2019,28.3333333333333,-32.27733,115.69471,-1.9,0.1417,1,22.72,24.04,3.85,"SIMP:Bird Island"
"CSMC","Carnac Island",2019,26.5833333333333,-32.12077,115.6775,-4,0.1204,1,22.77,24.13,3.81,"CSMC:Carnac Island"
"CSMC","Coogee",2019,22,-32.11173,115.76136,-4.9,0.1168,1,22.77,24.13,3.81,"CSMC:Coogee"
"CSMC","Garden Island 2.0m",2019,49.625,-32.15816,115.67134,-2,0.1172,1,22.95,24.41,4.15,"CSMC:Garden Island 2.0m"
"CSMC","Garden Island 2.5m",2019,29.1666666666667,-32.15985,115.6716,-2.4,0.1172,1,22.95,24.41,4.15,"CSMC:Garden Island 2.5m"
"CSMC","Garden Island 3.2m",2019,26.2083333333333,-32.15979,115.67257,-3.1,0.1172,1,22.95,24.41,4.15,"CSMC:Garden Island 3.2m"
"CSMC","Garden Island 5.5m",2019,27.0416666666667,-32.16018,115.67949,-4.6,0.1172,1,22.95,24.41,4.15,"CSMC:Garden Island 5.5m"
"CSMC","Garden Island 7.0m",2019,15.8333333333333,-32.15908,115.68062,-6.8,0.1172,1,22.95,24.41,4.15,"CSMC:Garden Island 7.0m"
"CSMC","Garden Island Settlement",2019,34.8333333333333,-32.21313,115.68872,-1.2,0.2709,1,22.95,24.41,4.15,"CSMC:Garden Island Settlement"
"CSMC","Jervoise Bay",2019,8.125,-32.1723,115.77004,-4.5,0.1309,1,22.95,24.41,4.15,"CSMC:Jervoise Bay"
"CSMC","Kwinana",2019,37.2083333333333,-32.19181,115.74355,-5.2,0.1309,1,22.95,24.41,4.15,"CSMC:Kwinana"
"CSMC","Luscombe Bay",2019,48.0833333333333,-32.16672,115.67521,-1.5,0.1219,1,22.95,24.41,4.15,"CSMC:Luscombe Bay"
"CSMC","Mangles Bay",2019,11,-32.27244,115.71357,-3.4,0.167,1,22.17,23.31,4.25,"CSMC:Mangles Bay"
"SIMP","Mersey Point",2019,38.7083333333333,-32.31039,115.70226,-2.2,0.125,1,22.67,23.98,3.83,"SIMP:Mersey Point"
"CSMC","Southern Flats",2019,27.625,-32.24142,115.70671,-2.1,0.1315,1,22.17,23.31,4.25,"CSMC:Southern Flats"
"SIMP","Warnbro Sound 2.0m",2019,0,-32.3144,115.71409,-2.1,0.125,2,22.67,23.98,3.83,"SIMP:Warnbro Sound 2.0m"
"SIMP","Warnbro Sound 2.5m",2019,44.4583333333333,-32.31476,115.71415,-2.4,0.125,2,22.67,23.98,3.83,"SIMP:Warnbro Sound 2.5m"
"SIMP","Warnbro Sound 3.2m",2019,6.58333333333333,-32.3149,115.71425,-3.1,0.125,2,22.67,23.98,3.83,"SIMP:Warnbro Sound 3.2m"
"SIMP","Warnbro Sound 5.2m",2019,27.0833333333333,-32.3162,115.71393,-6,0.125,2,22.67,23.98,3.83,"SIMP:Warnbro Sound 5.2m"
"SIMP","Warnbro Sound 7.0m",2019,32.2916666666667,-32.31639,115.71428,-11.8,0.1372,2,22.67,23.98,3.83,"SIMP:Warnbro Sound 7.0m"
"CSMC","Woodman Point",2019,2.73333333333333,-32.12859,115.73774,-3.8,0.1402,1,22.77,24.13,3.81,"CSMC:Woodman Point"
"SIMP","Becher Point",2020,24.875,-32.37232299,115.706082,-3.4,0.2063,4,23,24.22,2.65,"SIMP:Becher Point"
"SIMP","Becher Point SZ",2020,24.5,-32.366256,115.705302,-2.8,0.2063,4,23,24.22,2.65,"SIMP:Becher Point SZ"
"SIMP","Bird Island",2020,25.875,-32.27733,115.69471,-1.9,0.2963,1,23.04,24.13,2.65,"SIMP:Bird Island"
"JBMP","Boullanger Island 2.5",2020,19.9583333333333,-30.31406,115.00243,-3,0.2561,4,23.58,25.61,3.61,"JBMP:Boullanger Island 2.5"
"JBMP","Boullanger Island 3.5",2020,31.4166666666667,-30.31232,115.00273,-3.6,0.2561,4,23.58,25.61,3.61,"JBMP:Boullanger Island 3.5"
"JBMP","Boullanger Island 5.5",2020,21.9166666666667,-30.3114,115.00292,-5.6,0.2561,4,23.58,25.61,3.61,"JBMP:Boullanger Island 5.5"
"NCMP","Buayanup",2020,54.0833333333333,-33.65233,115.2484,-3.6,0.4429,2,22.64,24.65,3.65,"NCMP:Buayanup"
"MMP","Burns Rocks",2020,19.9166666666667,-31.730138,115.708352,-10.7,0.117,4,22.76,24.06,2.34,"MMP:Burns Rocks"
"NCMP","Busselton Jetty",2020,48.25,-33.63896,115.34315,-3.8,0.2025,2,22.81,24.9,3.91,"NCMP:Busselton Jetty"
"CSMC","Carnac Island",2020,17.5416666666667,-32.12077,115.6775,-4,0.2103,1,23.18,24.35,2.42,"CSMC:Carnac Island"
"CSMC","Causeway",2020,21.25,-32.26047998,115.70012,-5.1,0.2963,1,22.6,23.7,2.52,"CSMC:Causeway"
"JBMP","Cervantes Island",2020,20.4583333333333,-30.52935,115.0485,-4.2,0.1327,3,23.25,24.8,4.05,"JBMP:Cervantes Island"
"CSMC","Coogee",2020,23.7916666666667,-32.11173,115.76136,-4.9,0.2464,1,23.18,24.35,2.42,"CSMC:Coogee"
"NCMP","Dunsborough",2020,58.25,-33.61654,115.12865,-3.6,0.2857,2,22.47,24.39,3.42,"NCMP:Dunsborough"
"JBMP","Fishermans Island 2.5",2020,25.2083333333333,-30.13472,114.99792,-3,0.2374,4,23.23,25.02,3.12,"JBMP:Fishermans Island 2.5"
"JBMP","Fishermans Island 3.5",2020,21.75,-30.12717,114.99594,-4.7,0.2374,4,23.23,25.02,3.12,"JBMP:Fishermans Island 3.5"
"JBMP","Fishermans Island 5.5",2020,20.0416666666667,-30.13702,114.9912,-4.2,0.2374,4,23.23,25.02,3.12,"JBMP:Fishermans Island 5.5"
"NCMP","Forrest Beach",2020,57.0833333333333,-33.57295,115.44908,-4.6,0.4314,2,22.77,24.85,3.91,"NCMP:Forrest Beach"
"CSMC","Garden Island 2.0m",2020,34.125,-32.15816,115.67134,-2,0.2003,1,23.39,24.82,2.97,"CSMC:Garden Island 2.0m"
"CSMC","Garden Island 2.5m",2020,16.5416666666667,-32.15985,115.6716,-2.4,0.2003,1,23.39,24.82,2.97,"CSMC:Garden Island 2.5m"
"CSMC","Garden Island 3.2m",2020,17.0833333333333,-32.15979,115.67257,-3.1,0.2003,1,23.39,24.82,2.97,"CSMC:Garden Island 3.2m"
"CSMC","Garden Island 5.5m",2020,18.0416666666667,-32.16018,115.67949,-4.6,0.2003,1,23.39,24.82,2.97,"CSMC:Garden Island 5.5m"
"CSMC","Garden Island 7.0m",2020,16.7083333333333,-32.15908,115.68062,-6.8,0.2003,1,23.39,24.82,2.97,"CSMC:Garden Island 7.0m"
"CSMC","Garden Island Settlement",2020,16.6666666666667,-32.21313,115.68872,-1.2,0.2756,1,23.39,24.82,2.97,"CSMC:Garden Island Settlement"
"JBMP","Green Island",2020,14.1666666666667,-30.68093,115.10975,-5.4,0.1266,3,23.24,24.7,2.99,"JBMP:Green Island"
"MMP","Hillarys Channel",2020,5.95833333333333,-31.822617,115.721312,-5.9,0.1603,4,22.92,24.23,2.38,"MMP:Hillarys Channel"
"CSMC","Jervoise Bay",2020,2.95833333333333,-32.1723,115.77004,-4.5,0.2003,1,23.39,24.82,2.97,"CSMC:Jervoise Bay"
"JBMP","Jurien Impact Site 2.5",2020,35,-30.33013,115.03149,-3.9,0.2737,3,23.57,25.67,3.68,"JBMP:Jurien Impact Site 2.5"
"JBMP","Kangaroo Point",2020,30.0416666666667,-30.58201,115.08563,-4,0.0919,4,23.24,24.73,3.02,"JBMP:Kangaroo Point"
"CSMC","Kwinana",2020,36.2916666666667,-32.19181,115.74355,-5.2,0.1837,1,23.39,24.82,2.97,"CSMC:Kwinana"
"CSMC","Luscombe Bay",2020,22.0833333333333,-32.16672,115.67521,-1.5,0.2003,1,23.39,24.82,2.97,"CSMC:Luscombe Bay"
"NCMP","MS 1",2020,13.7083333333333,-33.60164098,115.136821,-10.3,0.2988,2,22.47,24.39,3.42,"NCMP:MS 1"
"NCMP","MS 2",2020,36.6666666666667,-33.62425997,115.203746,-8.3,0.4429,2,22.64,24.65,3.65,"NCMP:MS 2"
"NCMP","MS 3",2020,31.75,-33.62756697,115.295172,-9.7,0.5256,2,22.68,24.75,3.82,"NCMP:MS 3"
"NCMP","MS 4",2020,31.75,-33.57941201,115.41239,-10.3,0.1789,2,22.77,24.85,3.91,"NCMP:MS 4"
"NCMP","MS 6",2020,38.125,-33.60354099,115.360377,-10.4,0.2602,2,22.77,24.85,3.91,"NCMP:MS 6"
"CSMC","Mangles Bay",2020,12.0833333333333,-32.27244,115.71357,-3.4,0.2963,1,22.6,23.7,2.52,"CSMC:Mangles Bay"
"SIMP","Mersey Point",2020,29.375,-32.31039,115.70226,-2.2,0.4776,1,22.95,24.13,2.77,"SIMP:Mersey Point"
"MMP","Mullaloo",2020,19.5833333333333,-31.781429,115.725362,-10.3,0.193,4,22.88,24.2,2.37,"MMP:Mullaloo"
"MMP","North Beach",2020,14.3333333333333,-31.841652,115.735461,-8.9,0.1788,4,22.66,23.87,2.28,"MMP:North Beach"
"NCMP","OS 1",2020,13.0416666666667,-33.59011201,115.150849,-18,0.2857,2,22.47,24.39,3.42,"NCMP:OS 1"
"NCMP","OS 2",2020,17.3333333333333,-33.597905,115.211634,-16.2,0.4429,2,22.64,24.65,3.65,"NCMP:OS 2"
"NCMP","OS 3",2020,15.7083333333333,-33.594655,115.291166,-16.4,0.5256,2,22.68,24.75,3.82,"NCMP:OS 3"
"NCMP","OS 4",2020,5.83333333333333,-33.54436702,115.369983,-16.1,0.1789,2,22.77,24.85,3.91,"NCMP:OS 4"
"NCMP","OS 6",2020,22.5833333333333,-33.56837598,115.333367,-16.3,0.2602,2,22.77,24.85,3.91,"NCMP:OS 6"
"MMP","Ocean Reef Outer",2020,22.9166666666667,-31.774018,115.717537,-8.9,0.1692,4,22.88,24.2,2.37,"MMP:Ocean Reef Outer"
"SIMP","Penguin Island",2020,30.875,-32.30144997,115.69378,-2.9,0.4776,1,22.95,24.13,2.77,"SIMP:Penguin Island"
"NCMP","Port Geographe",2020,49,-33.62846,115.3824,-3.7,0.2602,2,22.77,24.85,3.91,"NCMP:Port Geographe"
"SIMP","Port Kennedy",2020,21.2916666666667,-32.36452304,115.726798,-1.6,0.232,1,23,24.22,2.65,"SIMP:Port Kennedy"
"SIMP","Seal Island",2020,25.75,-32.29040002,115.695982,-4.1,0.4776,1,23.04,24.13,2.65,"SIMP:Seal Island"
"MMP","Sorrento",2020,4.16666666666667,-31.8298,115.740788,-7.3,0.212,4,22.66,23.87,2.28,"MMP:Sorrento"
"CSMC","Southern Flats",2020,19.0416666666667,-32.24142,115.70671,-2.1,0.2756,1,22.6,23.7,2.52,"CSMC:Southern Flats"
"NCMP","Vasse Diversion",2020,47.0833333333333,-33.64746,115.32379,-3.9,0.5256,2,22.68,24.75,3.82,"NCMP:Vasse Diversion"
"NCMP","Vasse-Wonnerup",2020,50,-33.60188,115.42345,-4.9,0.1789,2,22.77,24.85,3.91,"NCMP:Vasse-Wonnerup"
"SIMP","Warnbro Sound 2.0m",2020,0,-32.3144,115.71409,-2.1,0.4776,2,22.95,24.13,2.77,"SIMP:Warnbro Sound 2.0m"
"SIMP","Warnbro Sound 2.5m",2020,24.5,-32.31476,115.71415,-2.4,0.4776,2,22.95,24.13,2.77,"SIMP:Warnbro Sound 2.5m"
"SIMP","Warnbro Sound 3.2m",2020,2.625,-32.3149,115.71425,-3.1,0.4776,2,22.95,24.13,2.77,"SIMP:Warnbro Sound 3.2m"
"SIMP","Warnbro Sound 5.2m",2020,24.3333333333333,-32.3162,115.71393,-6,0.4776,2,22.95,24.13,2.77,"SIMP:Warnbro Sound 5.2m"
"SIMP","Warnbro Sound 7.0m",2020,20.6666666666667,-32.31639,115.71428,-11.8,0.4776,2,22.95,24.13,2.77,"SIMP:Warnbro Sound 7.0m"
"CSMC","Woodman Point",2020,2.16666666666667,-32.12859,115.73774,-3.8,0.2464,1,23.18,24.35,2.42,"CSMC:Woodman Point"
"MMP","Wreck Rock",2020,16.2083333333333,-31.803238,115.718603,-5.7,0.1603,4,22.92,24.23,2.38,"MMP:Wreck Rock"
"NCMP","Buayanup",2021,59.695652173913,-33.65233,115.2484,-3.6,0.3846,2,23.16,24.32,3.22,"NCMP:Buayanup"
"NCMP","Busselton Jetty",2021,45.3913043478261,-33.63896,115.34315,-3.8,0.2123,2,23.24,24.56,3.44,"NCMP:Busselton Jetty"
"NCMP","Dunsborough",2021,66.2083333333333,-33.61654,115.12865,-3.6,0.226,2,23.05,24.09,2.87,"NCMP:Dunsborough"
"NCMP","Forrest Beach",2021,41.5,-33.57295,115.44908,-4.6,0.4218,2,23.18,24.49,3.35,"NCMP:Forrest Beach"
"NCMP","MS 1",2021,17.2083333333333,-33.60164098,115.136821,-10.3,0.226,2,23.05,24.09,2.87,"NCMP:MS 1"
"NCMP","MS 2",2021,32.0416666666667,-33.62425997,115.203746,-8.3,0.3846,2,23.16,24.32,3.22,"NCMP:MS 2"
"NCMP","MS 3",2021,28.125,-33.62756697,115.295172,-9.7,0.654,2,23.17,24.39,3.32,"NCMP:MS 3"
"NCMP","MS 4",2021,37.25,-33.57941201,115.41239,-10.3,0.175,2,23.18,24.49,3.35,"NCMP:MS 4"
"NCMP","MS 6",2021,35.625,-33.60354099,115.360377,-10.4,0.2799,2,23.18,24.49,3.35,"NCMP:MS 6"
"NCMP","OS 1",2021,18.7916666666667,-33.59011201,115.150849,-18,0.226,2,23.05,24.09,2.87,"NCMP:OS 1"
"NCMP","OS 2",2021,21.2083333333333,-33.597905,115.211634,-16.2,0.3846,2,23.16,24.32,3.22,"NCMP:OS 2"
"NCMP","OS 3",2021,17.1666666666667,-33.594655,115.291166,-16.4,0.654,2,23.17,24.39,3.32,"NCMP:OS 3"
"NCMP","OS 4",2021,21.6666666666667,-33.54436702,115.369983,-16.1,0.175,2,23.18,24.49,3.35,"NCMP:OS 4"
"NCMP","OS 6",2021,17.0833333333333,-33.56837598,115.333367,-16.3,0.2799,2,23.18,24.49,3.35,"NCMP:OS 6"
"NCMP","Port Geographe",2021,46.4,-33.62846,115.3824,-3.7,0.2799,2,23.18,24.49,3.35,"NCMP:Port Geographe"
"NCMP","Vasse Diversion",2021,37.2857142857143,-33.64746,115.32379,-3.9,0.654,2,23.17,24.39,3.32,"NCMP:Vasse Diversion"
"NCMP","Vasse-Wonnerup",2021,44.1363636363636,-33.60188,115.42345,-4.9,0.175,2,23.18,24.49,3.35,"NCMP:Vasse-Wonnerup"
"SIMP","Becher Point",2022,16.5652173913043,-32.37232299,115.706082,-3.4,0.215,4,23.26,24.7,3.37,"SIMP:Becher Point"
"SIMP","Becher Point SZ",2022,15.0833333333333,-32.366256,115.705302,-2.8,0.215,4,23.26,24.7,3.37,"SIMP:Becher Point SZ"
"SIMP","Bird Island",2022,21.1666666666667,-32.27733,115.69471,-1.9,0.2848,1,23.2,24.75,3.48,"SIMP:Bird Island"
"JBMP","Boullanger Island 2.5",2022,22.5416666666667,-30.31406,115.00243,-3,0.186,4,24.57,26.37,3.97,"JBMP:Boullanger Island 2.5"
"JBMP","Boullanger Island 3.5",2022,23.75,-30.31232,115.00273,-3.6,0.186,4,24.57,26.37,3.97,"JBMP:Boullanger Island 3.5"
"JBMP","Boullanger Island 5.5",2022,21.7083333333333,-30.3114,115.00292,-5.6,0.186,4,24.57,26.37,3.97,"JBMP:Boullanger Island 5.5"
"NCMP","Buayanup",2022,64.6666666666667,-33.65233,115.2484,-3.6,0.3771,2,23.3,25.36,3.71,"NCMP:Buayanup"
"MMP","Burns Rocks",2022,18.3333333333333,-31.730138,115.708352,-10.7,0.1109,4,23.34,24.55,3.25,"MMP:Burns Rocks"
"NCMP","Busselton Jetty",2022,48.1666666666667,-33.63896,115.34315,-3.8,0.2171,2,23.34,25.4,3.85,"NCMP:Busselton Jetty"
"CSMC","Carnac Island",2022,30.7083333333333,-32.12077,115.6775,-4,0.2267,1,23.28,24.6,3.22,"CSMC:Carnac Island"
"CSMC","Causeway",2022,14.5416666666667,-32.26047998,115.70012,-5.1,0.2848,1,22.81,23.93,3.82,"CSMC:Causeway"
"JBMP","Cervantes Island",2022,28,-30.52935,115.0485,-4.2,0.1283,3,24,25.42,3.61,"JBMP:Cervantes Island"
"CSMC","Coogee",2022,23.75,-32.11173,115.76136,-4.9,0.2877,1,23.28,24.6,3.22,"CSMC:Coogee"
"NCMP","Dunsborough",2022,60.8333333333333,-33.61654,115.12865,-3.6,0.2867,2,23.24,25.14,3.47,"NCMP:Dunsborough"
"JBMP","Fishermans Island 2.5",2022,30.625,-30.13472,114.99792,-3,0.2143,4,24.24,26.02,3.79,"JBMP:Fishermans Island 2.5"
"JBMP","Fishermans Island 3.5",2022,16.4583333333333,-30.12717,114.99594,-4.7,0.2143,4,24.24,26.02,3.79,"JBMP:Fishermans Island 3.5"
"JBMP","Fishermans Island 5.5",2022,26.9166666666667,-30.13702,114.9912,-4.2,0.2143,4,24.24,26.02,3.79,"JBMP:Fishermans Island 5.5"
"NCMP","Forrest Beach",2022,47.75,-33.57295,115.44908,-4.6,0.3828,2,23.26,25.24,3.79,"NCMP:Forrest Beach"
"CSMC","Garden Island 2.0m",2022,45.1666666666667,-32.15816,115.67134,-2,0.2262,1,23.63,25.21,3.66,"CSMC:Garden Island 2.0m"
"CSMC","Garden Island 2.5m",2022,27.3333333333333,-32.15985,115.6716,-2.4,0.2262,1,23.63,25.21,3.66,"CSMC:Garden Island 2.5m"
"CSMC","Garden Island 3.2m",2022,43.9166666666667,-32.15979,115.67257,-3.1,0.2262,1,23.63,25.21,3.66,"CSMC:Garden Island 3.2m"
"CSMC","Garden Island 5.5m",2022,28.75,-32.16018,115.67949,-4.6,0.2262,1,23.63,25.21,3.66,"CSMC:Garden Island 5.5m"
"CSMC","Garden Island 7.0m",2022,18.375,-32.15908,115.68062,-6.8,0.2262,1,23.63,25.21,3.66,"CSMC:Garden Island 7.0m"
"CSMC","Garden Island Settlement",2022,30.2916666666667,-32.21313,115.68872,-1.2,0.2809,1,23.63,25.21,3.66,"CSMC:Garden Island Settlement"
"JBMP","Green Island",2022,13.625,-30.68093,115.10975,-5.4,0.1096,3,23.92,25.26,3.42,"JBMP:Green Island"
"MMP","Hillarys Channel",2022,10.5,-31.822617,115.721312,-5.9,0.1508,4,23.38,24.57,3.21,"MMP:Hillarys Channel"
"CSMC","Jervoise Bay",2022,4.41666666666667,-32.1723,115.77004,-4.5,0.2262,1,23.63,25.21,3.66,"CSMC:Jervoise Bay"
"JBMP","Jurien Impact Site 2.5",2022,36.9583333333333,-30.33013,115.03149,-3.9,0.187,3,24.61,26.52,4.08,"JBMP:Jurien Impact Site 2.5"
"JBMP","Kangaroo Point",2022,28.5416666666667,-30.58201,115.08563,-4,0.0895,4,23.94,25.32,3.45,"JBMP:Kangaroo Point"
"CSMC","Kwinana",2022,38.6666666666667,-32.19181,115.74355,-5.2,0.221,1,23.63,25.21,3.66,"CSMC:Kwinana"
"CSMC","Luscombe Bay",2022,46.75,-32.16672,115.67521,-1.5,0.2262,1,23.63,25.21,3.66,"CSMC:Luscombe Bay"
"CSMC","Mangles Bay",2022,14.0416666666667,-32.27244,115.71357,-3.4,0.2848,1,22.81,23.93,3.82,"CSMC:Mangles Bay"
"SIMP","Mersey Point",2022,49,-32.31039,115.70226,-2.2,0.4242,1,23.19,24.76,3.51,"SIMP:Mersey Point"
"MMP","Mullaloo",2022,12.3333333333333,-31.781429,115.725362,-10.3,0.1627,4,23.39,24.58,3.23,"MMP:Mullaloo"
"MMP","North Beach",2022,35.4166666666667,-31.841652,115.735461,-8.9,0.1673,4,23.09,24.06,3.2,"MMP:North Beach"
"MMP","Ocean Reef Outer",2022,15,-31.774018,115.717537,-8.9,0.1737,4,23.39,24.58,3.23,"MMP:Ocean Reef Outer"
"SIMP","Penguin Island",2022,24.9166666666667,-32.30144997,115.69378,-2.9,0.4242,1,23.19,24.76,3.51,"SIMP:Penguin Island"
"NCMP","Port Geographe",2022,38.9583333333333,-33.62846,115.3824,-3.7,0.2574,2,23.26,25.24,3.79,"NCMP:Port Geographe"
"SIMP","Port Kennedy",2022,13.5416666666667,-32.36452304,115.726798,-1.6,0.215,1,23.26,24.7,3.37,"SIMP:Port Kennedy"
"SIMP","Seal Island",2022,22.75,-32.29040002,115.695982,-4.1,0.4242,1,23.2,24.75,3.48,"SIMP:Seal Island"
"MMP","Sorrento",2022,13.6666666666667,-31.8298,115.740788,-7.3,0.1968,4,23.09,24.06,3.2,"MMP:Sorrento"
"CSMC","Southern Flats",2022,38.0833333333333,-32.24142,115.70671,-2.1,0.2809,1,22.81,23.93,3.82,"CSMC:Southern Flats"
"NCMP","Vasse Diversion",2022,40.3333333333333,-33.64746,115.32379,-3.9,0.523,2,23.29,25.39,3.77,"NCMP:Vasse Diversion"
"NCMP","Vasse-Wonnerup",2022,43.7083333333333,-33.60188,115.42345,-4.9,0.1939,2,23.26,25.24,3.79,"NCMP:Vasse-Wonnerup"
"SIMP","Warnbro Sound 5.2m",2022,31.6666666666667,-32.3162,115.71393,-6,0.4242,2,23.19,24.76,3.51,"SIMP:Warnbro Sound 5.2m"
"SIMP","Warnbro Sound 7.0m",2022,4.125,-32.31639,115.71428,-11.8,0.4242,2,23.19,24.76,3.51,"SIMP:Warnbro Sound 7.0m"
"CSMC","Woodman Point",2022,7.58333333333333,-32.12859,115.73774,-3.8,0.2877,1,23.28,24.6,3.22,"CSMC:Woodman Point"
"MMP","Wreck Rock",2022,14,-31.803238,115.718603,-5.7,0.1508,4,23.38,24.57,3.21,"MMP:Wreck Rock"
"NCMP","Buayanup",2023,54.5833333333333,-33.65233,115.2484,-3.6,0.1383,2,23.92,27.19,5.6,"NCMP:Buayanup"
"NCMP","Busselton Jetty",2023,38.4166666666667,-33.63896,115.34315,-3.8,0.2098,2,24.19,27.59,5.96,"NCMP:Busselton Jetty"
"CSMC","Carnac Island",2023,29.25,-32.12077,115.6775,-4,0.181,1,23.7125,25.3325,4.5825,"CSMC:Carnac Island"
"NCMP","Dunsborough",2023,63.0833333333333,-33.61654,115.12865,-3.6,0.0799,2,23.93,27.04,5.3,"NCMP:Dunsborough"
"NCMP","Forrest Beach",2023,50.9166666666667,-33.57295,115.44908,-4.6,0.1093,2,23.92,27.34,5.67,"NCMP:Forrest Beach"
"CSMC","Garden Island 2.0m",2023,42.9166666666667,-32.15816,115.67134,-2,0.1466,1,23.72,25.46,4.62,"CSMC:Garden Island 2.0m"
"CSMC","Garden Island 2.5m",2023,33.2916666666667,-32.15985,115.6716,-2.4,0.1466,1,23.72,25.46,4.62,"CSMC:Garden Island 2.5m"
"CSMC","Garden Island 3.2m",2023,43.2083333333333,-32.15979,115.67257,-3.1,0.1466,1,23.72,25.46,4.62,"CSMC:Garden Island 3.2m"
"CSMC","Garden Island 5.5m",2023,35.8333333333333,-32.16018,115.67949,-4.6,0.1466,1,23.72,25.46,4.62,"CSMC:Garden Island 5.5m"
"CSMC","Garden Island 7.0m",2023,20.4166666666667,-32.15908,115.68062,-6.8,0.1466,1,23.72,25.46,4.62,"CSMC:Garden Island 7.0m"
"CSMC","Garden Island Settlement",2023,38.7916666666667,-32.21313,115.68872,-1.2,0.1466,1,23.72,25.46,4.62,"CSMC:Garden Island Settlement"
"CSMC","Jervoise Bay",2023,5,-32.1723,115.77004,-4.5,0.1466,1,23.72,25.46,4.62,"CSMC:Jervoise Bay"
"CSMC","Kwinana",2023,35.25,-32.19181,115.74355,-5.2,0.1466,1,23.72,25.46,4.62,"CSMC:Kwinana"
"CSMC","Luscombe Bay",2023,33.0833333333333,-32.16672,115.67521,-1.5,0.1466,1,23.72,25.46,4.62,"CSMC:Luscombe Bay"
"NCMP","MS 1",2023,12.7916666666667,-33.60164098,115.136821,-10.3,0.0799,2,23.93,27.04,5.3,"NCMP:MS 1"
"NCMP","MS 2",2023,22.6666666666667,-33.62425997,115.203746,-8.3,0.1383,2,23.92,27.19,5.6,"NCMP:MS 2"
"NCMP","MS 3",2023,22.7916666666667,-33.62756697,115.295172,-9.7,0.1093,2,23.92,27.34,5.67,"NCMP:MS 3"
"NCMP","MS 4",2023,29.875,-33.57941201,115.41239,-10.3,0.1093,2,23.91,27.34,5.74,"NCMP:MS 4"
"NCMP","MS 6",2023,26.7083333333333,-33.60354099,115.360377,-10.4,0.1528,2,23.91,27.34,5.74,"NCMP:MS 6"
"CSMC","Mangles Bay",2023,9.08333333333333,-32.27244,115.71357,-3.4,0.175,1,23.72,25.46,4.62,"CSMC:Mangles Bay"
"SIMP","Mersey Point",2023,57.125,-32.31039,115.70226,-2.2,0.1725,1,23.72,25.66,4.64,"SIMP:Mersey Point"
"NCMP","OS 1",2023,13.875,-33.59011201,115.150849,-18,0.0799,2,23.93,27.04,5.3,"NCMP:OS 1"
"NCMP","OS 2",2023,14.8333333333333,-33.597905,115.211634,-16.2,0.1383,2,23.92,27.19,5.6,"NCMP:OS 2"
"NCMP","OS 3",2023,10.2916666666667,-33.594655,115.291166,-16.4,0.1093,2,23.92,27.34,5.67,"NCMP:OS 3"
"NCMP","OS 4",2023,12.3333333333333,-33.54436702,115.369983,-16.1,0.1093,2,23.91,27.34,5.74,"NCMP:OS 4"
"NCMP","OS 6",2023,9.45833333333333,-33.56837598,115.333367,-16.3,0.1528,2,23.91,27.34,5.74,"NCMP:OS 6"
"NCMP","Port Geographe",2023,33.875,-33.62846,115.3824,-3.7,0.1528,2,23.91,27.34,5.74,"NCMP:Port Geographe"
"CSMC","Southern Flats",2023,33.4166666666667,-31.8298,115.740788,-7.3,0.175,4,23.72,25.46,4.62,"CSMC:Southern Flats"
"NCMP","Vasse Diversion",2023,40.6666666666667,-33.64746,115.32379,-3.9,0.1453,2,23.91,27.26,5.71,"NCMP:Vasse Diversion"
"NCMP","Vasse-Wonnerup",2023,34.7083333333333,-33.60188,115.42345,-4.9,0.1093,2,23.91,27.34,5.74,"NCMP:Vasse-Wonnerup"
"SIMP","Warnbro Sound 5.2m",2023,35.3333333333333,-32.3162,115.71393,-6,0.1725,2,23.72,25.66,4.64,"SIMP:Warnbro Sound 5.2m"
"SIMP","Warnbro Sound 7.0m",2023,9.91666666666667,-32.31639,115.71428,-11.8,0.1725,2,23.72,25.66,4.64,"SIMP:Warnbro Sound 7.0m"
"SIMP","Becher Point",2024,14.2916666666667,-32.37232299,115.706082,-3.4,0.156,4,22.92,24.2,3.74,"SIMP:Becher Point"
"SIMP","Becher Point SZ",2024,19.5833333333333,-32.366256,115.705302,-2.8,0.156,4,22.92,24.2,3.74,"SIMP:Becher Point SZ"
"JBMP","Boullanger Island 2.5",2024,18.1666666666667,-30.31406,115.00243,-3,0.1592,4,23.8,25.15,3.17,"JBMP:Boullanger Island 2.5"
"JBMP","Boullanger Island 3.5",2024,21.7916666666667,-30.31232,115.00273,-3.6,0.1592,4,23.8,25.15,3.17,"JBMP:Boullanger Island 3.5"
"JBMP","Boullanger Island 5.5",2024,17.5,-30.3114,115.00292,-5.6,0.1592,4,23.8,25.15,3.17,"JBMP:Boullanger Island 5.5"
"NCMP","Buayanup",2024,58.5416666666667,-33.65233,115.2484,-3.6,0.1367,2,22.94,25.19,4.21,"NCMP:Buayanup"
"MMP","Burns Rocks",2024,9.20833333333333,-31.730138,115.708352,-10.7,0.1286,4,22.99,24.19,3.81,"MMP:Burns Rocks"
"NCMP","Busselton Jetty",2024,49.5,-33.63896,115.34315,-3.8,0.2107,2,23.28,25.31,4.51,"NCMP:Busselton Jetty"
"CSMC","Carnac Island",2024,31.2916666666667,-32.12077,115.6775,-4,0.1678,1,22.86,24.2,3.76,"CSMC:Carnac Island"
"JBMP","Cervantes Island",2024,11.7916666666667,-30.52935,115.0485,-4.2,0.1516,3,23.46,24.93,3.32,"JBMP:Cervantes Island"
"NCMP","Dunsborough",2024,63,-33.61654,115.12865,-3.6,0.0757,2,22.93,25.36,4.18,"NCMP:Dunsborough"
"JBMP","Fishermans Island 2.5",2024,30.7083333333333,-30.13472,114.99792,-3,0.1365,4,23.69,24.82,2.85,"JBMP:Fishermans Island 2.5"
"JBMP","Fishermans Island 3.5",2024,15.375,-30.12717,114.99594,-4.7,0.1365,4,23.69,24.82,2.85,"JBMP:Fishermans Island 3.5"
"JBMP","Fishermans Island 5.5",2024,26.25,-30.13702,114.9912,-4.2,0.1365,4,23.69,24.82,2.85,"JBMP:Fishermans Island 5.5"
"NCMP","Forrest Beach",2024,55.4583333333333,-33.57295,115.44908,-4.6,0.1157,2,22.94,24.86,4.07,"NCMP:Forrest Beach"
"CSMC","Garden Island 2.0m",2024,28.1666666666667,-32.15816,115.67134,-2,0.1575,1,22.86,24.14,3.79,"CSMC:Garden Island 2.0m"
"CSMC","Garden Island 2.5m",2024,19.3333333333333,-32.15985,115.6716,-2.4,0.1575,1,22.86,24.14,3.79,"CSMC:Garden Island 2.5m"
"CSMC","Garden Island 3.2m",2024,21.6666666666667,-32.15979,115.67257,-3.1,0.1575,1,22.86,24.14,3.79,"CSMC:Garden Island 3.2m"
"CSMC","Garden Island 5.5m",2024,12.6666666666667,-32.16018,115.67949,-4.6,0.1575,1,22.86,24.14,3.79,"CSMC:Garden Island 5.5m"
"CSMC","Garden Island 7.0m",2024,10.2083333333333,-32.15908,115.68062,-6.8,0.1575,1,22.86,24.14,3.79,"CSMC:Garden Island 7.0m"
"CSMC","Garden Island Settlement",2024,17.4583333333333,-32.21313,115.68872,-1.2,0.1575,1,22.86,24.14,3.79,"CSMC:Garden Island Settlement"
"JBMP","Green Island",2024,11.75,-30.68093,115.10975,-5.4,0.1026,3,23.46,24.82,3.22,"JBMP:Green Island"
"MMP","Hillarys Channel",2024,5.25,-31.822617,115.721312,-5.9,0.1428,4,23.1,24.42,3.77,"MMP:Hillarys Channel"
"CSMC","Jervoise Bay",2024,5.125,-32.1723,115.77004,-4.5,0.1575,1,22.86,24.14,3.79,"CSMC:Jervoise Bay"
"JBMP","Jurien Impact Site 2.5",2024,29.1666666666667,-30.33013,115.03149,-3.9,0.1775,3,23.8,25.07,3.13,"JBMP:Jurien Impact Site 2.5"
"JBMP","Kangaroo Point",2024,28,-30.58201,115.08563,-4,0.1296,4,23.46,24.82,3.26,"JBMP:Kangaroo Point"
"CSMC","Kwinana",2024,21.25,-32.19181,115.74355,-5.2,0.1575,1,22.86,24.14,3.79,"CSMC:Kwinana"
"CSMC","Luscombe Bay",2024,16.75,-32.16672,115.67521,-1.5,0.1575,1,22.86,24.12,3.75,"CSMC:Luscombe Bay"
"CSMC","Mangles Bay",2024,10,-32.27244,115.71357,-3.4,0.1648,1,22.86,24.12,3.75,"CSMC:Mangles Bay"
"SIMP","Mersey Point",2024,28.625,-32.31039,115.70226,-2.2,0.1465,1,22.86,24.14,3.79,"SIMP:Mersey Point"
"MMP","Mullaloo",2024,10.625,-31.781429,115.725362,-10.3,0.1578,4,22.99,24.22,3.81,"MMP:Mullaloo"
"MMP","North Beach",2024,14.875,-31.841652,115.735461,-8.9,0.1137,4,22.63,23.93,3.8,"MMP:North Beach"
"MMP","Ocean Reef Outer",2024,10.875,-31.774018,115.717537,-8.9,0.1578,4,22.99,24.22,3.81,"MMP:Ocean Reef Outer"
"SIMP","Penguin Island",2024,23.1666666666667,-32.30144997,115.69378,-2.9,0.1465,1,22.86,24.14,3.79,"SIMP:Penguin Island"
"NCMP","Port Geographe",2024,48.6666666666667,-33.62846,115.3824,-3.7,0.1524,2,22.94,24.91,4.15,"NCMP:Port Geographe"
"SIMP","Port Kennedy",2024,27.9583333333333,-32.36452304,115.726798,-1.6,0.156,1,22.92,24.2,3.74,"SIMP:Port Kennedy"
"SIMP","Seal Island",2024,25.25,-32.29040002,115.695982,-4.1,0.2043,1,22.85,24.13,3.77,"SIMP:Seal Island"
"MMP","Sorrento",2024,9.16666666666667,-31.8298,115.740788,-7.3,0.1137,4,23.1,24.43,3.75,"MMP:Sorrento"
"CSMC","Southern Flats",2024,20.5416666666667,-32.24142,115.70671,-2.1,0.1648,1,22.86,24.12,3.75,"CSMC:Southern Flats"
"NCMP","Vasse Diversion",2024,42.0833333333333,-33.64746,115.32379,-3.9,0.1579,2,22.95,25.06,4.21,"NCMP:Vasse Diversion"
"NCMP","Vasse-Wonnerup",2024,56.5416666666667,-33.60188,115.42345,-4.9,0.1157,2,22.94,24.91,4.15,"NCMP:Vasse-Wonnerup"
"SIMP","Warnbro Sound 5.2m",2024,17.2916666666667,-32.3162,115.71393,-6,0.1465,2,22.86,24.14,3.79,"SIMP:Warnbro Sound 5.2m"
"SIMP","Warnbro Sound 7.0m",2024,5.54166666666667,-32.31639,115.71428,-11.8,0.1465,2,22.86,24.14,3.79,"SIMP:Warnbro Sound 7.0m"
"MMP","Wreck Rock",2024,8.58333333333333,-31.803238,115.718603,-5.7,0.1428,4,22.99,24.27,3.79,"MMP:Wreck Rock"
