"band","lat","dep_mean","dep_lo","dep_hi"
1,-33.61103,10.0486836975947,3.86251363859393,16.2961182462073
2,-33.56043,13.2785325337257,4.8426309255466,16.1329041039761
3,-33.50983,13.1436333156862,7.60123641733728,16.6651747208659
4,-33.45923,12.8693998691944,8.40798452282876,16.7255080753222
5,-33.40863,12.6088137194868,8.73100314378938,16.6634354942375
6,-33.35803,12.6604583617705,8.86643945943851,16.6772272648941
7,-33.30743,12.4403728958827,8.93489964062464,16.6689638681111
8,-33.25683,12.1681238509121,8.97595757310803,16.6386296181191
9,-33.20623,12.0250772548734,9.00204010451507,16.662032107041
10,-33.15563,12.0509212342439,9.04040295091327,16.6669826440115
11,-33.10503,11.8066704048927,9.04789488450706,16.6653277441796
12,-33.05443,11.7039578583291,9.05328008520197,14.862546596654
13,-33.00383,11.5916352692721,8.63870583443523,12.0715699662049
14,-32.95323,8.59318891466179,4.62219142056502,12.0378428569034
15,-32.90263,4.92434977836699,4.60227711674474,6.02352769443904
16,-32.85203,4.55255064524076,2.52429933787498,4.67565476469003
17,-32.80143,4.33784227354615,2.52523957356074,4.65511924206849
18,-32.75083,4.15580240877138,2.52847958472255,4.62168260981045
19,-32.70023,3.92143557497415,2.53104893581994,4.58935133431452
20,-32.64963,3.77797579685184,2.53400015048701,4.54855661737346
21,-32.59903,3.50415665495686,2.53736000019601,4.49551383464119
22,-32.54843,3.44745121310509,2.54305141039107,4.39601772150432
23,-32.49783,3.33233339032243,2.54688776252143,4.28027645810013
24,-32.44723,3.11906352828088,2.55454259147086,4.09823712484789
25,-32.39663,2.91276420230039,2.59815981488088,3.64351758935353
26,-32.34603,3.19812648632897,2.13728630104284,6.0348278072536
27,-32.29543,3.14385954997418,2.52958886689176,6.02416017234226
28,-32.24483,2.68031397379842,1.74198727093689,4.29515297966149
29,-32.19423,2.67130629179541,1.64806666666756,5.01562948260564
30,-32.14363,2.9438082800875,2.25416725313317,4.78210904488858
31,-32.09303,3.38684165734265,2.87180147123974,4.78862512847672
32,-32.04243,3.45487767914468,2.90727685382368,4.65605377749635
33,-31.99183,3.96938184842045,2.9221633166968,5.35997668105774
34,-31.94123,6.77479026788623,5.15262142379957,7.2979642936254
35,-31.89063,7.08937117636296,6.9136599512494,7.62955876743537
36,-31.84003,7.19330509422967,6.67947233788981,8.13924454073819
37,-31.78943,8.18427934457179,6.10724364869164,9.38431443573386
38,-31.73883,9.37251867668467,8.9763713145586,10.5896490345471
39,-31.68823,9.3470204375411,9.0386831791928,10.0871584349335
40,-31.63763,9.2505915684079,9.0612264737573,9.58412681652542
41,-31.58703,9.17776629733439,9.06001577043226,9.37689736023238
42,-31.53643,9.12877263586782,9.0516717679288,9.22778828232102
43,-31.48583,9.09466271706894,9.0423597682777,9.15877809449444
44,-31.43523,9.06975223837504,9.02877183823865,9.1222040568057
45,-31.38463,9.05003257852925,9.02049922130319,9.08334537178358
46,-31.33403,9.03630679987449,9.01296322168211,9.06420456337023
47,-31.28343,8.96424943657929,8.69913137484716,9.04441965724231
48,-31.23283,8.12954193720004,6.97894291979959,8.93640209221308
49,-31.18223,6.56483613617984,5.7526480805784,8.64944852153674
50,-31.13163,5.79694065562304,5.52055396729878,6.96237425682229
51,-31.08103,5.22078953219155,4.60230147760557,5.73465752815897
52,-31.03043,4.62372008698297,4.60046657834412,4.63929208431492
53,-30.97983,4.65228421990859,4.62458741246037,4.67011183732525
54,-30.92923,4.69873345802086,4.65460159096444,4.73315331319706
55,-30.87863,4.76043047174752,4.7164277114451,4.79296798945074
56,-30.82803,4.82984049292377,4.77759395816474,4.87628287919667
57,-30.77743,4.93476000555109,4.78358529372212,5.08331210523465
58,-30.72683,5.02613861116329,4.68447856141208,5.29570433195185
59,-30.67623,4.94215934241533,4.53140699354543,5.38887679923651
60,-30.62563,4.51896810414388,4.36785838475726,5.00060701467969
61,-30.57503,4.23068811712796,4.01224324763337,4.35637686645681
62,-30.52443,4.12119509850999,3.88078041050649,4.26972123341754
63,-30.47383,3.9522315113264,3.73562813262673,4.11338863665001
64,-30.42323,3.9354237226189,3.68833733946991,4.09273519050444
65,-30.37263,4.0092207696787,3.96263025589002,4.02757048808301
66,-30.32203,3.99987318061503,3.57905828789311,4.03889432676613
67,-30.27143,4.06668369425242,4.03181541259305,4.14240436782581
68,-30.22083,4.19379732397162,4.09897755254553,4.36811045521624
69,-30.17023,4.16020357994506,3.89153519098691,4.3040667816013
70,-30.11963,4.14299372240115,4.01343094834362,4.26665127382371
