"removed","Spearman","loss"
"full",0.814476540058281,0
"longitude",0.801755269885604,0.0127212701726773
"latitude",0.813186268553171,0.00129027150511052
"both_coords",0.801340940161636,0.0131355998966456
"spatial_block",0.751324604244406,0.0631519358138748
"depth",0.795386047134744,0.019090492923537
"kd490",0.815561223734959,-0.00108468367667769
"htyperank",0.811843166424087,0.00263337363419403
"meansummermIST",0.813065009009734,0.0014115310485473
"maxsummermIST",0.813249550608589,0.00122698944969191
"CVsummermIST",0.812392733943425,0.00208380611485581
"temporal",0.809841308707231,0.00463523135104982
