"band","lat","year","pred","DI"
1,-33.61103,2003,29.8083215834173,1.50931093433978
2,-33.56043,2003,23.4892543330937,1.38357779375811
3,-33.50983,2003,23.8659064075501,1.68883930530562
4,-33.45923,2003,24.0742689956338,1.74377895900541
5,-33.40863,2003,24.0989190911973,1.80384974194077
6,-33.35803,2003,23.8373097609059,1.80413210177947
7,-33.30743,2003,23.5234838284853,1.96246751882314
8,-33.25683,2003,23.5249857885924,2.12989567813953
9,-33.20623,2003,23.3839363547386,2.24803231502568
10,-33.15563,2003,22.952409875997,2.30614842058417
11,-33.10503,2003,22.8890598970263,2.45217963410492
12,-33.05443,2003,22.6404347942129,2.53572264791418
13,-33.00383,2003,22.2842677788291,2.56627387827983
14,-32.95323,2003,25.7182174021473,2.52068830815521
15,-32.90263,2003,32.6989102534835,2.2333846336831
16,-32.85203,2003,33.8424299566205,2.20792361722435
17,-32.80143,2003,33.862162275397,2.3103413788739
18,-32.75083,2003,33.8424028191138,2.41785959428549
19,-32.70023,2003,34.0668548246113,2.53496164458613
20,-32.64963,2003,34.2550640957352,2.60596662488293
21,-32.59903,2003,34.5906058963217,2.59318684194327
22,-32.54843,2003,34.7720401669778,2.36195590958189
23,-32.49783,2003,36.3102994322626,2.13752623997086
24,-32.44723,2003,37.1112142276178,1.93243971615527
25,-32.39663,2003,38.8120371524105,1.7963694840757
26,-32.34603,2003,38.3501935311947,1.52451212534188
27,-32.29543,2003,36.9555253943015,1.50038965667807
28,-32.24483,2003,35.6763621908673,1.57645924240791
29,-32.19423,2003,31.7407784348162,1.25823589195852
30,-32.14363,2003,28.8934712441748,1.2178284863645
31,-32.09303,2003,29.688728648715,1.34421208112936
32,-32.04243,2003,29.9175183947918,1.44659605233169
33,-31.99183,2003,28.4171307778495,1.44476061266297
34,-31.94123,2003,23.1442702579005,1.95712283318367
35,-31.89063,2003,22.8796178743683,1.88132453947529
36,-31.84003,2003,23.3078116954772,1.90633795579377
37,-31.78943,2003,24.5343508488076,1.97049604946689
38,-31.73883,2003,25.1055099696945,2.07269373818372
39,-31.68823,2003,25.1433912369299,2.26581710993679
40,-31.63763,2003,24.8017014251154,2.49154302879572
41,-31.58703,2003,24.4499663277978,2.76771779486455
42,-31.53643,2003,23.9338385408052,3.06578491075042
43,-31.48583,2003,22.646767935093,3.42624495456943
44,-31.43523,2003,21.9160959186205,3.7356947564466
45,-31.38463,2003,22.3414858896516,3.97399128024647
46,-31.33403,2003,22.1848397963215,4.14281020857843
47,-31.28343,2003,22.1336446981642,4.16813501017688
48,-31.23283,2003,22.1863469204351,3.6803150535409
49,-31.18223,2003,22.5248428665319,2.89302447678328
50,-31.13163,2003,22.4655291880535,2.53663384594135
51,-31.08103,2003,22.5643568769345,2.17809866367373
52,-31.03043,2003,24.1830886253843,1.91957253053219
53,-30.97983,2003,24.8044784594048,1.67458529120244
54,-30.92923,2003,27.3913608400582,1.39232185757757
55,-30.87863,2003,27.4239707713784,1.14886032381691
56,-30.82803,2003,27.4457871047258,0.902411332961391
57,-30.77743,2003,26.0574064327836,0.778604189055567
58,-30.72683,2003,25.4577537906836,0.708723093253114
59,-30.67623,2003,26.0620085384393,0.755749339744564
60,-30.62563,2003,28.4503862496402,0.900618833317906
61,-30.57503,2003,29.5687679585514,0.923723396218682
62,-30.52443,2003,30.6868144918662,1.0503411402829
63,-30.47383,2003,32.019306202431,1.28850733234098
64,-30.42323,2003,32.9429276933403,1.36943421056125
65,-30.37263,2003,33.4583513187179,1.42117305411318
66,-30.32203,2003,32.950938520549,1.55355875242152
67,-30.27143,2003,32.5161943554215,1.62543574143047
68,-30.22083,2003,33.382988678952,1.71165485353213
69,-30.17023,2003,34.5797061560064,1.7178143002119
70,-30.11963,2003,35.142066129135,1.83546455152353
1,-33.61103,2004,29.8621155103201,1.50931093433978
2,-33.56043,2004,23.4128566852781,1.38357779375811
3,-33.50983,2004,23.932781080024,1.68883930530562
4,-33.45923,2004,22.2244065396675,1.74377895900541
5,-33.40863,2004,21.4728870830831,1.80384974194077
6,-33.35803,2004,21.1531295164439,1.80413210177947
7,-33.30743,2004,20.8365768274851,1.96246751882314
8,-33.25683,2004,20.744652068865,2.12989567813953
9,-33.20623,2004,20.5574923877337,2.24803231502568
10,-33.15563,2004,20.103903920185,2.30614842058417
11,-33.10503,2004,20.0546741774392,2.45217963410492
12,-33.05443,2004,19.9350215618237,2.53572264791418
13,-33.00383,2004,19.7133844189174,2.56627387827983
14,-32.95323,2004,22.8084428018357,2.54503925056436
15,-32.90263,2004,30.4948033736326,2.41458417109212
16,-32.85203,2004,32.3125381956783,2.38818362654992
17,-32.80143,2004,32.5808732696768,2.46921848950035
18,-32.75083,2004,32.6152112054944,2.55280843681095
19,-32.70023,2004,32.8213588522231,2.64747458131941
20,-32.64963,2004,32.9672439633801,2.69978643538593
21,-32.59903,2004,33.3641089194972,2.68095176656456
22,-32.54843,2004,33.4885090223861,2.43379756295042
23,-32.49783,2004,34.1510262606026,2.17706493187619
24,-32.44723,2004,34.6568286129754,1.98398737220944
25,-32.39663,2004,35.8170937071204,1.80686003332244
26,-32.34603,2004,34.8233597758737,1.52153565838862
27,-32.29543,2004,33.3574674585663,1.44213652738373
28,-32.24483,2004,34.1505328863026,1.49667439421604
29,-32.19423,2004,33.39047407346,1.17572839426036
30,-32.14363,2004,30.8318275914543,1.30474960136943
31,-32.09303,2004,31.1015271599548,1.53011612770697
32,-32.04243,2004,31.3084510061821,1.5925647533775
33,-31.99183,2004,29.3623256632491,1.54145045561524
34,-31.94123,2004,22.4149554016517,1.95319495581745
35,-31.89063,2004,22.1320234715263,1.88132453947529
36,-31.84003,2004,22.1658460825499,1.90633795579377
37,-31.78943,2004,22.4466133965101,1.97049604946689
38,-31.73883,2004,22.9540697619725,2.07269373818372
39,-31.68823,2004,23.0094254916828,2.26581710993679
40,-31.63763,2004,22.7451363010309,2.49154302879572
41,-31.58703,2004,22.5106510974844,2.76771779486455
42,-31.53643,2004,22.2466057886026,3.06578491075042
43,-31.48583,2004,21.4578831747372,3.42624495456943
44,-31.43523,2004,20.8984852133209,3.7356947564466
45,-31.38463,2004,20.7694117257984,3.97399128024647
46,-31.33403,2004,20.6468112976622,4.14281020857843
47,-31.28343,2004,20.6821853491313,4.16813501017688
48,-31.23283,2004,21.784416425168,3.6803150535409
49,-31.18223,2004,22.5129940458218,2.89302447678328
50,-31.13163,2004,22.6697881665712,2.53663384594135
51,-31.08103,2004,23.3846302878356,2.16455923670523
52,-31.03043,2004,25.0100534948181,1.87869222146143
53,-30.97983,2004,25.8895388666361,1.63176760169864
54,-30.92923,2004,28.2544020454284,1.35320604720511
55,-30.87863,2004,28.5485003672203,1.11624088455953
56,-30.82803,2004,28.6144246535447,0.87535551547913
57,-30.77743,2004,27.9478789532348,0.762723193879188
58,-30.72683,2004,27.5570803678989,0.700131411148116
59,-30.67623,2004,28.0610398916431,0.746629345169522
60,-30.62563,2004,30.7053094668886,0.88716387458526
61,-30.57503,2004,31.8464192363828,0.904115454157325
62,-30.52443,2004,33.7064493174378,1.02056354036537
63,-30.47383,2004,35.3935984607576,1.20656150522365
64,-30.42323,2004,35.9080439350806,1.45074953470476
65,-30.37263,2004,36.5301742161408,1.53293672502557
66,-30.32203,2004,37.5824283930282,1.46222364005799
67,-30.27143,2004,37.8265438433556,1.55168951152237
68,-30.22083,2004,38.3126309541782,1.71402823080582
69,-30.17023,2004,37.695353979732,1.71858823770647
70,-30.11963,2004,36.9253810441713,1.83588428399648
1,-33.61103,2005,28.8157834583351,1.50931093433978
2,-33.56043,2005,20.4256869034857,1.38357779375811
3,-33.50983,2005,20.9108815371873,1.68883930530562
4,-33.45923,2005,21.2890181224441,1.74377895900541
5,-33.40863,2005,21.2103589928698,1.80384974194077
6,-33.35803,2005,20.9003956629868,1.80413210177947
7,-33.30743,2005,20.5720241262461,1.96246751882314
8,-33.25683,2005,20.4841797875351,2.12989567813953
9,-33.20623,2005,20.2947783311868,2.24803231502568
10,-33.15563,2005,19.8517142258071,2.30614842058417
11,-33.10503,2005,19.8053779269836,2.45217963410492
12,-33.05443,2005,19.6751147921213,2.53572264791418
13,-33.00383,2005,19.450946070811,2.56627387827983
14,-32.95323,2005,22.273065734565,2.53937396649503
15,-32.90263,2005,29.2300410356088,2.37314419386982
16,-32.85203,2005,30.8757830017621,2.34624000256154
17,-32.80143,2005,31.9674718873395,2.43595321914858
18,-32.75083,2005,32.2920818282005,2.53011257139123
19,-32.70023,2005,32.4969772919284,2.63065307817552
20,-32.64963,2005,32.6377757735769,2.68808215928493
21,-32.59903,2005,32.9243817403886,2.67911273466455
22,-32.54843,2005,32.9705682781098,2.44338687126594
23,-32.49783,2005,32.9338418211328,2.18556324071385
24,-32.44723,2005,32.7074960669759,1.98528099692748
25,-32.39663,2005,33.5951571104518,1.80928433367583
26,-32.34603,2005,33.0613762083392,1.53785602337439
27,-32.29543,2005,32.507012985487,1.43865057319966
28,-32.24483,2005,33.9869069598237,1.44724586361407
29,-32.19423,2005,33.7453514759835,1.11547639728196
30,-32.14363,2005,31.8291952211845,1.23419828329991
31,-32.09303,2005,32.0778816575335,1.50460810264325
32,-32.04243,2005,31.9862017203248,1.56412913695377
33,-31.99183,2005,30.0419301421754,1.52974916223719
34,-31.94123,2005,22.8053317120921,1.95209891642701
35,-31.89063,2005,22.0613246258369,1.88132453947529
36,-31.84003,2005,22.0619835387305,1.90633795579377
37,-31.78943,2005,22.2541773179177,1.97049604946689
38,-31.73883,2005,22.6940784193276,2.07269373818372
39,-31.68823,2005,22.7387643509666,2.26581710993679
40,-31.63763,2005,22.8654766444887,2.49154302879572
41,-31.58703,2005,23.0225909623836,2.76771779486455
42,-31.53643,2005,22.8643703611615,3.06578491075042
43,-31.48583,2005,21.4651655512815,3.42624495456943
44,-31.43523,2005,20.7112154478282,3.7356947564466
45,-31.38463,2005,20.5943070618746,3.97399128024647
46,-31.33403,2005,20.3996597520182,4.14281020857843
47,-31.28343,2005,20.3244703709985,4.16813501017688
48,-31.23283,2005,20.3051423622911,3.6803150535409
49,-31.18223,2005,20.6333219867433,2.89302447678328
50,-31.13163,2005,20.6590573626077,2.53663384594135
51,-31.08103,2005,22.0705601603182,2.19017438525399
52,-31.03043,2005,25.1563011009258,1.9452282277436
53,-30.97983,2005,25.8307770555173,1.70042868968528
54,-30.92923,2005,27.6536296803438,1.41620543042453
55,-30.87863,2005,27.9943411598516,1.16788912050819
56,-30.82803,2005,28.1315486601838,0.915537364314592
57,-30.77743,2005,27.2117134444657,0.784187903515763
58,-30.72683,2005,26.7316118994084,0.708441384996011
59,-30.67623,2005,27.2460022632674,0.753879670521927
60,-30.62563,2005,29.5814398854418,0.89892427405444
61,-30.57503,2005,30.7258800221989,0.925620410047251
62,-30.52443,2005,31.90072150601,1.09858656622931
63,-30.47383,2005,33.0987527332967,1.4769588514178
64,-30.42323,2005,33.5492119603664,1.87801095925457
65,-30.37263,2005,33.7674939797227,1.9133014768318
66,-30.32203,2005,33.8352239685981,1.61208986278644
67,-30.27143,2005,34.3481070883201,1.69487437745178
68,-30.22083,2005,35.9639219370399,1.86355185009905
69,-30.17023,2005,37.1584253211536,1.77150070836536
70,-30.11963,2005,36.0652366671357,1.86500357815808
1,-33.61103,2006,29.6209285650249,1.50931093433978
2,-33.56043,2006,21.7229313679519,1.38357779375811
3,-33.50983,2006,21.3972933268884,1.68883930530562
4,-33.45923,2006,23.3986504354564,1.74377895900541
5,-33.40863,2006,24.0565849334551,1.80384974194077
6,-33.35803,2006,23.7550406878645,1.80413210177947
7,-33.30743,2006,23.4061495748389,1.96246751882314
8,-33.25683,2006,23.4018247076746,2.12989567813953
9,-33.20623,2006,23.2624561124379,2.24803231502568
10,-33.15563,2006,22.8222700489611,2.30614842058417
11,-33.10503,2006,22.7419468992191,2.45217963410492
12,-33.05443,2006,22.4730085170088,2.53572264791418
13,-33.00383,2006,22.0993538775885,2.56627387827983
14,-32.95323,2006,25.0661927798324,2.52412136604954
15,-32.90263,2006,31.930893836054,2.26368450367015
16,-32.85203,2006,33.0569573991526,2.26297530943024
17,-32.80143,2006,33.3067749542322,2.3526801612389
18,-32.75083,2006,33.4477458815118,2.44550230092581
19,-32.70023,2006,33.5708858713695,2.55340362468642
20,-32.64963,2006,33.6372032188266,2.61131794519198
21,-32.59903,2006,33.7933427173976,2.57370428868612
22,-32.54843,2006,33.759284878201,2.31103206203574
23,-32.49783,2006,34.5906861986834,2.09250572500595
24,-32.44723,2006,34.700981260192,1.91131603982126
25,-32.39663,2006,35.7239377244612,1.78668870226755
26,-32.34603,2006,35.4806180970892,1.53517947931149
27,-32.29543,2006,34.2665922785983,1.47488724086324
28,-32.24483,2006,35.4142271528419,1.50474650457121
29,-32.19423,2006,37.1587714820473,1.14837292729777
30,-32.14363,2006,35.8558713619144,1.12476851067735
31,-32.09303,2006,34.287999517542,1.28152808578273
32,-32.04243,2006,34.3980192127996,1.34455819413117
33,-31.99183,2006,32.6500961536341,1.37789137965344
34,-31.94123,2006,25.75213352023,1.95574140834135
35,-31.89063,2006,24.4469336555829,1.88132453947529
36,-31.84003,2006,24.3820446644255,1.90633795579377
37,-31.78943,2006,24.6804449178952,1.97049604946689
38,-31.73883,2006,25.1213527727248,2.07269373818372
39,-31.68823,2006,25.1234267482936,2.26581710993679
40,-31.63763,2006,25.1717590703584,2.49154302879572
41,-31.58703,2006,25.3400234427728,2.76771779486455
42,-31.53643,2006,25.2297326463897,3.06578491075042
43,-31.48583,2006,23.6419944797679,3.42624495456943
44,-31.43523,2006,22.6219316731639,3.7356947564466
45,-31.38463,2006,22.4499488000051,3.97399128024647
46,-31.33403,2006,22.3015995816751,4.14281020857843
47,-31.28343,2006,22.2440167159467,4.16813501017688
48,-31.23283,2006,22.2254797142549,3.6803150535409
49,-31.18223,2006,22.500819737064,2.89302447678328
50,-31.13163,2006,22.557930791187,2.53663384594135
51,-31.08103,2006,23.4212738937969,2.19017438525399
52,-31.03043,2006,25.3682635955832,1.9452282277436
53,-30.97983,2006,25.9823784443327,1.70042868968528
54,-30.92923,2006,26.8292699648857,1.41620543042453
55,-30.87863,2006,25.0392429532123,1.16788912050819
56,-30.82803,2006,24.013426956471,0.915537364314592
57,-30.77743,2006,21.9547123519699,0.784187903515763
58,-30.72683,2006,20.6271416672676,0.708441384996011
59,-30.67623,2006,21.7641506702634,0.753879670521927
60,-30.62563,2006,26.5421334058447,0.89892427405444
61,-30.57503,2006,29.2559721481629,0.925620410047251
62,-30.52443,2006,29.8610465211375,1.09858656622931
63,-30.47383,2006,31.7887722175005,1.4769588514178
64,-30.42323,2006,32.9661673465506,1.87801095925457
65,-30.37263,2006,33.0715492677487,1.9133014768318
66,-30.32203,2006,31.9568131029128,1.61208986278644
67,-30.27143,2006,31.7526359882527,1.69487437745178
68,-30.22083,2006,32.4127658434239,1.86355185009905
69,-30.17023,2006,33.1390290902723,1.77150070836536
70,-30.11963,2006,33.7691784834233,1.86500357815808
1,-33.61103,2007,28.5041324883163,1.50931093433978
2,-33.56043,2007,20.0415234997905,1.38357779375811
3,-33.50983,2007,20.293703501391,1.68883930530562
4,-33.45923,2007,20.6868523115377,1.74377895900541
5,-33.40863,2007,20.6858214871871,1.80384974194077
6,-33.35803,2007,20.4688921560261,1.80413210177947
7,-33.30743,2007,20.2381433201008,1.96246751882314
8,-33.25683,2007,20.1790703408767,2.12989567813953
9,-33.20623,2007,20.0270761229974,2.24803231502568
10,-33.15563,2007,19.6328031296712,2.30614842058417
11,-33.10503,2007,19.6011543080674,2.45217963410492
12,-33.05443,2007,19.4645982702664,2.53572264791418
13,-33.00383,2007,19.2131497132786,2.56627387827983
14,-32.95323,2007,20.8546366223502,2.54030146322347
15,-32.90263,2007,25.844387540517,2.47986252130615
16,-32.85203,2007,27.0585430434979,2.53191058078488
17,-32.80143,2007,28.2110787427973,2.59434550301162
18,-32.75083,2007,28.3943235538878,2.65611966538531
19,-32.70023,2007,28.412227760462,2.74231731698217
20,-32.64963,2007,28.480032402194,2.76481460604348
21,-32.59903,2007,28.6369946525249,2.64246040923658
22,-32.54843,2007,28.525251005263,2.34208913271097
23,-32.49783,2007,28.5006696808519,2.10151219860122
24,-32.44723,2007,28.7509736820666,2.00779699822981
25,-32.39663,2007,29.2432246377659,1.89235832912603
26,-32.34603,2007,28.7376821581742,1.66414257139033
27,-32.29543,2007,29.0666200975795,1.46361900236711
28,-32.24483,2007,31.3206328775226,1.44682601344493
29,-32.19423,2007,30.9999204360245,1.11974467650957
30,-32.14363,2007,29.5904842589775,1.12251168512522
31,-32.09303,2007,29.6464044455414,1.21694384225163
32,-32.04243,2007,29.9106898213501,1.2783693560425
33,-31.99183,2007,27.8799731052505,1.33326320783896
34,-31.94123,2007,21.0415599718889,1.97738133238256
35,-31.89063,2007,20.7012915801552,1.88132453947529
36,-31.84003,2007,20.6827651934305,1.90633795579377
37,-31.78943,2007,20.7508803284425,1.97049604946689
38,-31.73883,2007,21.0481588551321,2.07269373818372
39,-31.68823,2007,21.1144163670662,2.26581710993679
40,-31.63763,2007,21.1635082539023,2.49154302879572
41,-31.58703,2007,21.2926459263628,2.76771779486455
42,-31.53643,2007,21.0835904877699,3.06578491075042
43,-31.48583,2007,20.4370746798504,3.42624495456943
44,-31.43523,2007,19.5629045979997,3.7356947564466
45,-31.38463,2007,19.3319696309367,3.97399128024647
46,-31.33403,2007,19.1389723051607,4.14281020857843
47,-31.28343,2007,19.0004944308255,4.16813501017688
48,-31.23283,2007,18.8926212927599,3.6803150535409
49,-31.18223,2007,18.9949508660623,2.89302447678328
50,-31.13163,2007,18.77953113671,2.53663384594135
51,-31.08103,2007,20.0761736204457,2.17582842207436
52,-31.03043,2007,23.6647909229131,1.92083799189777
53,-30.97983,2007,24.2641489313016,1.67662640839384
54,-30.92923,2007,25.6299527562112,1.39395177231464
55,-30.87863,2007,25.8065988172682,1.1508541477863
56,-30.82803,2007,26.2373999360903,0.906118527512812
57,-30.77743,2007,25.0910949201755,0.783356997572411
58,-30.72683,2007,24.2109636984511,0.714454775220876
59,-30.67623,2007,25.0124897976832,0.763117918270769
60,-30.62563,2007,27.8795989569628,0.910769683683467
61,-30.57503,2007,29.3233120050595,0.930921805110331
62,-30.52443,2007,30.3901621470972,1.01818602459605
63,-30.47383,2007,31.9603865574907,1.20553555675635
64,-30.42323,2007,32.5160958895965,1.2504196092289
65,-30.37263,2007,32.1472548265421,1.29123344694733
66,-30.32203,2007,30.3198244363304,1.41043321469345
67,-30.27143,2007,29.8388583265148,1.4757800175009
68,-30.22083,2007,31.2929614616794,1.67356945411128
69,-30.17023,2007,32.3544317748126,1.7057391634283
70,-30.11963,2007,33.0322918194612,1.82894144098554
1,-33.61103,2008,28.499805277059,1.50931093433978
2,-33.56043,2008,20.0234264672275,1.38357779375811
3,-33.50983,2008,20.2812454629955,1.68883930530562
4,-33.45923,2008,20.6623066578917,1.74377895900541
5,-33.40863,2008,20.6518589225527,1.80384974194077
6,-33.35803,2008,20.4302817889626,1.80413210177947
7,-33.30743,2008,20.1973600401862,1.96246751882314
8,-33.25683,2008,20.1375122600686,2.12989567813953
9,-33.20623,2008,19.987391779563,2.24803231502568
10,-33.15563,2008,19.5962168201474,2.30614842058417
11,-33.10503,2008,19.567007262212,2.45217963410492
12,-33.05443,2008,19.4292159023802,2.53572264791418
13,-33.00383,2008,19.1660071710081,2.56627387827983
14,-32.95323,2008,20.5635885425805,2.52868115979383
15,-32.90263,2008,24.5765898275707,2.2843245064039
16,-32.85203,2008,25.5050275244492,2.26758129472986
17,-32.80143,2008,26.2629623617532,2.3740688068844
18,-32.75083,2008,26.3803893780389,2.48201372929727
19,-32.70023,2008,26.5542713546682,2.59654305219964
20,-32.64963,2008,26.7201133696478,2.65789579202712
21,-32.59903,2008,27.0943095147711,2.62936620338422
22,-32.54843,2008,26.9462757590014,2.35243095274416
23,-32.49783,2008,26.8961885914816,2.07029172936256
24,-32.44723,2008,27.1956874004634,1.88034087403094
25,-32.39663,2008,27.7929586208656,1.77542666185762
26,-32.34603,2008,27.7240278508135,1.56977294529426
27,-32.29543,2008,28.1617176592934,1.42280758912516
28,-32.24483,2008,30.4868098300701,1.49713802850964
29,-32.19423,2008,31.4499593908237,1.11123849392756
30,-32.14363,2008,30.5406774977181,1.12670900065998
31,-32.09303,2008,30.7939572395255,1.2244830566137
32,-32.04243,2008,30.6262703342685,1.28843722632639
33,-31.99183,2008,28.0330227464893,1.31493751598173
34,-31.94123,2008,20.8444888875026,1.92797834710022
35,-31.89063,2008,20.3860730370663,1.88132453947529
36,-31.84003,2008,20.3554901508855,1.90633795579377
37,-31.78943,2008,20.4880623889054,1.97049604946689
38,-31.73883,2008,20.8083994181861,2.07269373818372
39,-31.68823,2008,20.8750959766324,2.26581710993679
40,-31.63763,2008,20.9010732627274,2.49154302879572
41,-31.58703,2008,21.0040486592943,2.76771779486455
42,-31.53643,2008,20.9530707896387,3.06578491075042
43,-31.48583,2008,20.3928206901769,3.42624495456943
44,-31.43523,2008,19.544798505828,3.7356947564466
45,-31.38463,2008,19.3470790059367,3.97399128024647
46,-31.33403,2008,19.1605341373701,4.14281020857843
47,-31.28343,2008,19.1285271157304,4.16813501017688
48,-31.23283,2008,19.2975387228624,3.6803150535409
49,-31.18223,2008,19.5901867400497,2.89302447678328
50,-31.13163,2008,19.5911018952465,2.53663384594135
51,-31.08103,2008,21.0260241825824,2.16422361160679
52,-31.03043,2008,24.1944714261697,1.88236076328855
53,-30.97983,2008,24.8243081887146,1.63601991946544
54,-30.92923,2008,26.9701014500923,1.35694236915547
55,-30.87863,2008,27.2212615591817,1.11996182912858
56,-30.82803,2008,27.5414727255197,0.880102854441522
57,-30.77743,2008,27.0482806266322,0.766846713938402
58,-30.72683,2008,26.3358573515249,0.704363407738333
59,-30.67623,2008,26.3424100860496,0.751945996688047
60,-30.62563,2008,28.7804527217609,0.894551567127295
61,-30.57503,2008,29.8306884879322,0.912139359032177
62,-30.52443,2008,30.6085822315021,1.00471974208147
63,-30.47383,2008,31.9031629273863,1.16252302947163
64,-30.42323,2008,32.459319797812,1.29618347697371
65,-30.37263,2008,32.4448466077234,1.44631139392319
66,-30.32203,2008,32.4548856214144,1.46470703397928
67,-30.27143,2008,33.2671431456707,1.55657113333752
68,-30.22083,2008,35.7312337551275,1.68634244357607
69,-30.17023,2008,37.6027059374381,1.70971324586849
70,-30.11963,2008,37.0280427173537,1.83108287025117
1,-33.61103,2009,28.5701516669808,1.50931093433978
2,-33.56043,2009,20.175963308118,1.38357779375811
3,-33.50983,2009,20.3659300531784,1.68883930530562
4,-33.45923,2009,20.7185228926859,1.74377895900541
5,-33.40863,2009,20.7048432558433,1.80384974194077
6,-33.35803,2009,20.4828227086291,1.80413210177947
7,-33.30743,2009,20.2176580388211,1.96246751882314
8,-33.25683,2009,20.1579296143822,2.12989567813953
9,-33.20623,2009,20.0065934247112,2.24803231502568
10,-33.15563,2009,19.6159895670378,2.30614842058417
11,-33.10503,2009,19.5825061263712,2.45217963410492
12,-33.05443,2009,19.4542165016901,2.53572264791418
13,-33.00383,2009,19.222876808253,2.56627387827983
14,-32.95323,2009,21.0499900892305,2.53687679017014
15,-32.90263,2009,25.804903713005,2.4495709348703
16,-32.85203,2009,26.8591069660152,2.4576137168429
17,-32.80143,2009,28.1608477871965,2.5312379043897
18,-32.75083,2009,28.6382773675335,2.6059308517434
19,-32.70023,2009,28.8991750983184,2.70407008734455
20,-32.64963,2009,29.0541246258904,2.74833649687669
21,-32.59903,2009,29.3742685198765,2.67267157072444
22,-32.54843,2009,29.43304511104,2.36947561245157
23,-32.49783,2009,29.52528211102,2.10192644562665
24,-32.44723,2009,29.4960327343968,1.93634162195959
25,-32.39663,2009,30.2114834458494,1.7894938340596
26,-32.34603,2009,29.638652591112,1.58808003451376
27,-32.29543,2009,29.210484400392,1.50589635645174
28,-32.24483,2009,30.2810079880072,1.48510530183083
29,-32.19423,2009,30.8812294497408,1.10832600415377
30,-32.14363,2009,29.9167636759344,1.12717568366518
31,-32.09303,2009,30.3047781756865,1.23558989096828
32,-32.04243,2009,30.540457754863,1.2797045573665
33,-31.99183,2009,28.3289871341112,1.26616319429817
34,-31.94123,2009,21.0354324060979,1.92040832231757
35,-31.89063,2009,20.6747425846906,1.88132453947529
36,-31.84003,2009,20.6728894183099,1.90633795579377
37,-31.78943,2009,20.7783789885196,1.97049604946689
38,-31.73883,2009,21.1063626928101,2.07269373818372
39,-31.68823,2009,21.1446923254074,2.26581710993679
40,-31.63763,2009,21.1993825020569,2.49154302879572
41,-31.58703,2009,21.4478113010536,2.76771779486455
42,-31.53643,2009,21.4514691503634,3.06578491075042
43,-31.48583,2009,20.6925354760075,3.42624495456943
44,-31.43523,2009,19.5881545979997,3.7356947564466
45,-31.38463,2009,19.3470790059367,3.97399128024647
46,-31.33403,2009,19.1513075573537,4.14281020857843
47,-31.28343,2009,19.0066944694058,4.16813501017688
48,-31.23283,2009,18.8713806484698,3.6803150535409
49,-31.18223,2009,19.0255775057228,2.89302447678328
50,-31.13163,2009,18.8852678396772,2.53663384594135
51,-31.08103,2009,20.5269750800143,2.16422361160679
52,-31.03043,2009,24.601220678593,1.88236076328855
53,-30.97983,2009,25.0651477218321,1.63601991946544
54,-30.92923,2009,25.9268278363017,1.35694236915547
55,-30.87863,2009,25.00077436903,1.11996182912858
56,-30.82803,2009,24.075008305043,0.880102854441522
57,-30.77743,2009,21.9685883248631,0.766846713938402
58,-30.72683,2009,20.6240981680392,0.704363407738333
59,-30.67623,2009,21.7587630242096,0.751945996688047
60,-30.62563,2009,26.5245248804924,0.894551567127295
61,-30.57503,2009,29.3031146129933,0.912139359032177
62,-30.52443,2009,30.015419856253,1.00471974208147
63,-30.47383,2009,32.1331955777528,1.16252302947163
64,-30.42323,2009,33.2561941639408,1.29618347697371
65,-30.37263,2009,33.2086705265549,1.44631139392319
66,-30.32203,2009,32.1311093852008,1.46470703397928
67,-30.27143,2009,31.7059642322419,1.55657113333752
68,-30.22083,2009,32.0336195966197,1.68634244357607
69,-30.17023,2009,32.9700117193158,1.70971324586849
70,-30.11963,2009,33.943538888349,1.83108287025117
1,-33.61103,2010,28.4667202618148,1.50931093433978
2,-33.56043,2010,19.9740346261387,1.38357779375811
3,-33.50983,2010,20.2118352160346,1.68883930530562
4,-33.45923,2010,20.6287020535378,1.74377895900541
5,-33.40863,2010,20.6152305743384,1.80384974194077
6,-33.35803,2010,20.3939695724094,1.80413210177947
7,-33.30743,2010,20.1682207506563,1.96246751882314
8,-33.25683,2010,20.1126030113312,2.12989567813953
9,-33.20623,2010,19.9622434209772,2.24803231502568
10,-33.15563,2010,19.5709489630045,2.30614842058417
11,-33.10503,2010,19.5384625642402,2.45217963410492
12,-33.05443,2010,19.3888801130848,2.53572264791418
13,-33.00383,2010,19.0978269362557,2.56627387827983
14,-32.95323,2010,20.4378409306131,2.54016207177625
15,-32.90263,2010,24.4575010363156,2.44242334755291
16,-32.85203,2010,25.3749651381084,2.44209888426676
17,-32.80143,2010,25.8333908056844,2.51741608735318
18,-32.75083,2010,26.0553249087322,2.59291096480894
19,-32.70023,2010,26.3963208219718,2.69106397390819
20,-32.64963,2010,26.5901759466989,2.74258402434312
21,-32.59903,2010,27.081574518186,2.68004149828203
22,-32.54843,2010,27.0615748162311,2.38586686514113
23,-32.49783,2010,27.0039022917651,2.12226130300875
24,-32.44723,2010,27.3775369883671,1.94482287623945
25,-32.39663,2010,27.7406098190665,1.78614353955059
26,-32.34603,2010,27.5352224275548,1.58202292642614
27,-32.29543,2010,27.3753099341175,1.50890539360242
28,-32.24483,2010,28.2555190089492,1.44923907424914
29,-32.19423,2010,28.8536555492617,1.0987526722609
30,-32.14363,2010,28.3079760426763,1.11405867329054
31,-32.09303,2010,28.6744333253347,1.21735363710623
32,-32.04243,2010,28.7229086539183,1.26385572706093
33,-31.99183,2010,26.6702435693669,1.26959009274681
34,-31.94123,2010,20.6783441790882,1.94105747510118
35,-31.89063,2010,20.2876322896616,1.88132453947529
36,-31.84003,2010,20.2300404617929,1.90633795579377
37,-31.78943,2010,20.3133368229128,1.97049604946689
38,-31.73883,2010,20.6136059110064,2.07269373818372
39,-31.68823,2010,20.6759343041035,2.26581710993679
40,-31.63763,2010,20.7465487653895,2.49154302879572
41,-31.58703,2010,20.7963835502054,2.76771779486455
42,-31.53643,2010,20.7548291247871,3.06578491075042
43,-31.48583,2010,20.1253251020656,3.42624495456943
44,-31.43523,2010,19.647976126333,3.7356947564466
45,-31.38463,2010,19.7638404125592,3.97399128024647
46,-31.33403,2010,19.6921697889992,4.14281020857843
47,-31.28343,2010,19.8874567413808,4.16813501017688
48,-31.23283,2010,20.1524547978636,3.6803150535409
49,-31.18223,2010,20.500762680996,2.89302447678328
50,-31.13163,2010,20.5238469451241,2.53663384594135
51,-31.08103,2010,21.6288210877429,2.18358956243879
52,-31.03043,2010,24.1081497054689,1.93693352053166
53,-30.97983,2010,24.8407602682738,1.69321899232724
54,-30.92923,2010,27.7063900837601,1.41007876224338
55,-30.87863,2010,28.7454655571142,1.16475484125009
56,-30.82803,2010,29.0369730131512,0.916807849337492
57,-30.77743,2010,28.1099337236428,0.788219823230288
58,-30.72683,2010,27.6577008762738,0.714767542465874
59,-30.67623,2010,28.1780444250672,0.762558426767991
60,-30.62563,2010,30.6799354583258,0.910457823448929
61,-30.57503,2010,31.8242399828055,0.932514061028874
62,-30.52443,2010,34.3833266065929,1.01117906879614
63,-30.47383,2010,36.3746910520922,1.21521732442372
64,-30.42323,2010,36.9485952126994,1.4626688966983
65,-30.37263,2010,37.5441567351632,1.62613669874482
66,-30.32203,2010,38.6042013721669,1.48079474414654
67,-30.27143,2010,38.6802791871181,1.57305081423784
68,-30.22083,2010,39.2042975539884,1.71962736599388
69,-30.17023,2010,39.0897009689635,1.72042332043376
70,-30.11963,2010,39.3773784311002,1.83688028183915
1,-33.61103,2011,28.5020515111338,1.50931093433978
2,-33.56043,2011,20.042605461742,1.38357779375811
3,-33.50983,2011,20.3200568341007,1.68883930530562
4,-33.45923,2011,20.6679943747457,1.74377895900541
5,-33.40863,2011,20.6410963150791,1.80384974194077
6,-33.35803,2011,20.4146726619785,1.80413210177947
7,-33.30743,2011,20.1792544045025,1.96246751882314
8,-33.25683,2011,20.1200035795131,2.12989567813953
9,-33.20623,2011,19.9696013755226,2.24803231502568
10,-33.15563,2011,19.5182973395532,2.30614842058417
11,-33.10503,2011,19.4207871939109,2.45217963410492
12,-33.05443,2011,19.2508249299476,2.53572264791418
13,-33.00383,2011,18.9477846269044,2.56627387827983
14,-32.95323,2011,20.2899709511023,2.5515973509827
15,-32.90263,2011,24.368632499745,2.53747738388929
16,-32.85203,2011,25.3464650166261,2.56731278745027
17,-32.80143,2011,25.9971464906314,2.63684010599892
18,-32.75083,2011,26.0347920457141,2.70991239036679
19,-32.70023,2011,26.3660441793174,2.80443230808169
20,-32.64963,2011,26.5710209153008,2.84293436945882
21,-32.59903,2011,27.0710045719419,2.74237370488735
22,-32.54843,2011,27.0788011447662,2.43681709758793
23,-32.49783,2011,27.0197088968539,2.17896916595589
24,-32.44723,2011,27.1619802578163,1.99607536461
25,-32.39663,2011,27.8081366743384,1.82056555306128
26,-32.34603,2011,27.7045117395755,1.60299426330832
27,-32.29543,2011,27.5864772905306,1.42494384096147
28,-32.24483,2011,28.9100248884196,1.3122390839919
29,-32.19423,2011,29.1538692073694,1.1023219431637
30,-32.14363,2011,28.4874638876409,1.11985193058071
31,-32.09303,2011,28.8972989948641,1.21058214319996
32,-32.04243,2011,29.4375834318868,1.26989173692816
33,-31.99183,2011,26.9881630084328,1.26881001982445
34,-31.94123,2011,18.3273079245678,1.93071354071028
35,-31.89063,2011,16.7058465059904,1.88132453947529
36,-31.84003,2011,16.3087015537791,1.90633795579377
37,-31.78943,2011,16.4974678319577,1.97049604946689
38,-31.73883,2011,17.2309572156533,2.07269373818372
39,-31.68823,2011,17.6308577463832,2.26581710993679
40,-31.63763,2011,18.2203144546137,2.49154302879572
41,-31.58703,2011,18.7376519488956,2.76771779486455
42,-31.53643,2011,18.4743684348752,3.06578491075042
43,-31.48583,2011,17.8930980828203,3.42624495456943
44,-31.43523,2011,18.2126219606259,3.7356947564466
45,-31.38463,2011,18.6838436145618,3.97399128024647
46,-31.33403,2011,18.5333264623856,4.14281020857843
47,-31.28343,2011,18.4687612556763,4.16813501017688
48,-31.23283,2011,18.4682519184832,3.6803150535409
49,-31.18223,2011,18.6022520437891,2.89302447678328
50,-31.13163,2011,18.4104028491028,2.53663384594135
51,-31.08103,2011,20.1745014709945,2.17703077038468
52,-31.03043,2011,24.520460352506,1.90129556080058
53,-30.97983,2011,24.447812746962,1.65436943946766
54,-30.92923,2011,25.3889304288355,1.37478785397974
55,-30.87863,2011,25.3806227436928,1.13411395853268
56,-30.82803,2011,25.369309514266,0.888340327481019
57,-30.77743,2011,23.5965614044665,0.768955911107435
58,-30.72683,2011,22.9249072301547,0.700726742734159
59,-30.67623,2011,24.2459474894375,0.745845632934075
60,-30.62563,2011,28.7342708016188,0.887154493146507
61,-30.57503,2011,30.3059772000801,0.906879576406375
62,-30.52443,2011,30.8353447084753,1.01987714689456
63,-30.47383,2011,32.0804443720738,1.19399080983936
64,-30.42323,2011,32.8831590030038,1.41211958533114
65,-30.37263,2011,33.0064362015715,1.48243930588068
66,-30.32203,2011,32.6109208523625,1.40242495992367
67,-30.27143,2011,32.3367029701126,1.51245870981886
68,-30.22083,2011,32.4851210755785,1.73925879314218
69,-30.17023,2011,32.8762768569495,1.72695609368097
70,-30.11963,2011,33.1656422366948,1.84043462866563
1,-33.61103,2012,31.260421301472,1.50931093433978
2,-33.56043,2012,24.7443536049741,1.38357779375811
3,-33.50983,2012,24.8289295296673,1.68883930530562
4,-33.45923,2012,24.8633583856448,1.74377895900541
5,-33.40863,2012,22.447073798851,1.80384974194077
6,-33.35803,2012,21.5070402585748,1.80413210177947
7,-33.30743,2012,21.1478009885445,1.96246751882314
8,-33.25683,2012,21.2086266126379,2.12989567813953
9,-33.20623,2012,20.9741002805871,2.24803231502568
10,-33.15563,2012,20.419345988896,2.30614842058417
11,-33.10503,2012,20.2212429029918,2.45217963410492
12,-33.05443,2012,19.8691843375286,2.53572264791418
13,-33.00383,2012,19.5039033913556,2.56627387827983
14,-32.95323,2012,20.4147891204189,2.52810140915691
15,-32.90263,2012,23.1580105874175,2.64103989146184
16,-32.85203,2012,23.077971133831,2.72586694697441
17,-32.80143,2012,22.4101467191206,2.76386704156329
18,-32.75083,2012,22.5056307588501,2.78896811894384
19,-32.70023,2012,22.907423781321,2.8512736073514
20,-32.64963,2012,23.2029359608846,2.83258853715471
21,-32.59903,2012,24.0166412549467,2.65540475811107
22,-32.54843,2012,24.3736891283761,2.29774607034592
23,-32.49783,2012,24.635588965161,1.99927506954685
24,-32.44723,2012,24.7306441318283,1.77754184180902
25,-32.39663,2012,25.0990640337976,1.63831425721959
26,-32.34603,2012,24.1260977624368,1.43253322647124
27,-32.29543,2012,23.7530676421835,1.4666581336867
28,-32.24483,2012,22.9364670183211,1.42955124208455
29,-32.19423,2012,23.3409509743439,1.43477502056806
30,-32.14363,2012,24.4105852983096,1.48513289158716
31,-32.09303,2012,26.2984770779452,1.46820206548594
32,-32.04243,2012,26.8994049480898,1.47207150969338
33,-31.99183,2012,24.9241236311114,1.43997479110603
34,-31.94123,2012,17.6942933388638,1.84934210791445
35,-31.89063,2012,15.9179091699022,1.77263726098615
36,-31.84003,2012,15.4982142142554,1.71930798621637
37,-31.78943,2012,15.4653323101181,1.632711928566
38,-31.73883,2012,15.7513774136691,1.61729590923378
39,-31.68823,2012,15.8593827703471,1.86877243109845
40,-31.63763,2012,16.1748431655482,2.12189089158414
41,-31.58703,2012,16.7751223350943,2.43945129542395
42,-31.53643,2012,17.2995775761063,2.77967073124605
43,-31.48583,2012,17.3150577725037,3.18131104249065
44,-31.43523,2012,17.2310033556166,3.53434902092772
45,-31.38463,2012,17.0275317176096,3.84503294073785
46,-31.33403,2012,16.8102640188646,4.07905518041659
47,-31.28343,2012,16.70798690303,4.16144435399275
48,-31.23283,2012,16.5671976929586,3.6980060497201
49,-31.18223,2012,16.5889876702418,2.93527348845868
50,-31.13163,2012,16.2697187250841,2.57526968859258
51,-31.08103,2012,17.100173895812,2.43345873810784
52,-31.03043,2012,19.6594760168651,2.49478784486298
53,-30.97983,2012,20.2291175461917,2.25826330253807
54,-30.92923,2012,21.3995315244703,1.92590368861485
55,-30.87863,2012,21.5500439683216,1.58822085276785
56,-30.82803,2012,21.5368894553442,1.2447801727139
57,-30.77743,2012,20.2225904049062,0.9690185699858
58,-30.72683,2012,20.7939396377287,0.781203368556473
59,-30.67623,2012,22.3114205549899,0.816009266304395
60,-30.62563,2012,26.3136115637555,1.00218364960258
61,-30.57503,2012,28.8680187905751,1.04124745160052
62,-30.52443,2012,29.9831166606662,1.08576640925026
63,-30.47383,2012,31.3409881956126,1.52394467595618
64,-30.42323,2012,31.5356032567186,1.83220244914024
65,-30.37263,2012,31.0034767527421,1.49758962797847
66,-30.32203,2012,30.1509193620652,1.52487904346149
67,-30.27143,2012,29.7759989462488,1.67145250343088
68,-30.22083,2012,30.1803877568843,1.86502448695134
69,-30.17023,2012,31.120168088519,1.77206319976344
70,-30.11963,2012,32.1790040714928,1.86531728958804
1,-33.61103,2013,27.7732635235503,1.50931093433978
2,-33.56043,2013,20.0035086858273,1.38357779375811
3,-33.50983,2013,20.2395849870816,1.68883930530562
4,-33.45923,2013,20.3905430549624,1.74377895900541
5,-33.40863,2013,20.698590632409,1.80384974194077
6,-33.35803,2013,20.5537065523891,1.80413210177947
7,-33.30743,2013,20.3561529643791,1.96246751882314
8,-33.25683,2013,20.2988294490064,2.12989567813953
9,-33.20623,2013,20.1744321153092,2.24803231502568
10,-33.15563,2013,19.8611748018254,2.30614842058417
11,-33.10503,2013,19.7690694191719,2.45217963410492
12,-33.05443,2013,19.6201717094847,2.53572264791418
13,-33.00383,2013,18.7561060295387,2.55347356509862
14,-32.95323,2013,19.1770814218653,2.49172629712193
15,-32.90263,2013,22.0235590043585,2.69940631277445
16,-32.85203,2013,23.3458839727066,2.83273905810182
17,-32.80143,2013,23.0589892768009,2.85985302676601
18,-32.75083,2013,22.6588577913556,2.86542440366647
19,-32.70023,2013,23.0266208947916,2.90369409617928
20,-32.64963,2013,23.1450069278976,2.85476229216531
21,-32.59903,2013,23.7702284283709,2.66748088442385
22,-32.54843,2013,24.0952638760446,2.30528302537139
23,-32.49783,2013,24.6092894483871,2.00560268965782
24,-32.44723,2013,25.4784752384443,1.78201388473752
25,-32.39663,2013,26.2095256265217,1.6407767732911
26,-32.34603,2013,24.8942007678505,1.43997872637373
27,-32.29543,2013,24.5963905867484,1.46828469341569
28,-32.24483,2013,24.8214905661328,1.51552036198099
29,-32.19423,2013,24.4491291820614,1.163444954887
30,-32.14363,2013,24.5797396880843,1.19375785669931
31,-32.09303,2013,26.1890253264696,1.38998862706735
32,-32.04243,2013,26.4954312542412,1.49161927337359
33,-31.99183,2013,24.267923955236,1.48756759821072
34,-31.94123,2013,17.2929822671463,1.86266203693104
35,-31.89063,2013,17.2561338892342,1.77263726098615
36,-31.84003,2013,17.2192937637747,1.71930798621637
37,-31.78943,2013,16.9237814340225,1.632711928566
38,-31.73883,2013,17.0170124577948,1.61729590923378
39,-31.68823,2013,17.2626239484454,1.86877243109845
40,-31.63763,2013,17.4295710379023,2.12189089158414
41,-31.58703,2013,17.5641638983346,2.43945129542395
42,-31.53643,2013,17.7686838709351,2.77967073124605
43,-31.48583,2013,17.7142073927022,3.18131104249065
44,-31.43523,2013,17.1023958661074,3.53434902092772
45,-31.38463,2013,16.9063123519812,3.84503294073785
46,-31.33403,2013,16.7496493308868,4.07905518041659
47,-31.28343,2013,16.6670268378335,4.16144435399275
48,-31.23283,2013,16.5840203183854,3.6980060497201
49,-31.18223,2013,16.6201823315322,2.93527348845868
50,-31.13163,2013,16.338869215185,2.57526968859258
51,-31.08103,2013,17.1508351061294,2.43345873810784
52,-31.03043,2013,19.691317599422,2.49478784486298
53,-30.97983,2013,20.1978158857255,2.25826330253807
54,-30.92923,2013,21.0142355257786,1.92590368861485
55,-30.87863,2013,22.276215444469,1.58822085276785
56,-30.82803,2013,23.3145822137732,1.2447801727139
57,-30.77743,2013,21.2571554616816,0.9690185699858
58,-30.72683,2013,20.0028356432376,0.781203368556473
59,-30.67623,2013,21.1211079737916,0.816009266304395
60,-30.62563,2013,25.4984233726169,1.00218364960258
61,-30.57503,2013,28.1714408703702,1.04124745160052
62,-30.52443,2013,28.8031099702742,1.08576640925026
63,-30.47383,2013,30.9254508676553,1.52394467595618
64,-30.42323,2013,31.9950357680184,1.83220244914024
65,-30.37263,2013,31.5244747521915,1.49758962797847
66,-30.32203,2013,30.2322291253307,1.52487904346149
67,-30.27143,2013,29.8178361725835,1.67145250343088
68,-30.22083,2013,29.9707510951584,1.86502448695134
69,-30.17023,2013,30.7964592821063,1.77206319976344
70,-30.11963,2013,31.698987397109,1.86531728958804
1,-33.61103,2014,31.4587333387611,1.31845329408985
2,-33.56043,2014,24.606029817013,1.32235204914303
3,-33.50983,2014,24.8247954274106,1.57745245621661
4,-33.45923,2014,25.1478477749978,1.59802887501916
5,-33.40863,2014,22.536887544252,1.65131311114749
6,-33.35803,2014,21.5615677767287,1.65732717782725
7,-33.30743,2014,21.1908754585239,1.81122017580322
8,-33.25683,2014,21.1176488203145,1.97723423926126
9,-33.20623,2014,21.0344288469151,2.10492161614789
10,-33.15563,2014,20.5146096190013,2.15972351527544
11,-33.10503,2014,20.2698450547351,2.3340351555233
12,-33.05443,2014,19.9337348797349,2.44625235916811
13,-33.00383,2014,19.4625899431115,2.47981152854906
14,-32.95323,2014,20.7997299407705,2.40591636543042
15,-32.90263,2014,23.7889196865935,2.42076344243554
16,-32.85203,2014,23.451093397814,2.46021087178369
17,-32.80143,2014,24.6196261514346,2.53523681477668
18,-32.75083,2014,24.4740149873784,2.59995162757041
19,-32.70023,2014,24.3354296230346,2.68727650990989
20,-32.64963,2014,24.4722143820521,2.72072758577488
21,-32.59903,2014,25.2414122573088,2.6165446683263
22,-32.54843,2014,25.7637726577153,2.2999318020796
23,-32.49783,2014,25.9481192527752,2.0112743552232
24,-32.44723,2014,26.300646088739,1.78836850946439
25,-32.39663,2014,26.80322689851,1.64604225404511
26,-32.34603,2014,26.4001054488004,1.44463547309309
27,-32.29543,2014,25.6588231299141,1.4340140455695
28,-32.24483,2014,25.3503861055431,1.37914230933914
29,-32.19423,2014,24.920723216835,1.12049770604204
30,-32.14363,2014,25.5488327533401,1.16447355280069
31,-32.09303,2014,26.8852891207073,1.32156944539345
32,-32.04243,2014,27.2853071435301,1.40886127814721
33,-31.99183,2014,24.8531527320178,1.35499133993381
34,-31.94123,2014,18.0699065118213,1.79178932031181
35,-31.89063,2014,18.0297353724864,1.7247481900033
36,-31.84003,2014,18.396534157562,1.6864112436734
37,-31.78943,2014,18.598592940354,1.60698740838541
38,-31.73883,2014,18.8685625254121,1.59368330842305
39,-31.68823,2014,18.900257686781,1.84457187036028
40,-31.63763,2014,18.8728116203279,2.09596952701862
41,-31.58703,2014,18.7615254926595,2.4179944032213
42,-31.53643,2014,18.6403401388657,2.76146040389423
43,-31.48583,2014,18.3469027920052,3.16591418277967
44,-31.43523,2014,18.2353879690783,3.51245894737004
45,-31.38463,2014,18.4053024259566,3.79396384494847
46,-31.33403,2014,18.7474609106897,3.9962871176633
47,-31.28343,2014,18.8975557617816,4.10626398479296
48,-31.23283,2014,18.6625430726709,3.71563608532843
49,-31.18223,2014,19.3845446894849,2.95628528629112
50,-31.13163,2014,20.2978189316251,2.58458887882951
51,-31.08103,2014,22.8295427983358,2.21266208086831
52,-31.03043,2014,27.227639513683,1.99557867933743
53,-30.97983,2014,25.8382749828447,1.75569160329719
54,-30.92923,2014,25.5044927061113,1.4689134213634
55,-30.87863,2014,26.1537642772837,1.21183387331397
56,-30.82803,2014,27.0452461551773,0.947638958315352
57,-30.77743,2014,29.0038157945883,0.799128930521585
58,-30.72683,2014,28.8368626860174,0.710179735407936
59,-30.67623,2014,29.3045493768887,0.752130746438249
60,-30.62563,2014,30.2474444642683,0.899320375432591
61,-30.57503,2014,30.5413657354658,0.932851403950543
62,-30.52443,2014,30.4030359208968,1.10509965508067
63,-30.47383,2014,31.3915737161748,1.37341616435771
64,-30.42323,2014,32.079636871539,1.28557679771512
65,-30.37263,2014,32.1295486547771,1.2123942202338
66,-30.32203,2014,31.1992498532818,1.33844272708927
67,-30.27143,2014,30.8729153309327,1.55789613954166
68,-30.22083,2014,31.1767328500521,1.94243031574444
69,-30.17023,2014,31.7977226371796,1.80234078260422
70,-30.11963,2014,32.8776164524502,1.88232042446121
1,-33.61103,2015,26.8546758023845,1.23103347484138
2,-33.56043,2015,19.0940268884337,1.28529020499124
3,-33.50983,2015,18.9195345306638,1.52501433475732
4,-33.45923,2015,19.3451379801659,1.54587980641069
5,-33.40863,2015,19.7082331518658,1.59920069375091
6,-33.35803,2015,19.759875661065,1.60886872362855
7,-33.30743,2015,19.8622515756439,1.76184463006888
8,-33.25683,2015,19.8445768927126,1.92720097739065
9,-33.20623,2015,19.5947682508903,2.05516827882577
10,-33.15563,2015,19.2168703215415,2.10830575379649
11,-33.10503,2015,19.1941189538633,2.28424672608451
12,-33.05443,2015,18.9015347248819,2.41422146608184
13,-33.00383,2015,18.709631588396,2.45845750406071
14,-32.95323,2015,20.6165909725339,2.32505235441672
15,-32.90263,2015,25.1164791404597,2.1855106565934
16,-32.85203,2015,26.0084266027002,2.19243051988914
17,-32.80143,2015,26.1005277029776,2.29570178787636
18,-32.75083,2015,26.2658608170734,2.39878019454806
19,-32.70023,2015,26.554031111728,2.51387612580289
20,-32.64963,2015,26.7032729330763,2.58117269250578
21,-32.59903,2015,27.0703122527218,2.5616799020756
22,-32.54843,2015,26.9417593438853,2.29340549400549
23,-32.49783,2015,26.8577080549181,2.0493195844493
24,-32.44723,2015,27.1900647246849,1.86848771701151
25,-32.39663,2015,27.4220370232449,1.75948516840884
26,-32.34603,2015,27.1415289280171,1.46627530923825
27,-32.29543,2015,27.350777642825,1.37883923942462
28,-32.24483,2015,27.8926833804865,1.42378036231125
29,-32.19423,2015,28.9157264669519,1.14449398416872
30,-32.14363,2015,29.0829856072924,1.13220903807783
31,-32.09303,2015,30.3003577616753,1.23643622928226
32,-32.04243,2015,30.1596045029917,1.30542757537143
33,-31.99183,2015,27.4221652183509,1.29287046519567
34,-31.94123,2015,20.7178010700754,1.81327587756515
35,-31.89063,2015,20.2148839059393,1.7247481900033
36,-31.84003,2015,20.2284570677518,1.6864112436734
37,-31.78943,2015,20.2458324051508,1.60698740838541
38,-31.73883,2015,20.3416489249244,1.59368330842305
39,-31.68823,2015,20.3966163209297,1.84457187036028
40,-31.63763,2015,20.4993015939557,2.09596952701862
41,-31.58703,2015,20.5220784696398,2.4179944032213
42,-31.53643,2015,20.7045489308523,2.76146040389423
43,-31.48583,2015,20.0202586661125,3.16591418277967
44,-31.43523,2015,19.1268219006457,3.51245894737004
45,-31.38463,2015,18.8162158684084,3.79396384494847
46,-31.33403,2015,18.6627186993082,3.9962871176633
47,-31.28343,2015,18.4530224941973,4.10626398479296
48,-31.23283,2015,18.1182926104595,3.71563608532843
49,-31.18223,2015,18.1432646752528,2.95628528629112
50,-31.13163,2015,18.0119475130609,2.58458887882951
51,-31.08103,2015,19.4786785181547,2.21266208086831
52,-31.03043,2015,23.2363524348689,1.99557867933743
53,-30.97983,2015,23.2558479532319,1.75569160329719
54,-30.92923,2015,24.1987358259347,1.4689134213634
55,-30.87863,2015,23.850583013135,1.21183387331397
56,-30.82803,2015,23.6467522752761,0.947638958315352
57,-30.77743,2015,21.5868217685056,0.799128930521585
58,-30.72683,2015,20.2189644072079,0.710179735407936
59,-30.67623,2015,21.3575815013921,0.752130746438249
60,-30.62563,2015,25.9149144827128,0.899320375432591
61,-30.57503,2015,28.7172090213347,0.932851403950543
62,-30.52443,2015,29.5015068541795,1.10509965508067
63,-30.47383,2015,31.9397689404559,1.37341616435771
64,-30.42323,2015,33.6659586886308,1.28557679771512
65,-30.37263,2015,33.8431432050641,1.2123942202338
66,-30.32203,2015,32.3441486505518,1.33844272708927
67,-30.27143,2015,31.5544720508625,1.55789613954166
68,-30.22083,2015,31.2544717925241,1.94243031574444
69,-30.17023,2015,31.9248111752881,1.80234078260422
70,-30.11963,2015,33.0686361165425,1.88232042446121
1,-33.61103,2016,32.1132730563222,1.23013859384089
2,-33.56043,2016,25.8544612123265,1.28650942094972
3,-33.50983,2016,25.986278205099,1.5239958168016
4,-33.45923,2016,26.4262946891975,1.54679743883962
5,-33.40863,2016,26.0439033634319,1.59997840598122
6,-33.35803,2016,25.2159368667991,1.61119183646575
7,-33.30743,2016,23.8126209974161,1.76480540384904
8,-33.25683,2016,22.075574432762,1.93090668684628
9,-33.20623,2016,21.8510120685452,2.05950141194243
10,-33.15563,2016,21.3795303946383,2.11343178898172
11,-33.10503,2016,21.2538073782368,2.28949959012546
12,-33.05443,2016,20.8036941424779,2.42633156883083
13,-33.00383,2016,20.2049579204543,2.46384548101366
14,-32.95323,2016,22.1434436642204,2.30111071698092
15,-32.90263,2016,26.7656819728446,2.40094103299706
16,-32.85203,2016,28.1081792476383,2.47452562175484
17,-32.80143,2016,28.8873673631983,2.55694916806525
18,-32.75083,2016,29.0454884157831,2.62651310599902
19,-32.70023,2016,29.3303516632507,2.71220204855621
20,-32.64963,2016,29.3858618614356,2.73645547801272
21,-32.59903,2016,29.4209149434391,2.614570349663
22,-32.54843,2016,29.1950000135203,2.28952228519155
23,-32.49783,2016,28.6161017481801,2.00322147211343
24,-32.44723,2016,28.3990163885072,1.78486297706911
25,-32.39663,2016,28.5401905132383,1.64126704722675
26,-32.34603,2016,28.8884981374622,1.42869644940893
27,-32.29543,2016,29.2556239355523,1.34333556412747
28,-32.24483,2016,31.9428038592823,1.33792214958704
29,-32.19423,2016,32.7067087114539,1.10462839679589
30,-32.14363,2016,30.5307640449637,1.10519722134356
31,-32.09303,2016,30.9583146855669,1.19243592663908
32,-32.04243,2016,31.1313216621291,1.23399182824861
33,-31.99183,2016,28.6046221550676,1.22838047126542
34,-31.94123,2016,20.8868373698805,1.80300226593694
35,-31.89063,2016,20.5571194038713,1.7247481900033
36,-31.84003,2016,20.6389584396167,1.6864112436734
37,-31.78943,2016,20.805492094314,1.60698740838541
38,-31.73883,2016,21.0517731382338,1.59368330842305
39,-31.68823,2016,21.1506198540643,1.84457187036028
40,-31.63763,2016,21.3200849511995,2.09596952701862
41,-31.58703,2016,21.5013067507887,2.4179944032213
42,-31.53643,2016,21.3698070237032,2.76146040389423
43,-31.48583,2016,20.3964409764375,3.16591418277967
44,-31.43523,2016,19.4114158371968,3.51245894737004
45,-31.38463,2016,19.1541547435241,3.79396384494847
46,-31.33403,2016,18.9838029542266,3.9962871176633
47,-31.28343,2016,18.8017718951615,4.08008450663501
48,-31.23283,2016,18.6048253675616,3.63809216091882
49,-31.18223,2016,18.6470156410116,2.8899397861146
50,-31.13163,2016,18.4439456399038,2.54296203733254
51,-31.08103,2016,19.6246926615839,2.19253796377776
52,-31.03043,2016,23.2355671966658,1.92630687536728
53,-30.97983,2016,21.8911988702044,1.69785870461343
54,-30.92923,2016,21.0427951477606,1.42279653201039
55,-30.87863,2016,21.381409293292,1.17728846797837
56,-30.82803,2016,21.3349931603035,0.929735354646808
57,-30.77743,2016,19.3130174625956,0.803836520988428
58,-30.72683,2016,18.4339937030757,0.733248989110934
59,-30.67623,2016,20.0988061794879,0.781017827010098
60,-30.62563,2016,23.6747010540244,0.924676558545506
61,-30.57503,2016,25.8593327976311,0.89177428657426
62,-30.52443,2016,26.5887097950894,0.929405168193013
63,-30.47383,2016,28.7105026912908,1.13987087371148
64,-30.42323,2016,30.205939998907,1.2601951530145
65,-30.37263,2016,30.2762153048142,1.28620773163478
66,-30.32203,2016,29.3286179751212,1.41929323217481
67,-30.27143,2016,28.2641182973838,1.59367857519243
68,-30.22083,2016,28.7046388561403,1.78185655078443
69,-30.17023,2016,29.5355671410362,1.749708709931
70,-30.11963,2016,30.4117044246676,1.8543902333424
1,-33.61103,2017,28.8730291880938,1.23330044664928
2,-33.56043,2017,20.6222394630427,1.30320240670532
3,-33.50983,2017,20.0104132995813,1.49273175119366
4,-33.45923,2017,20.1046425794023,1.49545265005034
5,-33.40863,2017,20.3833689426336,1.57181526868108
6,-33.35803,2017,20.3544045212139,1.58456597859021
7,-33.30743,2017,20.3502023124696,1.73905746521013
8,-33.25683,2017,20.3465256278316,1.9058300536091
9,-33.20623,2017,20.2961645847548,2.03322323365858
10,-33.15563,2017,20.0318190745913,2.08704358801239
11,-33.10503,2017,19.9339566055029,2.27263153018946
12,-33.05443,2017,19.5583563309098,2.39846466795626
13,-33.00383,2017,19.1510422923676,2.43894529094992
14,-32.95323,2017,20.1517301710521,2.31227255626959
15,-32.90263,2017,23.1704725931257,2.33144812463896
16,-32.85203,2017,23.633390034544,2.36637228886022
17,-32.80143,2017,24.0490288221321,2.44551189648497
18,-32.75083,2017,24.1552291841944,2.52897006044557
19,-32.70023,2017,24.2837514563065,2.63053299800896
20,-32.64963,2017,23.5418358754441,2.6729826367246
21,-32.59903,2017,24.0106022216923,2.59957109878328
22,-32.54843,2017,24.6939136516825,2.29195111530611
23,-32.49783,2017,25.0465882946068,2.01066720142393
24,-32.44723,2017,25.5891591783978,1.79178285044878
25,-32.39663,2017,26.0921889245919,1.64868026923559
26,-32.34603,2017,24.9998182009592,1.42966039218184
27,-32.29543,2017,23.4282834103565,1.33632041805262
28,-32.24483,2017,22.3930998553571,1.36534836971894
29,-32.19423,2017,22.5595015712386,1.12317195668775
30,-32.14363,2017,23.3786264837089,1.13999513155365
31,-32.09303,2017,25.4248602821911,1.28657419771552
32,-32.04243,2017,25.7173162476288,1.3914897253291
33,-31.99183,2017,23.7478556060072,1.38143902540957
34,-31.94123,2017,17.8620029211417,1.83482614313171
35,-31.89063,2017,17.8976152438041,1.72488288665734
36,-31.84003,2017,17.7360908925515,1.68590774133711
37,-31.78943,2017,18.0631271782536,1.63457107074284
38,-31.73883,2017,18.5478152415646,1.6433255641238
39,-31.68823,2017,18.3253265465612,1.89628660081272
40,-31.63763,2017,18.3187972917166,2.1461378082939
41,-31.58703,2017,18.4391283105767,2.45687513032029
42,-31.53643,2017,18.6355544073125,2.79301247479242
43,-31.48583,2017,18.4109957403192,3.19181033775847
44,-31.43523,2017,17.9969438211807,3.54531474322325
45,-31.38463,2017,17.8012978533066,3.8881322211141
46,-31.33403,2017,17.7618916980758,4.1587577375194
47,-31.28343,2017,17.8964937714831,4.25272146475042
48,-31.23283,2017,18.0785713079582,3.78563137501507
49,-31.18223,2017,18.4272356065471,3.0182119845989
50,-31.13163,2017,18.6901545516141,2.66157962960659
51,-31.08103,2017,19.6663975098858,2.23329433789959
52,-31.03043,2017,22.195244952877,1.9616175489173
53,-30.97983,2017,21.4670501385654,1.72137363921857
54,-30.92923,2017,21.2986784179463,1.43864512922044
55,-30.87863,2017,21.3184551279978,1.18845666066535
56,-30.82803,2017,21.3793877338073,0.932740602575745
57,-30.77743,2017,20.2464582818615,0.797813679651999
58,-30.72683,2017,19.0418103344086,0.718048610241087
59,-30.67623,2017,19.55078147713,0.761660303346349
60,-30.62563,2017,21.2346117844682,0.906508865568487
61,-30.57503,2017,22.8311810446143,0.912527685669126
62,-30.52443,2017,23.2439170112634,1.00032354203695
63,-30.47383,2017,25.7582959604109,1.18948523204277
64,-30.42323,2017,25.9772515567203,1.18787054752425
65,-30.37263,2017,25.456254461619,1.19777936138948
66,-30.32203,2017,23.8220619534209,1.32596295214637
67,-30.27143,2017,22.9622766741235,1.50943809260815
68,-30.22083,2017,22.2781468278802,1.79477880860398
69,-30.17023,2017,22.9089497245895,1.74618125490395
70,-30.11963,2017,23.9292648872232,1.85096973710504
1,-33.61103,2018,30.9889487330193,1.24435729755431
2,-33.56043,2018,23.2534404872058,1.29791224651614
3,-33.50983,2018,22.9535900622209,1.49565422171935
4,-33.45923,2018,23.3955265958605,1.49356829353751
5,-33.40863,2018,23.3280053014024,1.5506160249127
6,-33.35803,2018,22.9432228248605,1.56243655440463
7,-33.30743,2018,22.3353139986455,1.73164355703513
8,-33.25683,2018,22.3749964244102,1.90744913553711
9,-33.20623,2018,22.1484456351661,2.04577699754168
10,-33.15563,2018,21.5733834643105,2.10862959400275
11,-33.10503,2018,21.1395705046025,2.29109906335075
12,-33.05443,2018,20.6661139643895,2.41577956992708
13,-33.00383,2018,20.3951306043704,2.43809443979536
14,-32.95323,2018,21.3302695643679,2.39961849148898
15,-32.90263,2018,24.4743728148919,2.63047073266116
16,-32.85203,2018,25.1109446987357,2.70519982815612
17,-32.80143,2018,26.0861064830173,2.75096004460298
18,-32.75083,2018,26.4643432346479,2.77145991380159
19,-32.70023,2018,27.0943376643591,2.81918887944808
20,-32.64963,2018,27.4952307990633,2.80198579381016
21,-32.59903,2018,28.4548029780402,2.64115476898023
22,-32.54843,2018,29.0591523238476,2.30213873497507
23,-32.49783,2018,29.4453233588407,2.00750601584599
24,-32.44723,2018,30.1491417226187,1.78823712245538
25,-32.39663,2018,30.7299892334543,1.64270212270379
26,-32.34603,2018,29.6354879237967,1.42770603017261
27,-32.29543,2018,27.6595201435958,1.37492634243754
28,-32.24483,2018,27.4677523771804,1.32834206055924
29,-32.19423,2018,28.6625569353866,1.09436776103931
30,-32.14363,2018,27.22272151502,1.09798210837105
31,-32.09303,2018,27.4910027493526,1.16353217008634
32,-32.04243,2018,27.6536724217408,1.20244272979478
33,-31.99183,2018,24.8916766693597,1.27408993584292
34,-31.94123,2018,18.1076081971022,1.79108676686359
35,-31.89063,2018,17.9153210868929,1.72488288665734
36,-31.84003,2018,17.8146746856535,1.68590774133711
37,-31.78943,2018,17.9238541438462,1.63457107074284
38,-31.73883,2018,18.1764652944571,1.6433255641238
39,-31.68823,2018,18.1107365041486,1.89628660081272
40,-31.63763,2018,18.5071082876692,2.1461378082939
41,-31.58703,2018,18.7408805547089,2.45687513032029
42,-31.53643,2018,18.7517595311038,2.79301247479242
43,-31.48583,2018,18.512299896531,3.19181033775847
44,-31.43523,2018,18.143079401394,3.54531474322325
45,-31.38463,2018,17.8795069921524,3.8881322211141
46,-31.33403,2018,17.7658199368112,4.1587577375194
47,-31.28343,2018,17.8195278768425,4.2615933930834
48,-31.23283,2018,17.847564698613,3.79647622686897
49,-31.18223,2018,18.0619739565406,2.99593850352523
50,-31.13163,2018,18.4373822351092,2.60470736628961
51,-31.08103,2018,20.3672973027061,2.22791879842949
52,-31.03043,2018,25.8434848066408,2.00747497697676
53,-30.97983,2018,25.5232531613201,1.77070312471253
54,-30.92923,2018,24.5869816996309,1.48893055662623
55,-30.87863,2018,24.5384088419129,1.23999928696008
56,-30.82803,2018,24.6133960244671,0.995809583044426
57,-30.77743,2018,21.5871406541574,0.867737057204937
58,-30.72683,2018,19.8357641848322,0.796265831360003
59,-30.67623,2018,21.4374719508348,0.85728803100176
60,-30.62563,2018,25.8292092697194,1.00193268013881
61,-30.57503,2018,27.2656400833026,0.98073811129071
62,-30.52443,2018,27.9119708224498,0.995428584048855
63,-30.47383,2018,29.8647693113197,1.12012052010836
64,-30.42323,2018,30.9669313393053,1.16333276474073
65,-30.37263,2018,31.0920804906555,1.19073428182281
66,-30.32203,2018,30.1577087888745,1.32539128195586
67,-30.27143,2018,29.5915602348789,1.50204349250535
68,-30.22083,2018,29.9190075775875,1.79864432682357
69,-30.17023,2018,30.6731707315891,1.75881151483405
70,-30.11963,2018,31.7557327695878,1.85794864207321
1,-33.61103,2019,30.0313281938308,1.24435729755431
2,-33.56043,2019,21.395902026013,1.29791224651614
3,-33.50983,2019,21.508364992941,1.49565422171935
4,-33.45923,2019,22.006953779868,1.49356829353751
5,-33.40863,2019,21.9643069432323,1.5506160249127
6,-33.35803,2019,21.6741594234525,1.56243655440463
7,-33.30743,2019,21.2375714185874,1.73164355703513
8,-33.25683,2019,21.158234862209,1.90744913553711
9,-33.20623,2019,20.9764710309202,2.04577699754168
10,-33.15563,2019,20.5221611572879,2.10862959400275
11,-33.10503,2019,20.4205450510716,2.29109906335075
12,-33.05443,2019,20.1180052668843,2.41577956992708
13,-33.00383,2019,19.684751019275,2.43809443979536
14,-32.95323,2019,20.7994126588353,2.40350434425119
15,-32.90263,2019,25.2275795858598,2.58864896632594
16,-32.85203,2019,26.4253410773693,2.64603061126303
17,-32.80143,2019,26.7083961072496,2.7020069334396
18,-32.75083,2019,26.8208657150681,2.73759709099028
19,-32.70023,2019,27.3245078536767,2.79568798504847
20,-32.64963,2019,27.5429681049372,2.80022991754442
21,-32.59903,2019,28.0374191867503,2.65469556630073
22,-32.54843,2019,28.0049464644709,2.32994208466235
23,-32.49783,2019,27.8138404057702,2.03645014257621
24,-32.44723,2019,28.3095279449424,1.80543443612727
25,-32.39663,2019,28.5090989477723,1.65165039393707
26,-32.34603,2019,28.1873172982694,1.44154128829006
27,-32.29543,2019,28.2377172769278,1.46130427233265
28,-32.24483,2019,29.2091219690514,1.4760666668882
29,-32.19423,2019,30.3836688478305,1.24360404311331
30,-32.14363,2019,29.0100022673415,1.10714661047649
31,-32.09303,2019,28.9477871320759,1.18306693366244
32,-32.04243,2019,29.0507951116212,1.22861778288419
33,-31.99183,2019,26.6443617615132,1.25205322189432
34,-31.94123,2019,20.6269271895402,1.80800785045286
35,-31.89063,2019,20.2822178536028,1.72488288665734
36,-31.84003,2019,20.2253203450878,1.68590774133711
37,-31.78943,2019,20.4457512903513,1.63457107074284
38,-31.73883,2019,20.7844675726609,1.6433255641238
39,-31.68823,2019,20.8224962702942,1.89628660081272
40,-31.63763,2019,20.8681536593135,2.1461378082939
41,-31.58703,2019,20.9213400643037,2.45687513032029
42,-31.53643,2019,20.9269741422966,2.79301247479242
43,-31.48583,2019,20.201033403629,3.19181033775847
44,-31.43523,2019,19.4451448429963,3.54531474322325
45,-31.38463,2019,19.2143657326369,3.8881322211141
46,-31.33403,2019,19.177513035383,4.1587577375194
47,-31.28343,2019,19.1936455970629,4.2615933930834
48,-31.23283,2019,19.2564607673272,3.79647622686897
49,-31.18223,2019,19.4884802354659,2.99593850352523
50,-31.13163,2019,19.3864538326622,2.60470736628961
51,-31.08103,2019,20.190942243998,2.22791879842949
52,-31.03043,2019,23.5939226513975,2.00747497697676
53,-30.97983,2019,23.452238676752,1.77070312471253
54,-30.92923,2019,23.7683246513073,1.48893055662623
55,-30.87863,2019,23.4490789766075,1.23999928696008
56,-30.82803,2019,23.5994322007295,0.995809583044426
57,-30.77743,2019,21.000924976094,0.867737057204937
58,-30.72683,2019,19.4994455200513,0.796265831360003
59,-30.67623,2019,20.8646078002659,0.85728803100176
60,-30.62563,2019,25.1912994452465,1.00193268013881
61,-30.57503,2019,27.165179232495,0.98073811129071
62,-30.52443,2019,27.6312340023055,0.995428584048855
63,-30.47383,2019,29.9955638699201,1.12012052010836
64,-30.42323,2019,31.8178825087296,1.16333276474073
65,-30.37263,2019,32.0029011372459,1.19073428182281
66,-30.32203,2019,30.7546778432647,1.32539128195586
67,-30.27143,2019,30.2553693434057,1.50204349250535
68,-30.22083,2019,30.8528665998952,1.79864432682357
69,-30.17023,2019,31.9777260549407,1.75881151483405
70,-30.11963,2019,33.3235724731782,1.85794864207321
1,-33.61103,2020,30.5264856931583,1.43098762799962
2,-33.56043,2020,21.0586264084438,1.58224350765004
3,-33.50983,2020,20.629513959051,1.92461364950451
4,-33.45923,2020,21.1965481018647,1.89350859514493
5,-33.40863,2020,21.3997909263185,1.92998709504565
6,-33.35803,2020,21.0442867472145,1.95557689371937
7,-33.30743,2020,21.1090352805734,2.07691004267633
8,-33.25683,2020,20.9850132562167,2.21453534779271
9,-33.20623,2020,20.6416430958904,2.33312030994259
10,-33.15563,2020,20.2307234674676,2.36214705980289
11,-33.10503,2020,20.1148712113717,2.52660085680985
12,-33.05443,2020,19.6627521114345,2.66427892989393
13,-33.00383,2020,19.0571668169139,2.70371107688476
14,-32.95323,2020,20.0416312840818,2.73271550192558
15,-32.90263,2020,22.5793454953729,3.11259730835584
16,-32.85203,2020,23.3107866961856,3.19492797814115
17,-32.80143,2020,23.6071787332883,3.23421510360312
18,-32.75083,2020,22.7147027521397,3.25920735738588
19,-32.70023,2020,22.6221553606478,3.28716112647223
20,-32.64963,2020,22.7736365301834,3.27891452205743
21,-32.59903,2020,23.4844889838502,3.1242775575426
22,-32.54843,2020,23.8885205786776,2.8898150562928
23,-32.49783,2020,24.0708142958919,2.67139628505159
24,-32.44723,2020,23.8278437452462,2.47078090805514
25,-32.39663,2020,24.2580048154372,2.2044135803642
26,-32.34603,2020,24.5218148120443,2.27892779267892
27,-32.29543,2020,25.4173384470059,2.1748680232893
28,-32.24483,2020,21.2164493607477,1.62065920460485
29,-32.19423,2020,20.7817217964294,1.19416839941337
30,-32.14363,2020,21.6280098372265,1.1408518438415
31,-32.09303,2020,23.3013377074497,1.25759599494713
32,-32.04243,2020,23.999279439441,1.34572940711325
33,-31.99183,2020,23.3161843228766,1.41643480893265
34,-31.94123,2020,18.2948840959428,1.93064454836636
35,-31.89063,2020,17.8880056540796,1.8697119989583
36,-31.84003,2020,17.1738621770181,1.75717601634743
37,-31.78943,2020,17.941665546214,1.59191700805684
38,-31.73883,2020,18.0746809805972,1.60191673979771
39,-31.68823,2020,18.1183607686225,1.84818735362452
40,-31.63763,2020,18.1416762803043,2.06602880423578
41,-31.58703,2020,18.1466998042143,2.38728416141899
42,-31.53643,2020,18.0848128360052,2.73358671200668
43,-31.48583,2020,17.8366884008221,3.14181218277795
44,-31.43523,2020,17.7255636700696,3.50091539354442
45,-31.38463,2020,17.7473639477722,3.84600119676514
46,-31.33403,2020,17.6692176445141,4.11729480416397
47,-31.28343,2020,17.6904221514143,4.21819734837897
48,-31.23283,2020,17.5568577845905,3.74976414815955
49,-31.18223,2020,17.416071101478,2.93128051485462
50,-31.13163,2020,17.2847266750057,2.54035006377905
51,-31.08103,2020,17.757933988239,2.30560808961173
52,-31.03043,2020,19.3704402921555,2.23811848474919
53,-30.97983,2020,18.8981114376654,1.9997089285925
54,-30.92923,2020,19.3045364975127,1.68629875206325
55,-30.87863,2020,18.2685485750769,1.38725653405416
56,-30.82803,2020,17.9553214320602,1.09581347645292
57,-30.77743,2020,17.3197814015653,0.912829705642524
58,-30.72683,2020,17.071100120615,0.793423993877127
59,-30.67623,2020,17.7524919097302,0.839572026320003
60,-30.62563,2020,20.9738199381064,1.03904985884402
61,-30.57503,2020,24.539874832888,1.14235450191167
62,-30.52443,2020,24.5770363730384,1.26403793719628
63,-30.47383,2020,27.3111386608711,1.69862355785328
64,-30.42323,2020,28.7033412603979,1.49370082546152
65,-30.37263,2020,28.4385410212315,1.22018467488904
66,-30.32203,2020,27.3776502370607,1.32835149294408
67,-30.27143,2020,26.1352441128257,1.52368522954294
68,-30.22083,2020,24.4740743944557,1.86766675632238
69,-30.17023,2020,25.3315287867484,1.77307378386958
70,-30.11963,2020,26.035485169824,1.86588111536765
1,-33.61103,2021,29.9624887204198,1.69288327303052
2,-33.56043,2021,21.1477478252115,1.71994598780133
3,-33.50983,2021,20.8470723508999,1.77331982071854
4,-33.45923,2021,21.6038132059603,1.91824682367303
5,-33.40863,2021,22.0149831872605,2.03683386268713
6,-33.35803,2021,21.9214564747147,2.06368433182465
7,-33.30743,2021,22.1166623870777,2.23786506913576
8,-33.25683,2021,22.1960082338231,2.38908199852778
9,-33.20623,2021,22.0699147513824,2.49429643664269
10,-33.15563,2021,21.6666577498711,2.5245514520723
11,-33.10503,2021,21.6204699470788,2.66597008911424
12,-33.05443,2021,21.2697777534035,2.78017841548861
13,-33.00383,2021,20.8811358866662,2.80763777260169
14,-32.95323,2021,22.5665063331341,2.80810176181053
15,-32.90263,2021,26.5893931285276,3.12940158247048
16,-32.85203,2021,27.3261798105389,3.19492797814115
17,-32.80143,2021,27.5862571035961,3.23421510360312
18,-32.75083,2021,27.7761360420457,3.25920735738588
19,-32.70023,2021,28.13464729685,3.28716112647223
20,-32.64963,2021,28.327181966415,3.27891452205743
21,-32.59903,2021,28.7471106089302,3.1242775575426
22,-32.54843,2021,28.7070542517828,2.8898150562928
23,-32.49783,2021,28.2917313510606,2.67139628505159
24,-32.44723,2021,28.60653244257,2.47078090805514
25,-32.39663,2021,29.1439644050746,2.2044135803642
26,-32.34603,2021,28.3332612068544,2.27892779267892
27,-32.29543,2021,28.2241967231392,2.1748680232893
28,-32.24483,2021,28.3932211156219,1.62065920460485
29,-32.19423,2021,27.9707722574401,1.19416839941337
30,-32.14363,2021,27.3114807518693,1.1408518438415
31,-32.09303,2021,27.3364670116946,1.25759599494713
32,-32.04243,2021,27.7167541114554,1.34572940711325
33,-31.99183,2021,25.4239665365739,1.41643480893265
34,-31.94123,2021,19.5681113872836,1.93064454836636
35,-31.89063,2021,18.669088950326,1.8697119989583
36,-31.84003,2021,18.1677085161769,1.75717601634743
37,-31.78943,2021,18.141847353114,1.59191700805684
38,-31.73883,2021,18.147399999388,1.60191673979771
39,-31.68823,2021,18.1521734307627,1.84818735362452
40,-31.63763,2021,18.2813932715988,2.06602880423578
41,-31.58703,2021,18.741183494655,2.38728416141899
42,-31.53643,2021,19.1671368972463,2.73358671200668
43,-31.48583,2021,19.1258352284001,3.14181218277795
44,-31.43523,2021,18.7243204215856,3.50091539354442
45,-31.38463,2021,18.6114830159122,3.84600119676514
46,-31.33403,2021,18.5315785613882,4.11729480416397
47,-31.28343,2021,18.4241132350397,4.21819734837897
48,-31.23283,2021,18.5394657100537,3.74976414815955
49,-31.18223,2021,18.837975964272,2.93128051485462
50,-31.13163,2021,18.7944871653338,2.54035006377905
51,-31.08103,2021,19.4684385410404,2.30560808961173
52,-31.03043,2021,21.980787952,2.23811848474919
53,-30.97983,2021,21.6888193127085,1.9997089285925
54,-30.92923,2021,21.9192651317839,1.68629875206325
55,-30.87863,2021,21.849417367671,1.38725653405416
56,-30.82803,2021,21.938989720806,1.09581347645292
57,-30.77743,2021,20.1970076055115,0.912829705642524
58,-30.72683,2021,19.2338671386302,0.793423993877127
59,-30.67623,2021,20.4843561109191,0.839572026320003
60,-30.62563,2021,24.5984189811366,1.03904985884402
61,-30.57503,2021,26.7568379291076,1.14235450191167
62,-30.52443,2021,26.8556021385552,1.26403793719628
63,-30.47383,2021,29.4682003895385,1.69862355785328
64,-30.42323,2021,31.112551269133,1.49370082546152
65,-30.37263,2021,30.7348151052109,1.22018467488904
66,-30.32203,2021,29.841959639242,1.32835149294408
67,-30.27143,2021,29.1650862257501,1.52368522954294
68,-30.22083,2021,28.7663123416031,1.86766675632238
69,-30.17023,2021,29.4857933668879,1.77307378386958
70,-30.11963,2021,30.5831643131417,1.86588111536765
1,-33.61103,2022,32.8644016428079,1.73758556705382
2,-33.56043,2022,26.9235904127221,1.73192370765569
3,-33.50983,2022,27.270776718196,1.81782485602084
4,-33.45923,2022,27.6405839382619,1.95972394174827
5,-33.40863,2022,26.9943013332783,2.05252851628911
6,-33.35803,2022,26.0747666369679,2.06785351581767
7,-33.30743,2022,25.2013235154848,2.22120625873447
8,-33.25683,2022,23.9190947421176,2.3676072944047
9,-33.20623,2022,22.5028543233948,2.47123595659412
10,-33.15563,2022,21.8864731770154,2.51124134935502
11,-33.10503,2022,21.5516180079803,2.63922835952857
12,-33.05443,2022,21.14147794698,2.74913240938627
13,-33.00383,2022,20.2689599140208,2.78671598008195
14,-32.95323,2022,21.0801029381426,2.72484825898122
15,-32.90263,2022,23.2533482137751,2.77314866253507
16,-32.85203,2022,23.6140330451902,2.74441502784843
17,-32.80143,2022,25.2597598386888,2.80859253804382
18,-32.75083,2022,25.3659366847925,2.87231351289067
19,-32.70023,2022,25.4810056895967,2.92903675237503
20,-32.64963,2022,25.5819643242961,2.97026234401077
21,-32.59903,2022,25.9037669147246,2.93142807434184
22,-32.54843,2022,25.9163017734521,2.70701277691018
23,-32.49783,2022,25.8787834101755,2.47146534536796
24,-32.44723,2022,25.9910061925589,2.28719947759326
25,-32.39663,2022,25.6211054628956,2.05956589328926
26,-32.34603,2022,25.7116380826314,2.07981327214033
27,-32.29543,2022,27.1773306350596,1.98208826009848
28,-32.24483,2022,28.3675331448085,1.61363620629198
29,-32.19423,2022,30.4785564836894,1.1839981057705
30,-32.14363,2022,29.3661682277045,1.1616676473233
31,-32.09303,2022,28.7138294919821,1.30360613415627
32,-32.04243,2022,28.6256874609653,1.42951425568057
33,-31.99183,2022,26.0102450519615,1.47833166108891
34,-31.94123,2022,18.8372066971531,1.94639626450955
35,-31.89063,2022,17.4043212921914,1.87086841488816
36,-31.84003,2022,17.2877269982149,1.76307041937689
37,-31.78943,2022,17.5317645286553,1.65455856763466
38,-31.73883,2022,17.7577875194099,1.65889118257504
39,-31.68823,2022,17.5473637539996,1.90744383399733
40,-31.63763,2022,17.3852898052732,2.15227621470697
41,-31.58703,2022,17.3033276697963,2.45793132705852
42,-31.53643,2022,17.3494865867704,2.78995037901994
43,-31.48583,2022,17.567096034468,3.18725277339961
44,-31.43523,2022,17.6489265108229,3.52684312275301
45,-31.38463,2022,17.6569311808562,3.79955696794703
46,-31.33403,2022,17.7898733561059,3.99250159338635
47,-31.28343,2022,17.9327117342962,4.08165259674291
48,-31.23283,2022,17.5875822316759,3.6618498229426
49,-31.18223,2022,17.6396492224479,2.94577141171337
50,-31.13163,2022,17.3486867465987,2.58993368966923
51,-31.08103,2022,19.0070206632404,2.27967574982587
52,-31.03043,2022,22.7256276435257,2.15299590054197
53,-30.97983,2022,22.7523461812418,1.91728915384223
54,-30.92923,2022,23.1459138208867,1.61056784469332
55,-30.87863,2022,21.1978570610652,1.31316570768169
56,-30.82803,2022,19.4666010247398,1.01583602464398
57,-30.77743,2022,17.587624920754,0.829478128814976
58,-30.72683,2022,17.3096780568949,0.71330468746922
59,-30.67623,2022,19.1232874520501,0.749259185028895
60,-30.62563,2022,24.1824719759036,0.922208937687451
61,-30.57503,2022,26.6389634354133,0.948888875783294
62,-30.52443,2022,26.6116228930603,1.14519144090443
63,-30.47383,2022,27.7725378352707,1.52107773185003
64,-30.42323,2022,28.4086689226941,1.39164421438081
65,-30.37263,2022,28.1371573486148,1.20889546842526
66,-30.32203,2022,27.166578878331,1.32128472429114
67,-30.27143,2022,26.4491733942326,1.49086357952213
68,-30.22083,2022,26.2089438685565,1.75315634587169
69,-30.17023,2022,26.9459007311424,1.73166882700115
70,-30.11963,2022,27.3806789205592,1.84300694627338
1,-33.61103,2023,24.2276044930429,1.16753885597433
2,-33.56043,2023,16.6292175957843,1.17996829176296
3,-33.50983,2023,16.6227593836116,1.41503158751688
4,-33.45923,2023,17.2196755658568,1.43624669813297
5,-33.40863,2023,17.792222543994,1.5345507547767
6,-33.35803,2023,18.0241683829656,1.58309433210822
7,-33.30743,2023,18.2501763737847,1.74971870911003
8,-33.25683,2023,18.4924249981315,1.93099086793985
9,-33.20623,2023,18.5619236693944,2.06938968279592
10,-33.15563,2023,18.3048302519862,2.13021549401041
11,-33.10503,2023,18.3606295951583,2.31121596566453
12,-33.05443,2023,18.051092669845,2.44071391221288
13,-33.00383,2023,17.8786355828928,2.50834728780816
14,-32.95323,2023,21.3453401539471,2.58589303520241
15,-32.90263,2023,26.8283455542274,2.48888558450039
16,-32.85203,2023,28.6628374823907,2.48372966990152
17,-32.80143,2023,29.5444563097149,2.54126689459911
18,-32.75083,2023,29.6604370902561,2.59110857193133
19,-32.70023,2023,29.9958553365947,2.6669185708915
20,-32.64963,2023,30.2086261678321,2.72673986360182
21,-32.59903,2023,30.5629857276668,2.71314135510844
22,-32.54843,2023,30.4530442754856,2.44537803716175
23,-32.49783,2023,30.8188806109742,2.20684134421794
24,-32.44723,2023,30.5722501674019,1.99233537335474
25,-32.39663,2023,31.4104929531657,1.86562394408618
26,-32.34603,2023,30.4113821962611,1.94427549835602
27,-32.29543,2023,30.4152727053712,2.11659829437473
28,-32.24483,2023,32.0687822126862,1.80028884674581
29,-32.19423,2023,32.8955866068375,1.07601741850935
30,-32.14363,2023,31.4939067180986,1.197555426565
31,-32.09303,2023,31.2406343017423,1.27588521733557
32,-32.04243,2023,31.1762299612639,1.431076022106
33,-31.99183,2023,28.9305670933939,1.53210219952485
34,-31.94123,2023,21.0900105755561,1.98455137730959
35,-31.89063,2023,20.7189948987159,1.87086841488816
36,-31.84003,2023,20.7404895999323,1.76307041937689
37,-31.78943,2023,20.6944663445896,1.65455856763466
38,-31.73883,2023,20.877357553031,1.65889118257504
39,-31.68823,2023,20.9384597881727,1.90744383399733
40,-31.63763,2023,21.0977160478776,2.15227621470697
41,-31.58703,2023,21.2961595617501,2.45793132705852
42,-31.53643,2023,21.470525243554,2.78995037901994
43,-31.48583,2023,21.0002624752148,3.18725277339961
44,-31.43523,2023,19.4866259421499,3.52684312275301
45,-31.38463,2023,19.2715495309428,3.79955696794703
46,-31.33403,2023,19.1519035247233,3.99250159338635
47,-31.28343,2023,19.1816452945859,4.08165259674291
48,-31.23283,2023,19.4690077116743,3.6618498229426
49,-31.18223,2023,19.9932363163387,2.94577141171337
50,-31.13163,2023,20.100151477124,2.58993368966923
51,-31.08103,2023,21.507565210502,2.27967574982587
52,-31.03043,2023,24.3131711029648,2.15299590054197
53,-30.97983,2023,24.6097069611912,1.91728915384223
54,-30.92923,2023,25.384108926137,1.61056784469332
55,-30.87863,2023,25.0681002989098,1.31316570768169
56,-30.82803,2023,23.5577733821035,1.01583602464398
57,-30.77743,2023,21.2458354863684,0.829478128814976
58,-30.72683,2023,19.9020717635889,0.71330468746922
59,-30.67623,2023,21.0868728615662,0.749259185028895
60,-30.62563,2023,25.5752939759718,0.922208937687451
61,-30.57503,2023,28.1948440148794,0.948888875783294
62,-30.52443,2023,28.2960892600459,1.14519144090443
63,-30.47383,2023,30.1599426099112,1.52107773185003
64,-30.42323,2023,31.3671216422125,1.39164421438081
65,-30.37263,2023,31.1947771346158,1.20889546842526
66,-30.32203,2023,30.1619735249556,1.32128472429114
67,-30.27143,2023,29.4261741484076,1.49086357952213
68,-30.22083,2023,29.1475444407781,1.75315634587169
69,-30.17023,2023,29.5564664215457,1.73166882700115
70,-30.11963,2023,30.3101309637867,1.84300694627338
1,-33.61103,2024,32.0015846786537,1.65235075512014
2,-33.56043,2024,25.7692788018205,1.43668118396748
3,-33.50983,2024,25.9273309203592,1.89993288187567
4,-33.45923,2024,26.291813724046,2.03619577079543
5,-33.40863,2024,25.5457230224726,2.18494562629522
6,-33.35803,2024,24.4063339904677,2.21330783619231
7,-33.30743,2024,23.5417156260363,2.39258442350727
8,-33.25683,2024,21.946387381238,2.55843088311546
9,-33.20623,2024,20.9278406144652,2.65973205254558
10,-33.15563,2024,20.3353542024559,2.69934196392497
11,-33.10503,2024,19.9512219341808,2.7776502302929
12,-33.05443,2024,19.194012608024,2.81377434620268
13,-33.00383,2024,18.9107703751616,2.79218687613545
14,-32.95323,2024,20.2823530166361,2.81897922519795
15,-32.90263,2024,22.6317267993073,2.46181314052611
16,-32.85203,2024,22.9377472904616,2.47771541833754
17,-32.80143,2024,22.8619111435059,2.5412247124962
18,-32.75083,2024,20.9218129817567,2.59225119414825
19,-32.70023,2024,20.8497513053373,2.66926462464075
20,-32.64963,2024,21.0939229736828,2.71139010493005
21,-32.59903,2024,21.5605534780823,2.62092540912098
22,-32.54843,2024,20.821912195911,2.35797994666002
23,-32.49783,2024,20.2980452465142,2.09433192488105
24,-32.44723,2024,20.3541723773914,1.84011034194196
25,-32.39663,2024,20.5324679790734,1.62813641010922
26,-32.34603,2024,21.1706080243843,1.61986292993051
27,-32.29543,2024,22.1444387609015,1.7757654484601
28,-32.24483,2024,21.1297890159854,1.46772916588774
29,-32.19423,2024,20.7573430503273,1.05400336042027
30,-32.14363,2024,21.4708222879918,1.15957864387504
31,-32.09303,2024,23.8134640970985,1.24128611406244
32,-32.04243,2024,24.739265728424,1.43641621314361
33,-31.99183,2024,23.1638065625877,1.51713298540408
34,-31.94123,2024,16.3702070474531,1.84021986865462
35,-31.89063,2024,15.0643308733585,1.79824779404995
36,-31.84003,2024,14.6234690648271,1.73894995232051
37,-31.78943,2024,14.771934339976,1.6192324156998
38,-31.73883,2024,15.0776488362221,1.58837781861599
39,-31.68823,2024,15.1755045982155,1.83869382231393
40,-31.63763,2024,15.4918938027609,2.09542713884629
41,-31.58703,2024,16.0897956854952,2.4207241357614
42,-31.53643,2024,16.6278699378947,2.76544034932194
43,-31.48583,2024,16.7216023220037,3.17014116704803
44,-31.43523,2024,16.7326280991201,3.52697751343849
45,-31.38463,2024,16.6517133463092,3.85394981586643
46,-31.33403,2024,16.5181747778829,4.102185896589
47,-31.28343,2024,16.6281019451074,4.22592584021093
48,-31.23283,2024,16.3314883193455,3.80134513236043
49,-31.18223,2024,16.4853884840432,3.06486297114752
50,-31.13163,2024,16.6578273217994,2.71220077516884
51,-31.08103,2024,17.9366663357828,2.32529871667875
52,-31.03043,2024,20.6166204302177,2.05639768454622
53,-30.97983,2024,20.0215090092664,1.82018127589226
54,-30.92923,2024,19.6188138971561,1.54331739295446
55,-30.87863,2024,19.5435336422748,1.29358739543336
56,-30.82803,2024,19.5981002542321,1.04321132627974
57,-30.77743,2024,18.4719562914292,0.898356008046246
58,-30.72683,2024,17.8255555062319,0.791638097030935
59,-30.67623,2024,18.3459591138245,0.829341681005423
60,-30.62563,2024,20.0411132989226,0.957777315576636
61,-30.57503,2024,22.0831058220723,0.916689890186891
62,-30.52443,2024,22.1919667228626,0.972803212146316
63,-30.47383,2024,23.6549736493905,1.08423765275035
64,-30.42323,2024,23.9027180412636,1.15708635727875
65,-30.37263,2024,24.5488707464049,1.20436170066481
66,-30.32203,2024,24.2177529034338,1.32292847600903
67,-30.27143,2024,23.9978247824957,1.48098200781502
68,-30.22083,2024,22.0872615418274,1.70390272028372
69,-30.17023,2024,22.9823289417665,1.71530306367486
70,-30.11963,2024,24.1920216999955,1.83410396262786
