"feature","importance","share"
"depth",0.11962282660553,0.147098892797017
"kd490",0.0279457491290427,0.0343645846860079
"htyperank",0.00304400647143139,0.00374318175151541
"meansummermIST",0.0114437694499944,0.0140722792069576
"maxsummermIST",0.00476296115668274,0.0058569616892069
"CVsummermIST",0.00624565654940319,0.00768021613665141
"COORD1",0.176240638629289,0.216721202331204
"COORD2",0.0220565372811563,0.0271226847338535
"EDF1",0.0140208006342258,0.0172412265112533
"EDF2",0.0217761377214727,0.0267778804357052
"EDF3",0.027296515001615,0.0335662285192073
"EDF4",0.0149522580265648,0.0183866295667461
"EDF5",0.0277485884100585,0.0341221382877023
"EDF6",0.0196047370633913,0.0241077325911323
"EDF7",0.0137718482695303,0.0169350924877975
"EDF8",0.0183617970019618,0.0225793026748902
"LAG1",0.0671791500383847,0.0826094723733458
"LAG2",0.0773168053518495,0.0950756371889122
"LAG3",0.100502193012673,0.123586456994429
"TEMP1",0.0393206679625837,0.0483521990364656
