"regime","interval","coverage","coverage_inside","coverage_outside","width","width_inside","width_outside","pct_outside"
"interpolation (random 5-fold)","ensemble spread",0.746666666666667,0.736111111111111,1,17.033741527872,17.1435713336701,14.3978261887178,0.04
"interpolation (random 5-fold)","QRF",0.753333333333333,0.756944444444444,0.666666666666667,17.5381106010253,17.6886954094478,13.9240751988863,0.04
"interpolation (random 5-fold)","split conformal",0.82,0.8125,1,21.2583007394335,20.8925081344715,30.0373232585217,0.04
"interpolation (random 5-fold)","ensemble spread",0.733333333333333,0.740740740740741,0.666666666666667,16.370280165665,16.5298324068814,14.9343099947172,0.1
"interpolation (random 5-fold)","QRF",0.74,0.748148148148148,0.666666666666667,17.0666793626485,17.2269490090643,15.6242525449061,0.1
"interpolation (random 5-fold)","split conformal",0.713333333333333,0.688888888888889,0.933333333333333,18.3896313738345,17.7482573677796,24.1619974283283,0.1
"interpolation (random 5-fold)","ensemble spread",0.76,0.756756756756757,1,17.3266731079303,17.2761000464611,21.0690796566529,0.0133333333333333
"interpolation (random 5-fold)","QRF",0.746666666666667,0.743243243243243,1,17.9498259175744,17.9097334750191,20.9166666666667,0.0133333333333333
"interpolation (random 5-fold)","split conformal",0.78,0.777027027027027,1,19.5244392179176,19.2975853951103,36.311622105658,0.0133333333333333
"interpolation (random 5-fold)","ensemble spread",0.832214765100671,0.83206106870229,0.833333333333333,16.6297572530547,17.1618152774075,12.7575571869314,0.120805369127517
"interpolation (random 5-fold)","QRF",0.818791946308725,0.816793893129771,0.833333333333333,16.9300224755483,17.5100054557295,12.7090352308965,0.120805369127517
"interpolation (random 5-fold)","split conformal",0.798657718120805,0.793893129770992,0.833333333333333,18.4802995714069,18.7138003819548,16.7809325613082,0.120805369127517
"interpolation (random 5-fold)","ensemble spread",0.791946308724832,0.8,0.666666666666667,16.6446033898722,16.1855741480559,23.78505826257,0.0604026845637584
"interpolation (random 5-fold)","QRF",0.812080536912752,0.8,1,17.2228514316851,16.7447185623474,24.6604738436042,0.0604026845637584
"interpolation (random 5-fold)","split conformal",0.771812080536913,0.785714285714286,0.555555555555556,18.3362177220716,18.4818831079005,16.0703117202902,0.0604026845637584
"extrapolation (LORO)","ensemble spread",0.974358974358974,NA,0.974358974358974,40.1957939016214,NA,40.1957939016214,1
"extrapolation (LORO)","QRF",0.974358974358974,NA,0.974358974358974,40.6458743619946,NA,40.6458743619946,1
"extrapolation (LORO)","split conformal",0.700854700854701,NA,0.700854700854701,19.4237592857987,NA,19.4237592857987,1
"extrapolation (LORO)","ensemble spread",0.777777777777778,NA,0.777777777777778,24.4198507321938,NA,24.4198507321938,1
"extrapolation (LORO)","QRF",0.8,NA,0.8,24.9956447912109,NA,24.9956447912109,1
"extrapolation (LORO)","split conformal",0.555555555555556,NA,0.555555555555556,14.1684785791774,NA,14.1684785791774,1
"extrapolation (LORO)","ensemble spread",0.667883211678832,0.659836065573771,0.733333333333333,19.3893575844745,19.0270249847024,22.336329395954,0.109489051094891
"extrapolation (LORO)","QRF",0.667883211678832,0.663934426229508,0.7,18.6489029764945,18.253190422095,21.8673650856107,0.109489051094891
"extrapolation (LORO)","split conformal",0.598540145985402,0.602459016393443,0.566666666666667,16.9393090186456,16.7150294417401,18.7634495774774,0.109489051094891
"extrapolation (LORO)","ensemble spread",0.514285714285714,0.534722222222222,0.419354838709677,16.9486653943637,16.3234042328894,19.8531043379865,0.177142857142857
"extrapolation (LORO)","QRF",0.537142857142857,0.5625,0.419354838709677,17.3173047635036,16.8215197483075,19.6203061244145,0.177142857142857
"extrapolation (LORO)","split conformal",0.428571428571429,0.5,0.0967741935483871,13.0524710611282,13.2793943419038,11.9983758213967,0.177142857142857
"extrapolation (LORO)","ensemble spread",0.394160583941606,NA,0.394160583941606,18.9461413090474,NA,18.9461413090474,1
"extrapolation (LORO)","QRF",0.408759124087591,NA,0.408759124087591,18.8944750916275,NA,18.8944750916275,1
"extrapolation (LORO)","split conformal",0.357664233576642,NA,0.357664233576642,17.8064325662738,NA,17.8064325662738,1
