"region","site_uid","latitude","longitude","dens","depth","kd490","htyperank","meansummermIST","maxsummermIST","CVsummermIST"
"CSMC","CSMC:Carnac Island",-32.12077,115.6775,29.5857843137255,-4,0.124552941176471,1,22.8913235294118,24.3942647058824,3.61367647058824
"CSMC","CSMC:Causeway",-32.26047998,115.70012,17.4308035714286,-5.1,0.1683875,1,22.655,24.51125,4.0675
"CSMC","CSMC:Coogee",-32.11173,115.76136,22.1064009661836,-4.9,0.123393333333333,1,22.908,24.4706666666667,3.54066666666667
"CSMC","CSMC:Garden Island 2.0m",-32.15816,115.67134,39.0958333333333,-2,0.11988375,1,23.0725,24.825,3.934
"CSMC","CSMC:Garden Island 2.5m",-32.15985,115.6716,26.9742063492063,-2.4,0.119633333333333,1,23.0557142857143,24.8185714285714,3.92095238095238
"CSMC","CSMC:Garden Island 3.2m",-32.15979,115.67257,29.8531746031746,-3.1,0.119633333333333,1,23.0557142857143,24.8185714285714,3.92095238095238
"CSMC","CSMC:Garden Island 5.5m",-32.16018,115.67949,26.3472222222222,-4.6,0.119633333333333,1,23.0557142857143,24.8185714285714,3.92095238095238
"CSMC","CSMC:Garden Island 7.0m",-32.15908,115.68062,19.6530365769496,-6.8,0.119633333333333,1,23.0557142857143,24.8185714285714,3.92095238095238
"CSMC","CSMC:Garden Island Settlement",-32.21313,115.68872,30.6574074074074,-1.2,0.14945,1,23.0727777777778,24.7794444444444,3.89833333333333
"CSMC","CSMC:Jervoise Bay",-32.1723,115.77004,14.0021929824561,-4.5,0.129263157894737,1,23.1294736842105,24.8742105263158,3.92842105263158
"CSMC","CSMC:Kwinana",-32.19181,115.74355,29.4671052631579,-5.2,0.128115789473684,1,23.1294736842105,24.8742105263158,3.92842105263158
"CSMC","CSMC:Luscombe Bay",-32.16672,115.67521,33.6134259259259,-1.5,0.122944444444444,1,23.0727777777778,24.7783333333333,3.89611111111111
"CSMC","CSMC:Mangles Bay",-32.27244,115.71357,12.8179824561404,-3.4,0.173931578947368,1,22.3789473684211,24.1352631578947,4.08578947368421
"CSMC","CSMC:Southern Flats",-32.221819047619,115.708332761905,31.4917800453515,-2.34761904761905,0.140090476190476,1.14285714285714,22.3014285714286,24.0552380952381,4.09619047619048
"CSMC","CSMC:Woodman Point",-32.12859,115.73774,11.7251041666667,-3.8,0.13961875,1,22.845625,24.38,3.528125
"JBMP","JBMP:Boullanger Island 2.5",-30.31406,115.00243,28.6194444444444,-3,0.122853333333333,4,23.712,25.462,3.52133333333333
"JBMP","JBMP:Boullanger Island 3.5",-30.31232,115.00273,30.4613095238095,-3.6,0.1244,4,23.7128571428571,25.4785714285714,3.53928571428571
"JBMP","JBMP:Boullanger Island 5.5",-30.3114,115.00292,25.9070707070707,-5.6,0.122853333333333,4,23.712,25.462,3.52133333333333
"JBMP","JBMP:Cervantes Island",-30.52935,115.0485,22.6369047619048,-4.2,0.115028571428571,3,23.5485714285714,24.9257142857143,3.44285714285714
"JBMP","JBMP:Fishermans Island 2.5",-30.13472,114.99792,41.6805555555556,-3,0.134453333333333,4,23.4313333333333,25.016,3.19733333333333
"JBMP","JBMP:Fishermans Island 3.5",-30.12717,114.99594,26.4089371980676,-4.7,0.134453333333333,4,23.4313333333333,25.016,3.19733333333333
"JBMP","JBMP:Fishermans Island 5.5",-30.13702,114.9912,31.3916666666667,-4.2,0.134453333333333,4,23.4313333333333,25.016,3.19733333333333
"JBMP","JBMP:Green Island",-30.68093,115.10975,16.2738095238095,-5.4,0.0903857142857143,3,23.4914285714286,24.8214285714286,3.17428571428571
"JBMP","JBMP:Jurien Impact Site 2.5",-30.33013,115.03149,34.9166666666667,-3.9,0.148814285714286,3,23.9485714285714,25.5957142857143,3.45142857142857
"JBMP","JBMP:Kangaroo Point",-30.58201,115.08563,30.1607142857143,-4,0.0855285714285714,4,23.5057142857143,24.8457142857143,3.19285714285714
"MMP","MMP:Burns Rocks",-31.730138,115.708352,15.25,-10.7,0.09665,4,23.1466666666667,24.5733333333333,3.33833333333333
"MMP","MMP:Hillarys Channel",-31.822617,115.721312,10.9047619047619,-5.9,0.117771428571429,4,23.2942857142857,24.8242857142857,3.47285714285714
"MMP","MMP:Mullaloo",-31.781429,115.725362,13.9513888888889,-10.3,0.14345,4,23.1866666666667,24.6033333333333,3.36166666666667
"MMP","MMP:North Beach",-31.841652,115.735461,17.4929653679654,-8.9,0.122871428571429,4,22.81,24.1642857142857,3.21571428571429
"MMP","MMP:Ocean Reef Outer",-31.774018,115.717537,12.4821428571429,-8.9,0.136157142857143,4,23.1057142857143,24.4742857142857,3.22714285714286
"MMP","MMP:Sorrento",-31.8298,115.740788,9.04861111111111,-7.3,0.134416666666667,4,22.9683333333333,24.3883333333333,3.36666666666667
"MMP","MMP:Wreck Rock",-31.803238,115.718603,14.5991161616162,-5.7,0.122983333333333,4,23.1866666666667,24.61,3.35666666666667
"NCMP","NCMP:Buayanup",-33.65233,115.2484,56.3586956521739,-3.6,0.265481818181818,2,23.1481818181818,25.2254545454545,3.94909090909091
"NCMP","NCMP:Busselton Jetty",-33.63896,115.34315,43.8954216073781,-3.8,0.184336363636364,2,23.2636363636364,25.3881818181818,4.17636363636364
"NCMP","NCMP:Dunsborough",-33.61654,115.12865,58.5,-3.6,0.146254545454545,2,23.0718181818182,25.0836363636364,3.71363636363636
"NCMP","NCMP:Forrest Beach",-33.57295,115.44908,49.2569169960474,-4.6,0.227245454545455,2,23.1654545454545,25.2827272727273,4.10454545454545
"NCMP","NCMP:MS 1",-33.60164098,115.136821,16.2361111111111,-10.3,0.155533333333333,2,22.905,24.8633333333333,3.725
"NCMP","NCMP:MS 2",-33.62425997,115.203746,28.7222222222222,-8.3,0.278933333333333,2,23.0066666666667,25.0733333333333,4.00333333333333
"NCMP","NCMP:MS 3",-33.62756697,115.295172,30.1875,-9.7,0.35645,2,23.0166666666667,25.1633333333333,4.10666666666667
"NCMP","NCMP:MS 4",-33.57941201,115.41239,33.4305555555556,-10.3,0.193216666666667,2,23.0477777777778,25.2268055555556,4.18236111111111
"NCMP","NCMP:MS 6",-33.60354099,115.360377,33.4236111111111,-10.4,0.2315,2,23.045,25.2216666666667,4.18166666666667
"NCMP","NCMP:OS 1",-33.59011201,115.150849,18.2916666666667,-18,0.15335,2,22.905,24.8633333333333,3.725
"NCMP","NCMP:OS 2",-33.597905,115.211634,17.9305555555556,-16.2,0.278933333333333,2,23.0066666666667,25.0733333333333,4.00333333333333
"NCMP","NCMP:OS 3",-33.594655,115.291166,14.5416666666667,-16.4,0.35645,2,23.0166666666667,25.1633333333333,4.10666666666667
"NCMP","NCMP:OS 4",-33.54436702,115.369983,15.4097222222222,-16.1,0.193216666666667,2,23.045,25.2216666666667,4.18166666666667
"NCMP","NCMP:OS 6",-33.56837598,115.333367,18.2777777777778,-16.3,0.2315,2,23.045,25.2216666666667,4.18166666666667
"NCMP","NCMP:Port Geographe",-33.62846,115.3824,42.1613636363636,-3.7,0.231054545454545,2,23.1645454545455,25.2872727272727,4.11818181818182
"NCMP","NCMP:Vasse Diversion",-33.64746,115.32379,36.7646103896104,-3.9,0.345636363636364,2,23.1509090909091,25.2654545454545,4.04363636363636
"NCMP","NCMP:Vasse-Wonnerup",-33.60188,115.42345,45.8243202778776,-4.9,0.201063636363636,2,23.1645454545455,25.2872727272727,4.11818181818182
"SIMP","SIMP:Becher Point",-32.37232299,115.706082,23.4030797101449,-3.4,0.13128,4,23.156,24.775,3.692
"SIMP","SIMP:Becher Point SZ",-32.366256,115.705302,26.7718253968254,-2.8,0.133977777777778,4,23.1788888888889,24.7788888888889,3.65777777777778
"SIMP","SIMP:Bird Island",-32.27733,115.69471,25.7926328502415,-1.9,0.150719541062802,1,22.8226666666667,24.4373333333333,3.704
"SIMP","SIMP:Mersey Point",-32.31039,115.70226,30.4250201288245,-2.2,0.155477777777778,1,22.8933333333333,24.5588888888889,3.77444444444444
"SIMP","SIMP:Penguin Island",-32.30144997,115.69378,26.0514492753623,-2.9,0.1816,1,23.071,24.843,3.838
"SIMP","SIMP:Port Kennedy",-32.36452304,115.726798,25.3375603864734,-1.6,0.146355555555556,1,23.1788888888889,24.7788888888889,3.65777777777778
"SIMP","SIMP:Seal Island",-32.29040002,115.695982,23.7458333333333,-4.1,0.20002,1,23.056,24.801,3.807
"SIMP","SIMP:Warnbro Sound 2.0m",-32.3144,115.71409,30.2314814814815,-2.1,0.133411805555556,2,22.7233333333333,24.4588888888889,3.72555555555556
"SIMP","SIMP:Warnbro Sound 2.5m",-32.31476,115.71415,35.5416666666667,-2.4,0.133061111111111,2,22.7233333333333,24.4588888888889,3.72555555555556
"SIMP","SIMP:Warnbro Sound 3.2m",-32.3149,115.71425,21.1597222222222,-3.1,0.133061111111111,2,22.7233333333333,24.4588888888889,3.72555555555556
"SIMP","SIMP:Warnbro Sound 5.2m",-32.3162,115.71393,25.890873015873,-6,0.149442857142857,2,22.7995238095238,24.5152380952381,3.76190476190476
"SIMP","SIMP:Warnbro Sound 7.0m",-32.31639,115.71428,11.1328320802005,-11.8,0.155510526315789,2,22.8610526315789,24.5636842105263,3.77315789473684
