"region","year","obs","pred"
"CSMC",2003,32.375,31.1118843323982
"JBMP",2003,34.8194444444444,36.0347233340729
"SIMP",2003,43.28125,30.6496544706623
"CSMC",2004,30.875,31.2954241808427
"JBMP",2004,39.7430555555556,37.5928128478431
"SIMP",2004,36.1666666666667,25.801155157695
"CSMC",2005,32.4507575757576,31.7699406941608
"JBMP",2005,36.7128623188406,35.4866237476941
"SIMP",2005,30.7322463768116,25.9627454401444
"CSMC",2006,35.7788461538462,35.1686663563982
"SIMP",2006,35.6428571428571,31.9988270305285
"CSMC",2007,27.8660714285714,28.9747155008743
"JBMP",2007,30.3263888888889,31.0203935761695
"SIMP",2007,26.2202380952381,26.6832648802468
"CSMC",2008,26.7589285714286,28.213974085132
"JBMP",2008,36.5138888888889,36.08781306114
"SIMP",2008,26.6687370600414,26.1811649281475
"CSMC",2009,28.036102484472,28.9129179615571
"SIMP",2009,28.8757763975155,25.9356145386503
"CSMC",2010,26.1636904761905,26.5395515764422
"JBMP",2010,43.7430555555556,39.3538853720358
"SIMP",2010,25.6190476190476,24.3768906616979
"CSMC",2011,26.1934523809524,26.0981386482564
"JBMP",2011,31.9166666666667,34.4491959872731
"MMP",2011,7.27525252525253,12.7951990917768
"SIMP",2011,26.3571428571429,24.3861587207358
"CSMC",2012,19.7564102564103,20.5300859322369
"JBMP",2012,30.6171497584541,32.4857065628611
"MMP",2012,9.35119047619048,11.3761134258808
"NCMP",2012,44.9523809523809,38.6435420624724
"SIMP",2012,21.375,20.2273496613244
"CSMC",2013,21.5215396825397,21.4854688282038
"SIMP",2013,23.8878968253968,21.4149921727014
"CSMC",2014,21.7311111111111,24.1030997872451
"JBMP",2014,32.3916666666667,31.9066400427064
"MMP",2014,17.2559523809524,16.7427008251617
"NCMP",2014,44.3144409937888,40.7368248160984
"SIMP",2014,24.3923611111111,22.0532576773188
"CSMC",2015,25.872193877551,26.5791528113177
"NCMP",2015,30.9387254901961,30.0205294000934
"SIMP",2015,24.9166666666667,24.4864352902224
"CSMC",2016,29.0919565217391,27.9284215330825
"JBMP",2016,26.3796296296296,27.8836634802158
"NCMP",2016,45.8630952380952,41.4023468170163
"SIMP",2016,26.0949792960663,25.2813797128752
"CSMC",2017,17.825,20.8758841213934
"JBMP",2017,20.8125,23.6230752863386
"NCMP",2017,32.5612745098039,31.0431895905603
"SIMP",2017,21.9962121212121,20.9591220856524
"CSMC",2018,23.1344444444444,24.5595934945027
"JBMP",2018,28.909337944664,28.7974844869375
"MMP",2018,14.8944805194805,15.831949742361
"NCMP",2018,35.6797740835465,33.3155752694162
"SIMP",2018,21.9384057971014,21.5432235256141
"CSMC",2019,26.147619047619,27.0414953356055
"SIMP",2019,25.3511904761905,23.2482639810382
"CSMC",2020,18.425,19.9351488141548
"JBMP",2020,23.9958333333333,25.6588771314633
"MMP",2020,14.7261904761905,15.5477557287236
"NCMP",2020,34.7205882352941,32.3533428988805
"SIMP",2020,21.2222222222222,19.9589404572217
"NCMP",2021,34.5167079084598,32.3139455437417
"CSMC",2022,27.4916666666667,26.6937207865232
"JBMP",2022,24.9125,25.6799956269069
"MMP",2022,17.0357142857143,16.3774182503657
"NCMP",2022,49.202380952381,41.1335942532046
"SIMP",2022,22.0905797101449,25.268115419491
"CSMC",2023,29.9618055555556,29.1073752080083
"NCMP",2023,28.9338235294118,27.272497555023
"SIMP",2023,34.125,22.3360306493376
"CSMC",2024,17.8715277777778,19.7261383060296
"JBMP",2024,21.05,23.3215470123018
"MMP",2024,9.79761904761905,11.9344218980357
"NCMP",2024,53.3988095238095,42.9554399363133
"SIMP",2024,20.2135416666667,19.9922603314949
