world_cfg,world_id,realisation,stationary,range_km,n,n_time,rep,GLM,v_BASE,v_COORD,v_EDF,v_LAG,v_TEMP,v_COORD+EDF,v_COORD+LAG,v_COORD+TEMP,v_EDF+LAG,v_EDF+TEMP,v_LAG+TEMP,v_COORD+EDF+LAG,v_COORD+EDF+TEMP,v_COORD+LAG+TEMP,v_EDF+LAG+TEMP,v_COORD+EDF+LAG+TEMP,v_NN0,v_NN0+TEMP,v_COORD+EDF+LAG+NN0,v_COORD+EDF+LAG+NN0+TEMP
stat_r30,0,0,True,30,30,1,0,0.709353587932225,0.6791623352480103,0.7420175431940451,0.7402562049943471,0.7149060240232492,0.6869835494616395,0.7380528723945093,0.7349162297308578,0.7270589730554144,0.7346373748947181,0.7514103984399305,0.7112790141817603,0.7293059360037636,0.7497059693904651,0.7230127324738786,0.7380168299326954,0.7334612524565783,0.7145124024008073,0.7208169877607388,0.7360667430513927,0.7442673515999058
stat_r30,0,0,True,30,30,3,0,0.5601909112293135,0.6006343473279258,0.6383774442480025,0.6544239276419125,0.5822394130010852,0.6492309676831906,0.6411403834917937,0.6265744864897677,0.6457206215996782,0.6682898420960778,0.6659357002481241,0.6398864852150028,0.6701223167335666,0.6556484228577499,0.6466359104325854,0.6853464629066159,0.6649113355439377,0.6011816236559956,0.6623504237834721,0.6522471526455168,0.6682794087518686
stat_r30,0,0,True,30,30,5,0,0.5803719653589513,0.6097496569021816,0.6651668165254839,0.6699559888315745,0.6635398230088495,0.6292574889972078,0.6853570583502911,0.6978761061946904,0.6084861104538355,0.6843585253892386,0.6455444607448773,0.6640064360418344,0.6718877478585962,0.6341630779423596,0.6553944441815343,0.6233760825327717,0.6163418673986086,0.6389664473995551,0.6077459656428944,0.6637717098102315,0.6893313141829539
stat_r30,0,0,True,30,50,1,0,0.6951617224880383,0.6323789473684209,0.761711004784689,0.8108066985645933,0.6643990430622009,0.6438889952153111,0.8205167464114832,0.753621052631579,0.7589712918660286,0.8054545454545454,0.8032277511961723,0.66973014354067,0.798888038277512,0.8135148325358852,0.7417578947368422,0.810135885167464,0.8199071770334928,0.657952153110048,0.6503779904306219,0.8141215311004784,0.8059770334928229
stat_r30,0,0,True,30,50,3,0,0.7012238805411786,0.6525997407460751,0.7099358224952349,0.665389413985122,0.691827328655789,0.6887447134458513,0.6725432136637668,0.7181389832981363,0.7154304718758124,0.6721775272113741,0.6826533685240297,0.7029578515967685,0.6789459999887768,0.6825663893934094,0.7202152593193929,0.679516508264888,0.6771138266889383,0.6523556380246573,0.6787355666082441,0.6736561724319178,0.6885969424497438
stat_r30,0,0,True,30,50,5,0,0.690259351892127,0.6993481249611633,0.730046642950351,0.764655051885913,0.7233366215124591,0.7637375333996148,0.7644220313179644,0.7343322795625428,0.7710951578325981,0.7559828030820853,0.7748370797862423,0.7707485397377741,0.7576692894426149,0.7732874930093829,0.7698018936804821,0.7745924081898964,0.7832025181756042,0.6993723979369912,0.7643511542285466,0.7581304759833468,0.7740156822842231
stat_r30,0,0,True,30,100,1,0,0.6933769858308287,0.7142588787339753,0.7817694596086611,0.8002965328467154,0.7737791740783905,0.7116050343495063,0.7957795344415137,0.7853472137029995,0.792188362571306,0.7910181408329754,0.788214784088818,0.7772879224682575,0.7961485232779244,0.7952102373796233,0.7829262635711219,0.7933758357357542,0.7824441820523829,0.7745334447647672,0.7733268033490768,0.8001144344599155,0.7992700729927008
stat_r30,0,0,True,30,100,3,0,0.7316660334346505,0.7089086246200608,0.8045089285714286,0.8358672112462007,0.7826766717325226,0.7741080927051671,0.8416821808510638,0.8095535714285713,0.7957959726443768,0.8325759878419453,0.8239570668693009,0.7796590045592705,0.8359042553191489,0.830150075987842,0.8019452887537993,0.8177564589665653,0.8183577127659575,0.7264523176291795,0.7682418313069908,0.8338763297872341,0.8249781534954408
stat_r30,0,0,True,30,100,5,0,0.6893481246538026,0.6486637731525393,0.7456919773273946,0.812425543861779,0.7411582150255333,0.7813740145232153,0.8163646055437099,0.7692390867219571,0.788405140034449,0.809459628648825,0.8160629870474774,0.7916413737110077,0.8056865519884057,0.8207276403948737,0.7953328805894271,0.81561340476064,0.8161142052826867,0.7096476185417597,0.7871351174984255,0.8117521189173603,0.8154806167434309
stat_r30,0,0,True,30,200,1,0,0.7067209313331124,0.7314807628602527,0.825376934361838,0.8541025034309782,0.8209606738914392,0.7304831763759405,0.8552960106005394,0.8299228621456628,0.82651554588046,0.8485097723723439,0.8512356253845061,0.8167299228621456,0.8462713548814537,0.8560257441673371,0.8342160806398182,0.8445733756092945,0.8478983483980882,0.8003483034404429,0.7992532298518764,0.8453532724433298,0.8416601202025461
stat_r30,0,0,True,30,200,3,0,0.7244233717974913,0.7030567643896879,0.8024674855974229,0.8556820720615783,0.8234521884088136,0.819963489920583,0.8551264008737978,0.8367663374012537,0.8344558145929566,0.8634356901302486,0.858003097246277,0.8383111414937434,0.8586055517471181,0.8553698650540108,0.8493281343387608,0.8604110057266594,0.8606850222745857,0.7984278897288668,0.8278841912501839,0.8551798675172955,0.8516434309545133
stat_r30,0,0,True,30,200,5,0,0.7226060591961909,0.7189150208202479,0.7928123618768464,0.83943304564946,0.8096314001907553,0.8303847674878452,0.8380915548111445,0.8271589860500461,0.8352699653383582,0.8387002659718831,0.8520327851055746,0.843298555377207,0.8336192724932344,0.8492577213266027,0.848935918611053,0.8483717945735532,0.846393483301153,0.7569168198137421,0.8372056280580951,0.8388427509091896,0.8516285931405619
stat_r30,0,0,True,30,500,1,0,0.7037723395124805,0.7383118670030462,0.8609942057265356,0.8906467994865785,0.8573773551864616,0.7404440672682242,0.8939259233601012,0.865515509447687,0.8650594341202078,0.8835093168299493,0.8918389457539772,0.8563353096597525,0.8829281575518954,0.8911827361055786,0.8668529455345991,0.8772406865376955,0.8835987999638218,0.8058177507596445,0.8061804942163106,0.8764488089121354,0.8728030928450057
stat_r30,0,0,True,30,500,3,0,0.7536631944444445,0.758467399691358,0.8735976080246913,0.8889033564814814,0.8762268518518518,0.8487538580246914,0.8876765046296297,0.8791550925925927,0.8712519290123457,0.8868904320987654,0.8877671682098764,0.883659336419753,0.8881163194444445,0.8886284722222222,0.8845524691358023,0.8883516589506173,0.8903279320987655,0.8268219521604938,0.8579947916666666,0.8791763117283952,0.8860850694444443
stat_r30,0,0,True,30,500,5,0,0.7248244598765432,0.7510233410493826,0.8628009259259259,0.8739062499999999,0.8628144290123456,0.8611795910493827,0.8783217592592594,0.8681577932098765,0.877042824074074,0.8750106095679012,0.8837663966049383,0.8785358796296296,0.8783092206790123,0.886333912037037,0.8846990740740741,0.8795283564814814,0.8836988811728396,0.809032600308642,0.8724411651234568,0.8703761574074074,0.8843740354938272
stat_r30,0,1,True,30,30,1,0,0.5108776111147264,0.5596174025509207,0.5532045129172902,0.5791336549098719,0.5586870404112709,0.5514281821435543,0.5701726914817465,0.5581471253335069,0.5565609341445954,0.5718371754408798,0.5774518855339364,0.5731712029023232,0.5570927149085703,0.5783690294136787,0.5744269375935446,0.5854194458905446,0.5611751236415696,0.5661431557883777,0.563102956009631,0.5815180256393571,0.5833411287173814
stat_r30,0,1,True,30,30,3,0,0.5760319641476878,0.5989959478767343,0.6343837103083205,0.6860785362387865,0.5896210210726025,0.6621054254729428,0.6834952100623825,0.6076516032822978,0.6745418914593109,0.6692210398107448,0.6882197593710231,0.6477248772261303,0.6831409420601027,0.6934879099944566,0.6635859339012031,0.6873726391892631,0.6957120884440314,0.6403613728812236,0.6585168760393812,0.6738304276200217,0.6722776992684317
stat_r30,0,1,True,30,30,5,0,0.5743775262813339,0.5322162807132746,0.6480373334080748,0.6763416943777665,0.6283886454227136,0.7076750904406215,0.6932176040392474,0.6805138749026525,0.7172276621174418,0.6916170002342347,0.7133597865060791,0.7145579871030774,0.6961195117507742,0.7043547634729999,0.7190635016286319,0.7130404665474807,0.7108622840085765,0.6350633334601271,0.7147241536019091,0.7030114174402752,0.7094278467023958
stat_r30,0,1,True,30,50,1,0,0.5388007089876965,0.5926494423109167,0.6345978810210062,0.67543253838354,0.6348423939512492,0.5938111282325608,0.6700901803607213,0.6448913763782544,0.6304870697570439,0.6729325184233008,0.6792798744900159,0.6272874434127218,0.6679903631965125,0.6763137829443747,0.6413174955488667,0.6675562279938363,0.6781092064607303,0.6545601162484331,0.65790046227914,0.6698776038132042,0.6646659853571686
stat_r30,0,1,True,30,50,3,0,0.5619979521209043,0.5974072104394209,0.6538409639319279,0.7202829327533655,0.7104552959105919,0.6575755651511302,0.7191766414782829,0.6910192961010921,0.6537467059309119,0.7141561626873254,0.7241663623952248,0.6752484442468885,0.7126946675768351,0.7122680260985522,0.6830688817627636,0.7128792148209296,0.7144101631953264,0.664939595504191,0.6598268430911862,0.7339721710693422,0.7163270732791466
stat_r30,0,1,True,30,50,5,0,0.4726394471475918,0.6334130565937208,0.7042384567770649,0.7122587734762477,0.6707527286118359,0.6862958261837043,0.7231546121962878,0.701548041589294,0.7016058262620564,0.7193467002013649,0.7080375541608882,0.6791961466437879,0.7298360874096013,0.7106280704228662,0.6918284637504016,0.6988987612533201,0.7107230723424925,0.6327901574093661,0.6989359785001843,0.7224220200738077,0.7153585783795219
stat_r30,0,1,True,30,100,1,0,0.5723694271617261,0.6319129755877689,0.6847799840632319,0.7334142915784645,0.6931669094743279,0.6252706433463994,0.7368441174813468,0.6947485129707583,0.6729380800218929,0.7366781094807672,0.7383623361048286,0.6868515626886454,0.7401833935657312,0.7424491512463679,0.6983342857832759,0.7469997826804357,0.748044123920445,0.6269095950612117,0.6345882196698351,0.7423012532094881,0.74448853438076
stat_r30,0,1,True,30,100,3,0,0.5898670545956448,0.652653908665468,0.6996631762207902,0.7214626151092326,0.6886703302951229,0.7344865986091805,0.7310879721757679,0.6865529281906603,0.7423464736432452,0.7224615191575877,0.7397457941140142,0.7341091912896351,0.7164220217661095,0.7368128000878331,0.7347248063459325,0.7375725161206841,0.7346032517806765,0.6913837418808414,0.7378656194675519,0.7231614381865626,0.7405094312618735
stat_r30,0,1,True,30,100,5,0,0.6078859627739465,0.6475133483789287,0.7172089896122482,0.7422779922779923,0.7212744458161974,0.7698849562393351,0.7461714332895594,0.7267494436537207,0.7834004356407616,0.7448798449307614,0.7834004356407614,0.7889147512365435,0.7369474872020697,0.7745057757786882,0.7823349243919508,0.7819387979774944,0.7791138170466072,0.6903549607215593,0.7650016906636052,0.745164898678137,0.7747102281216334
stat_r30,0,1,True,30,200,1,0,0.5801523365456012,0.6963748213558592,0.7445189183147171,0.8077938746017933,0.7687237023848494,0.6939616284361552,0.8073278030163913,0.7714692332872918,0.7448732125605793,0.7942328880869307,0.801543325695215,0.770314533449369,0.788150005189662,0.808486494902155,0.7705770105948949,0.7949734129613809,0.7935602280257726,0.7556806840773179,0.7611917061214064,0.7934244983991888,0.7952817986570752
stat_r30,0,1,True,30,200,3,0,0.611516191704871,0.7297978052695034,0.7987095015396903,0.8548765176123666,0.8206510470661413,0.7818180247425532,0.8519104061556891,0.8261618709731917,0.7869372067485274,0.843219411615638,0.836425192557268,0.817816442816443,0.838297970373442,0.8339399943173528,0.8169160504066164,0.829238371691202,0.8303557029972123,0.7785754601792337,0.7960841569332134,0.8402341020265548,0.8310621942697415
stat_r30,0,1,True,30,200,5,0,0.5905533751962322,0.7025000000000001,0.7543926609105182,0.7838569466248038,0.7639746860282575,0.7879650706436421,0.7850902668759812,0.7668367346938775,0.7979071821036108,0.7858261381475666,0.8153090659340659,0.7973724489795919,0.7776246075353218,0.8085331632653061,0.8061803375196233,0.8114158163265306,0.8126059654631084,0.7487186028257458,0.791298076923077,0.7845359105180535,0.812350863422292
stat_r30,0,1,True,30,500,1,0,0.5761199962588851,0.7048883900735753,0.7893313926300037,0.8322187928669409,0.8295357120588602,0.700259734692605,0.8322441233320862,0.8304359178201772,0.7856204794862203,0.8323688271604939,0.8331832990397803,0.8278531846240179,0.8374281004489338,0.8313867845117845,0.8293213773537847,0.8379074307893751,0.837893791308143,0.7708947109988776,0.7736537832023943,0.8343485004364634,0.8328978441825663
stat_r30,0,1,True,30,500,3,0,0.581788097798583,0.7124250774924089,0.8305753020622471,0.8718914078314777,0.8499385200531376,0.829088712993421,0.8750593054149797,0.8566993373608298,0.8415369195976722,0.8740718702555668,0.869654605263158,0.8662850692687247,0.8703208027580973,0.8656218370445343,0.8656346865511133,0.8700479978491903,0.8712627704326922,0.7872398469129553,0.8387248545040487,0.8697415865384617,0.8710947384235831
stat_r30,0,1,True,30,500,5,0,0.6328034555166109,0.7423392601936941,0.8382302453512603,0.865032854553729,0.8488690528467294,0.847182412634033,0.8680508427212993,0.8537962378941151,0.8573641306517417,0.8644729698440705,0.871630711622448,0.8657115026866482,0.8635967153430366,0.8718682384689698,0.8694939680157128,0.8720878011002084,0.8723862066763008,0.7997029916406518,0.8508790489345225,0.8643811527437344,0.873485017844454
