world,n,rep,coverage,coverage_inside,coverage_outside,width_inside,width_outside,pct_outside
stat_r30,50,0,0.804,0.8002717391304348,1.0,0.6519701086956521,0.8214285714285714,0.018666666666666668
stat_r30,50,1,0.8273333333333334,0.8188811188811189,1.0,0.6182517482517482,1.0,0.04666666666666667
stat_r30,200,0,0.7033333333333334,0.7023411371237458,1.0,0.4769899665551839,1.0,0.0033333333333333335
stat_r30,200,1,0.746,0.742393509127789,1.0,0.5508451656524678,0.9047619047619048,0.014
stat_r80,50,0,0.716,0.7203513909224012,0.6716417910447762,0.562957540263543,0.6499999999999996,0.08933333333333333
stat_r80,50,1,0.832,0.8313913639479096,0.8536585365853658,0.6710075394105549,0.5951219512195116,0.027333333333333334
stat_r80,200,0,0.7073333333333334,0.7063545150501672,1.0,0.5095652173913043,1.0,0.0033333333333333335
stat_r80,200,1,0.6793333333333333,0.6789544235924933,0.75,0.4750670241286863,0.75,0.005333333333333333
stat_r200,50,0,0.6886666666666666,0.6810109289617486,1.0,0.5008879781420764,1.0,0.024
stat_r200,50,1,0.5713333333333334,0.5547091412742382,1.0,0.32804709141274235,1.0,0.037333333333333336
stat_r200,200,0,0.5406666666666666,0.5389784946236559,0.75,0.31115591397849457,0.3333333333333333,0.008
stat_r200,200,1,0.6113333333333333,0.6092493297587132,1.0,0.36353887399463813,1.0,0.005333333333333333
nonstat_r30,50,0,0.724,0.7144866385372715,0.8974358974358975,0.5431082981715891,0.8884615384615382,0.052
nonstat_r30,50,1,0.8713333333333333,0.8664359861591695,1.0,0.6636678200692041,1.0,0.03666666666666667
nonstat_r30,200,0,0.7806666666666666,0.7797858099062919,1.0,0.5681392235609103,1.0,0.004
nonstat_r30,200,1,0.816,0.8132611637347767,1.0,0.5764546684709067,1.0,0.014666666666666666
nonstat_r80,50,0,0.7213333333333334,0.7166101694915255,1.0,0.542915254237288,1.0,0.016666666666666666
nonstat_r80,50,1,0.7573333333333333,0.7452631578947368,0.9866666666666667,0.5538245614035088,0.9733333333333334,0.05
nonstat_r80,200,0,0.6,0.5948509485094851,0.9166666666666666,0.38990514905149054,0.9166666666666666,0.016
nonstat_r80,200,1,0.6613333333333333,0.6575716234652115,0.8235294117647058,0.4427012278308322,0.7970588235294116,0.02266666666666667
nonstat_r200,50,0,0.814,0.8114864864864865,1.0,0.6724324324324323,1.0,0.013333333333333334
nonstat_r200,50,1,0.7933333333333333,0.792225201072386,1.0,0.6365281501340482,1.0,0.005333333333333333
nonstat_r200,200,0,0.69,0.6832425068119891,1.0,0.4861035422343324,1.0,0.021333333333333333
nonstat_r200,200,1,0.7526666666666667,0.751183231913455,0.8571428571428571,0.5378634212305611,0.8571428571428571,0.014
