regime,interval,coverage,coverage_inside,coverage_outside,width,width_inside,width_outside,pct_outside
interpolation (random 10-fold),ensemble spread,0.7466666666666667,0.7535211267605634,0.625,15.95997990530316,15.935936945613948,16.386742439786662,0.05333333333333334
interpolation (random 10-fold),QRF,0.82,0.8169014084507042,0.875,19.481759420289855,19.461365584813226,19.843749999999993,0.05333333333333334
interpolation (random 10-fold),split conformal,0.8466666666666667,0.8450704225352113,0.875,20.420890437762026,20.29292766506034,22.69222965321694,0.05333333333333334
interpolation (random 10-fold),ensemble spread,0.7333333333333333,0.7394366197183099,0.625,15.038322997146993,14.880378448078933,17.841838743105072,0.05333333333333334
interpolation (random 10-fold),QRF,0.8066666666666666,0.795774647887324,1.0,18.48567472865299,18.347250300220296,20.94270833333333,0.05333333333333334
interpolation (random 10-fold),split conformal,0.8466666666666667,0.8380281690140845,1.0,20.75626037034023,20.619699733080374,23.18021168170263,0.05333333333333334
interpolation (random 10-fold),ensemble spread,0.72,0.7397260273972602,0.0,14.853970535262002,14.818649288568002,16.14319603959288,0.02666666666666667
interpolation (random 10-fold),QRF,0.8333333333333334,0.8493150684931506,0.25,18.33641985068072,18.2756050679517,20.556159420289855,0.02666666666666667
interpolation (random 10-fold),split conformal,0.8266666666666667,0.8356164383561644,0.5,22.93627208213703,22.915575833388555,23.691685161456398,0.02666666666666667
interpolation (random 10-fold),ensemble spread,0.7651006711409396,0.7655172413793103,0.75,15.104322018296108,15.243090648268105,10.073959181811244,0.026845637583892617
interpolation (random 10-fold),QRF,0.8389261744966443,0.8344827586206897,1.0,18.267164047410617,18.401545584350682,13.395833333333327,0.026845637583892617
interpolation (random 10-fold),split conformal,0.8120805369127517,0.8068965517241379,1.0,21.620559170377323,21.464112059228675,27.291766949515786,0.026845637583892617
interpolation (random 10-fold),ensemble spread,0.7516778523489933,0.7446808510638298,0.875,14.773029629986008,14.690767275066861,16.222903635435927,0.053691275167785234
interpolation (random 10-fold),QRF,0.8590604026845637,0.8581560283687943,0.875,18.290487306682223,18.170187069585772,20.41077898550724,0.053691275167785234
interpolation (random 10-fold),split conformal,0.7986577181208053,0.8156028368794326,0.5,20.369947472034205,20.382282341080156,20.152545405099367,0.053691275167785234
extrapolation (LORO),ensemble spread,0.9401709401709402,,0.9401709401709402,37.86210127831899,,37.86210127831899,1.0
extrapolation (LORO),QRF,0.9743589743589743,,0.9743589743589743,38.26948976948976,,38.26948976948976,1.0
extrapolation (LORO),split conformal,0.5641025641025641,,0.5641025641025641,16.829035054963754,,16.829035054963754,1.0
extrapolation (LORO),ensemble spread,0.6444444444444445,,0.6444444444444445,20.66424682209367,,20.66424682209367,1.0
extrapolation (LORO),QRF,0.7555555555555555,,0.7555555555555555,23.46950080515298,,23.46950080515298,1.0
extrapolation (LORO),split conformal,0.4888888888888889,,0.4888888888888889,13.637620478618553,,13.637620478618553,1.0
extrapolation (LORO),ensemble spread,0.6459854014598541,0.642570281124498,0.68,18.18814278943109,17.876338750445864,21.2937110177239,0.09124087591240876
extrapolation (LORO),QRF,0.6897810218978102,0.6827309236947792,0.76,19.60177436284228,19.13380956538369,24.262703745529837,0.09124087591240876
extrapolation (LORO),split conformal,0.5948905109489051,0.5983935742971888,0.56,14.473824984007681,14.369698977152172,15.51092001228858,0.09124087591240876
extrapolation (LORO),ensemble spread,0.5428571428571428,0.5655172413793104,0.43333333333333335,17.247973211112143,16.876020437296756,19.045744951219856,0.17142857142857143
extrapolation (LORO),QRF,0.6,0.6206896551724138,0.5,19.74504143475572,19.39539483505001,21.435,0.17142857142857143
extrapolation (LORO),split conformal,0.4057142857142857,0.4482758620689655,0.2,12.294209330888648,12.5721355280421,10.950899377980313,0.17142857142857143
extrapolation (LORO),ensemble spread,0.36496350364963503,,0.36496350364963503,16.453232767484188,,16.453232767484188,1.0
extrapolation (LORO),QRF,0.3795620437956204,,0.3795620437956204,18.48330461984857,,18.48330461984857,1.0
extrapolation (LORO),split conformal,0.30656934306569344,,0.30656934306569344,17.814404513250615,,17.814404513250615,1.0
