origin,horizon,method,n,rho_level,rho_anomaly,rmse
2011,1,stRF,28,0.8310977590351801,0.5998905309250135,7.326713410559934
2011,1,climatology,28,0.7853819073359459,,9.399224873164812
2011,1,persistence,28,0.6996577752072506,,7.650247986673072
2011,2,stRF,21,0.8415584415584414,-0.1064935064935065,7.5127240434839555
2011,2,climatology,21,0.857142857142857,,8.637985401042217
2011,2,persistence,21,0.7935064935064934,,7.125353662437733
2011,3,stRF,30,0.7957730812013347,0.37174638487208006,6.786091808602976
2011,3,climatology,30,0.7561735261401556,,8.058604645618729
2011,3,persistence,30,0.6908443696103249,,7.342295016205034
2011,5,stRF,26,0.5806120789251921,-0.009914529914529914,10.10197439848815
2011,5,climatology,26,0.609676876751247,,9.938075377884669
2011,5,persistence,26,0.6712258603828928,,9.346621476148327
2012,1,stRF,27,0.7503052503052503,0.2765567765567765,5.45862663655446
2012,1,climatology,27,0.7112332112332113,,7.10809476323737
2012,1,persistence,27,0.78998778998779,,5.473138498323964
2012,2,stRF,47,0.8608926919518964,0.35962072155411656,6.982266720731532
2012,2,climatology,47,0.8189176688251619,,7.455047468773656
2012,2,persistence,47,0.8441167981730844,,6.788476415193907
2012,3,stRF,31,0.8193548387096775,0.13951612903225807,8.102867252348984
2012,3,climatology,31,0.8213709677419356,,6.985903177777388
2012,3,persistence,31,0.8725806451612903,,7.469034483608216
2012,5,stRF,38,0.5951417004048583,0.32443374548637705,11.717037897456503
2012,5,climatology,38,0.5459021774811248,,12.065248152918498
2012,5,persistence,38,0.7229851737034826,,8.056703033296815
2013,1,stRF,47,0.8666743755781684,0.4832331174838113,6.307595677039469
2013,1,climatology,47,0.8340656799259943,,7.167305387480821
2013,1,persistence,47,0.8522201665124884,,6.440486501295009
2013,2,stRF,31,0.8298387096774194,0.13104838709677422,8.064396964481023
2013,2,climatology,31,0.8225806451612904,,6.749402537902756
2013,2,persistence,31,0.8431451612903227,,6.968414954643836
2013,3,stRF,39,0.6782731928318059,-0.02307692307692308,9.662265394299432
2013,3,climatology,39,0.776253859995093,,8.22942131367157
2013,3,persistence,39,0.6866744277228729,,9.797872893873723
2013,5,stRF,47,0.7630666049953747,0.32897779833487517,9.772703267530046
2013,5,climatology,47,0.7404024051803886,,9.71368849916692
2013,5,persistence,47,0.8223866790009251,,8.015526879495848
2014,1,stRF,31,0.8681451612903227,0.3165322580645162,6.2195334615471
2014,1,climatology,31,0.8391129032258065,,6.029334252228419
2014,1,persistence,31,0.8887096774193549,,6.066587293517063
2014,2,stRF,43,0.7128780161383748,0.10706735125339777,8.58258596368216
2014,2,climatology,43,0.7505568774934271,,8.340892656633075
2014,2,persistence,43,0.6949824447132297,,9.646406208771197
2014,3,stRF,42,0.58009885746698,0.18077951543635037,10.949972613319856
2014,3,climatology,42,0.5669718823434081,,11.273397376491207
2014,3,persistence,42,0.657888339680739,,9.367043696129263
2014,5,stRF,21,0.28441558441558445,-0.16623376623376623,13.540632001156986
2014,5,climatology,21,0.42727272727272725,,13.154401586072604
2014,5,persistence,21,0.33246753246753247,,13.528621799881643
2015,1,stRF,43,0.6940008310907533,0.13968589549984897,8.76858081355106
2015,1,climatology,43,0.7575791903311423,,8.24390879431381
2015,1,persistence,43,0.6915351506456242,,8.579160513938648
2015,2,stRF,52,0.5331682745667208,0.32562110475539996,10.096340630722798
2015,2,climatology,52,0.5374370357722188,,10.603866803568874
2015,2,persistence,52,0.6532058396653292,,9.361345149055149
2015,3,stRF,61,0.7017451084082494,0.1605499735589635,9.005040432909599
2015,3,climatology,61,0.7486515071390797,,8.888370037616026
2015,3,persistence,61,0.7853884901332868,,7.853974499611545
2015,5,stRF,61,0.6093497979337406,0.32548915917503957,9.692906652468936
2015,5,climatology,61,0.5828551788176803,,10.793638353324287
2015,5,persistence,61,0.6700688816905681,,9.62588477412121
2016,1,stRF,52,0.5902842994962861,0.3560146845385469,9.370286807945305
2016,1,climatology,52,0.5656962349526167,,10.098569330478165
2016,1,persistence,52,0.5686538175507192,,10.848252074592374
2016,2,stRF,61,0.7700158646218931,0.13146483342147008,8.575288055344288
2016,2,climatology,61,0.7745637228979375,,8.479772365663552
2016,2,persistence,61,0.7528920266658321,,8.901090941428082
2016,3,stRF,21,0.35194805194805195,-0.20649350649350648,13.043033921213283
2016,3,climatology,21,0.46623376623376617,,12.57680340070129
2016,3,persistence,21,0.5930497227364652,,11.99122975015488
2016,5,stRF,17,0.8970588235294119,0.36051508922112674,9.193148192398645
2016,5,climatology,17,0.9460784313725492,,6.103649842135697
2016,5,persistence,17,0.931372549019608,,6.135884926071618
2017,1,stRF,61,0.7868852459016392,0.09058699101004758,7.917627001715518
2017,1,climatology,61,0.8104177683765202,,7.852731036202477
2017,1,persistence,61,0.8082496033844525,,7.193313052735717
2017,2,stRF,21,0.35454545454545455,-0.4285714285714285,13.145603034970467
2017,2,climatology,21,0.4831168831168831,,12.176497502034106
2017,2,persistence,21,0.7077922077922078,,11.60587392331183
2017,3,stRF,61,0.6479811737107505,0.29058699101004754,8.994973402625753
2017,3,climatology,61,0.63074116207036,,9.67243653911501
2017,3,persistence,61,0.7365345463850875,,7.08926150194696
2017,5,stRF,48,0.6265910388499093,-0.18150238818931827,10.978537726469638
2017,5,climatology,48,0.7820989499989902,,8.290733092453598
2017,5,persistence,48,0.6630119143755754,,10.129027780227629
2018,1,stRF,21,0.41038961038961036,-0.26233766233766237,12.51395603022208
2018,1,climatology,21,0.5064935064935064,,11.688962629936572
2018,1,persistence,21,0.7688311688311688,,8.705355874372447
2018,2,stRF,61,0.606864274783132,0.3042834479111581,8.538583038391941
2018,2,climatology,61,0.6704830907444503,,9.359175353940303
2018,2,persistence,61,0.7537481162898333,,7.842888986101204
2018,3,stRF,17,0.9534313725490198,-0.11029411764705883,7.306807395649204
2018,3,climatology,17,0.9191176470588237,,4.610203255308408
2018,3,persistence,17,0.9240196078431374,,5.839264886646955
2018,5,stRF,32,0.49230205278592365,-0.56341642228739,13.105562898518409
2018,5,climatology,32,0.7470674486803518,,8.605628313461855
2018,5,persistence,32,0.6499266862170088,,10.717602263541869
2019,1,stRF,61,0.6721224783544261,0.34362771020624006,8.144699921803587
2019,1,climatology,61,0.6874058015571036,,9.164348832637152
2019,1,persistence,61,0.8093286446151412,,8.601328110364754
2019,2,stRF,17,0.9558823529411765,-0.08578431372549021,6.842933569641192
2019,2,climatology,17,0.9191176470588237,,4.610203255308408
2019,2,persistence,17,0.9240196078431374,,5.839264886646955
2019,3,stRF,48,0.7184845444608671,-0.1712983065566652,9.55871938351935
2019,3,climatology,48,0.7933888786269165,,8.10240958075477
2019,3,persistence,48,0.7238038377567169,,8.940519472332863
2019,5,stRF,44,0.8229739252995066,0.28710359408033825,7.488766597026641
2019,5,climatology,44,0.8701902748414376,,8.841945742390886
2019,5,persistence,44,0.7775898520084567,,11.136749200235755
2020,1,stRF,17,0.8970588235294119,0.022058823529411766,5.533324900932562
2020,1,climatology,17,0.9068627450980394,,4.563773007554187
2020,1,persistence,17,0.8865728214519545,,7.265598784218716
2020,2,stRF,48,0.7511602032782306,-0.09281372123317412,9.122030761690008
2020,2,climatology,48,0.8009878690495592,,7.905375259835641
2020,2,persistence,48,0.6323445601699103,,9.991638272945712
2020,3,stRF,32,0.6693548387096774,-0.563049853372434,11.370685944669871
2020,3,climatology,32,0.7456011730205278,,8.48417078408785
2020,3,persistence,32,0.6384382759835611,,12.07999684539372
2021,1,stRF,48,0.7422042502801159,-0.06285280069474598,9.147355669424188
2021,1,climatology,48,0.8009878690495592,,7.8655859701161965
2021,1,persistence,48,0.6321274461578347,,9.752575716168096
2021,2,stRF,32,0.6737536656891495,-0.5278592375366569,11.306407206045558
2021,2,climatology,32,0.748900293255132,,8.464968369598747
2021,2,persistence,32,0.5742828362493531,,11.596433273193746
2021,3,stRF,44,0.8294573643410852,0.35221987315010567,6.7662259938927845
2021,3,climatology,44,0.8794926004228331,,8.343878923118224
2021,3,persistence,44,0.786892177589852,,7.204014543290325
2022,1,stRF,32,0.7104105571847507,-0.3383431085043988,10.149357127282766
2022,1,climatology,32,0.7606304985337242,,8.188977686945718
2022,1,persistence,32,0.8881964809384164,,6.552174416431032
2022,2,stRF,44,0.8286116983791402,0.047075405214940094,7.869917607917535
2022,2,climatology,44,0.8841437632135306,,8.23935514149874
2022,2,persistence,44,0.7751937984496122,,10.73437532245482
2023,1,stRF,44,0.8297392529950668,-0.07089499647639182,8.466545293391448
2023,1,climatology,44,0.8896405919661732,,8.344843643291098
2023,1,persistence,44,0.7291050035236081,,11.514790943386366
