held,held_name,method,n_test,R2,Spearman,RMSE,lat
JBMP,Jurien Bay Marine Park,GLM,117,-0.9096448046619794,0.20279229039510654,13.076569430923534,-30.295683504273505
JBMP,Jurien Bay Marine Park,GAM,117,-161.85956516106378,,120.76029399861291,-30.295683504273505
JBMP,Jurien Bay Marine Park,RF,117,-0.7387607912362544,-0.0161925118069696,12.47778348343082,-30.295683504273505
JBMP,Jurien Bay Marine Park,SpatialRF,117,0.08676588885790337,0.3336249384310125,9.042917915568454,-30.295683504273505
JBMP,Jurien Bay Marine Park,stRF,117,0.020495307317123124,0.4715197995062839,9.365280440467112,-30.295683504273505
MMP,Marmion Marine Park,GLM,45,-3.892188686352216,-0.30606060606060603,12.918545213046343,-31.79856975555555
MMP,Marmion Marine Park,GAM,45,-1.0303143953276703,-0.14980237154150194,8.32230555543102,-31.79856975555555
MMP,Marmion Marine Park,RF,45,-3.3224319408132574,0.10500658761528325,12.143002709813679,-31.79856975555555
MMP,Marmion Marine Park,SpatialRF,45,-0.837445110787927,-0.009617918313570487,7.917155906814205,-31.79856975555555
MMP,Marmion Marine Park,stRF,45,-0.6435191881879225,0.07246376811594202,7.48771661541257,-31.79856975555555
CSMC,Cockburn Sound,GLM,274,-0.06862849511637292,0.19996059381821238,10.982993281262408,-32.17532981693431
CSMC,Cockburn Sound,GAM,274,-0.778520978169783,0.4452671811209488,14.168922954203474,-32.17532981693431
CSMC,Cockburn Sound,RF,274,-0.1570186188405831,-0.0797465459787901,11.428191693705843,-32.17532981693431
CSMC,Cockburn Sound,SpatialRF,274,0.06663156556233851,0.38358678041586786,10.26440778456541,-32.17532981693431
CSMC,Cockburn Sound,stRF,274,0.18538751578640633,0.44768726363484984,9.589210967290386,-32.17532981693431
SIMP,Shoalwater Islands Marine Park,GLM,175,0.08624279071858998,0.31893644190809584,10.251695281747576,-32.31777372091428
SIMP,Shoalwater Islands Marine Park,GAM,175,0.19284273040573274,0.52073997655182,9.635169563134001,-32.31777372091428
SIMP,Shoalwater Islands Marine Park,RF,175,-0.6845693231993997,0.3698707050944746,13.919534908941406,-32.31777372091428
SIMP,Shoalwater Islands Marine Park,SpatialRF,175,-0.4149173764298286,0.14043924561120516,12.756919667743551,-32.31777372091428
SIMP,Shoalwater Islands Marine Park,stRF,175,-0.3345606997243715,0.16160052128208094,12.389376372565819,-32.31777372091428
NCMP,Ngari Capes Marine Park,GLM,137,-1.608814830769417,0.8043399377152073,24.41941459708615,-33.6097474129927
NCMP,Ngari Capes Marine Park,GAM,137,-38.601827726562355,0.659424519797618,95.14177208293549,-33.6097474129927
NCMP,Ngari Capes Marine Park,RF,137,-1.7117840127514015,0.6532689114862896,24.89666462582699,-33.6097474129927
NCMP,Ngari Capes Marine Park,SpatialRF,137,-0.6800588370370031,0.716451416096431,19.59638064777882,-33.6097474129927
NCMP,Ngari Capes Marine Park,stRF,137,-0.6846103633282994,0.6456024820001652,19.622907431223286,-33.6097474129927
