site,longitude,latitude,dens,depth,kd490,htyperank,meansummermIST,maxsummermIST,CVsummermIST,region
Becher Point,115.706082,-32.37232299,23.40307971014493,-3.4,0.13128,4.0,23.156,24.775,3.692,SIMP
Becher Point SZ,115.705302,-32.366256,26.771825396825395,-2.7999999999999994,0.13397777777777778,4.0,23.178888888888892,24.778888888888886,3.657777777777778,SIMP
Bird Island,115.69471,-32.27733,25.792632850241546,-1.8999999999999997,0.15071954106280191,1.0,22.822666666666667,24.437333333333335,3.704,SIMP
Boullanger Island 2.5,115.00243,-30.31406,28.619444444444447,-3.0,0.12285333333333333,4.0,23.712,25.462,3.521333333333333,JBMP
Boullanger Island 3.5,115.00273,-30.31232,30.461309523809526,-3.6,0.1244,4.0,23.712857142857143,25.478571428571428,3.539285714285714,JBMP
Boullanger Island 5.5,115.00292,-30.311400000000003,25.90707070707071,-5.599999999999999,0.12285333333333333,4.0,23.712,25.462,3.521333333333333,JBMP
Buayanup,115.2484,-33.65233,56.35869565217391,-3.6,0.2654818181818182,2.0,23.14818181818182,25.225454545454546,3.9490909090909088,NCMP
Burns Rocks,115.708352,-31.730138,15.25,-10.699999999999998,0.09665,4.0,23.146666666666665,24.573333333333334,3.3383333333333334,MMP
Busselton Jetty,115.34314999999998,-33.63896,43.89542160737813,-3.8,0.18433636363636363,2.0,23.263636363636365,25.388181818181817,4.176363636363636,NCMP
Carnac Island,115.6775,-32.12077,29.58578431372549,-4.0,0.12455294117647059,1.0,22.891323529411764,24.394264705882353,3.6136764705882354,CSMC
Causeway,115.70012000000001,-32.26047998,17.43080357142857,-5.1,0.1683875,1.0,22.654999999999998,24.511249999999997,4.0675,CSMC
Cervantes Island,115.0485,-30.529350000000004,22.636904761904763,-4.2,0.11502857142857144,3.0,23.548571428571428,24.925714285714285,3.442857142857143,JBMP
Coogee,115.76136000000001,-32.11173,22.106400966183575,-4.9,0.12339333333333333,1.0,22.908,24.470666666666666,3.5406666666666666,CSMC
Dunsborough,115.12864999999998,-33.61654,58.5,-3.6,0.14625454545454544,2.0,23.07181818181818,25.083636363636366,3.713636363636364,NCMP
Fishermans Island 2.5,114.99791999999998,-30.13472,41.68055555555556,-3.0,0.13445333333333334,4.0,23.431333333333335,25.016000000000002,3.1973333333333334,JBMP
Fishermans Island 3.5,114.99594,-30.127169999999996,26.408937198067633,-4.7,0.13445333333333334,4.0,23.431333333333335,25.016000000000002,3.1973333333333334,JBMP
Fishermans Island 5.5,114.9912,-30.137019999999996,31.391666666666666,-4.2,0.13445333333333334,4.0,23.431333333333335,25.016000000000002,3.1973333333333334,JBMP
Forrest Beach,115.44908,-33.57295,49.25691699604743,-4.6,0.22724545454545453,2.0,23.165454545454544,25.282727272727275,4.1045454545454545,NCMP
Garden Island 2.0m,115.67134000000001,-32.15816,39.09583333333333,-2.0,0.11988375,1.0,23.072499999999998,24.825,3.934,CSMC
Garden Island 2.5m,115.6716,-32.15985,26.97420634920635,-2.4,0.11963333333333334,1.0,23.055714285714284,24.81857142857143,3.920952380952381,CSMC
Garden Island 3.2m,115.67256999999998,-32.15979,29.8531746031746,-3.1000000000000005,0.11963333333333334,1.0,23.055714285714284,24.81857142857143,3.920952380952381,CSMC
Garden Island 5.5m,115.67949000000002,-32.16018,26.34722222222222,-4.6,0.11963333333333334,1.0,23.055714285714284,24.81857142857143,3.920952380952381,CSMC
Garden Island 7.0m,115.68062000000002,-32.15908,19.65303657694962,-6.799999999999999,0.11963333333333334,1.0,23.055714285714284,24.81857142857143,3.920952380952381,CSMC
Garden Island Settlement,115.68872,-32.21313,30.65740740740741,-1.2,0.14945,1.0,23.072777777777777,24.779444444444447,3.8983333333333334,CSMC
Green Island,115.10975,-30.68093,16.273809523809526,-5.400000000000001,0.09038571428571428,3.0,23.49142857142857,24.821428571428573,3.174285714285714,JBMP
Hillarys Channel,115.721312,-31.822616999999997,10.904761904761907,-5.900000000000001,0.11777142857142857,4.0,23.294285714285714,24.824285714285715,3.472857142857143,MMP
Jervoise Bay,115.77004,-32.1723,14.002192982456142,-4.5,0.12926315789473683,1.0,23.129473684210524,24.87421052631579,3.928421052631579,CSMC
Jurien Impact Site 2.5,115.03149,-30.33013,34.916666666666664,-3.9,0.1488142857142857,3.0,23.94857142857143,25.595714285714283,3.4514285714285715,JBMP
Kangaroo Point,115.08563,-30.58201,30.160714285714285,-4.0,0.08552857142857143,4.0,23.505714285714284,24.845714285714287,3.192857142857143,JBMP
Kwinana,115.74354999999997,-32.19181,29.467105263157894,-5.2,0.1281157894736842,1.0,23.129473684210524,24.87421052631579,3.928421052631579,CSMC
Luscombe Bay,115.67521,-32.16672,33.613425925925924,-1.5,0.12294444444444445,1.0,23.072777777777777,24.778333333333332,3.896111111111111,CSMC
MS 1,115.136821,-33.60164098,16.23611111111111,-10.3,0.15553333333333333,2.0,22.905,24.863333333333333,3.725,NCMP
MS 2,115.20374599999998,-33.62425997,28.722222222222225,-8.3,0.2789333333333333,2.0,23.006666666666664,25.073333333333334,4.003333333333333,NCMP
MS 3,115.295172,-33.62756697,30.1875,-9.7,0.35645,2.0,23.016666666666666,25.16333333333333,4.1066666666666665,NCMP
MS 4,115.41239,-33.57941201,33.43055555555556,-10.3,0.19321666666666668,2.0,23.047777777777778,25.226805555555558,4.182361111111111,NCMP
MS 6,115.36037700000001,-33.60354099,33.42361111111111,-10.4,0.2315,2.0,23.044999999999998,25.221666666666668,4.181666666666667,NCMP
Mangles Bay,115.71357,-32.27244,12.817982456140351,-3.4,0.1739315789473684,1.0,22.378947368421052,24.135263157894737,4.08578947368421,CSMC
Mersey Point,115.70225999999997,-32.31039,30.425020128824478,-2.2,0.15547777777777777,1.0,22.89333333333333,24.558888888888887,3.7744444444444443,SIMP
Mullaloo,115.725362,-31.781429,13.951388888888888,-10.3,0.14345,4.0,23.186666666666667,24.603333333333335,3.361666666666667,MMP
North Beach,115.735461,-31.841652,17.492965367965365,-8.9,0.12287142857142856,4.0,22.81,24.16428571428571,3.2157142857142853,MMP
OS 1,115.150849,-33.59011201,18.291666666666668,-18.0,0.15335000000000001,2.0,22.905,24.863333333333333,3.725,NCMP
OS 2,115.211634,-33.597905,17.930555555555554,-16.2,0.2789333333333333,2.0,23.006666666666664,25.073333333333334,4.003333333333333,NCMP
OS 3,115.29116600000002,-33.594655,14.541666666666666,-16.4,0.35645,2.0,23.016666666666666,25.16333333333333,4.1066666666666665,NCMP
OS 4,115.369983,-33.54436702,15.409722222222221,-16.1,0.19321666666666668,2.0,23.044999999999998,25.221666666666668,4.181666666666667,NCMP
OS 6,115.333367,-33.56837598,18.277777777777775,-16.3,0.2315,2.0,23.044999999999998,25.221666666666668,4.181666666666667,NCMP
Ocean Reef Outer,115.717537,-31.774018,12.482142857142858,-8.9,0.13615714285714287,4.0,23.10571428571429,24.474285714285713,3.2271428571428573,MMP
Penguin Island,115.69378000000002,-32.30144997,26.05144927536232,-2.9,0.1816,1.0,23.070999999999998,24.843,3.838,SIMP
Port Geographe,115.3824,-33.62846,42.16136363636363,-3.7,0.23105454545454543,2.0,23.164545454545454,25.28727272727273,4.118181818181818,NCMP
Port Kennedy,115.72679799999999,-32.36452304,25.33756038647343,-1.6000000000000003,0.14635555555555557,1.0,23.178888888888892,24.778888888888886,3.657777777777778,SIMP
Seal Island,115.695982,-32.29040002,23.745833333333334,-4.1,0.20002,1.0,23.056,24.801,3.807,SIMP
Sorrento,115.740788,-31.829799999999995,9.04861111111111,-7.3,0.13441666666666666,4.0,22.968333333333334,24.388333333333332,3.3666666666666667,MMP
Southern Flats,115.70833276190476,-32.22181904761904,31.491780045351476,-2.3476190476190477,0.14009047619047618,1.1428571428571428,22.30142857142857,24.055238095238092,4.096190476190476,CSMC
Vasse Diversion,115.32379,-33.64746,36.76461038961039,-3.9,0.34563636363636363,2.0,23.150909090909092,25.265454545454546,4.043636363636363,NCMP
Vasse-Wonnerup,115.42345,-33.60188,45.82432027787759,-4.9,0.20106363636363636,2.0,23.164545454545454,25.28727272727273,4.118181818181818,NCMP
Warnbro Sound 2.0m,115.71409,-32.3144,30.23148148148148,-2.1,0.13341180555555557,2.0,22.723333333333333,24.45888888888889,3.7255555555555557,SIMP
Warnbro Sound 2.5m,115.71414999999999,-32.31476,35.541666666666664,-2.4,0.13306111111111113,2.0,22.723333333333333,24.45888888888889,3.7255555555555557,SIMP
Warnbro Sound 3.2m,115.71425000000002,-32.3149,21.15972222222222,-3.1,0.13306111111111113,2.0,22.723333333333333,24.45888888888889,3.7255555555555557,SIMP
Warnbro Sound 5.2m,115.71393,-32.3162,25.89087301587302,-6.0,0.14944285714285716,2.0,22.79952380952381,24.515238095238097,3.761904761904762,SIMP
Warnbro Sound 7.0m,115.71427999999997,-32.31639,11.132832080200501,-11.800000000000002,0.15551052631578946,2.0,22.861052631578946,24.563684210526315,3.773157894736842,SIMP
Woodman Point,115.73773999999999,-32.12859,11.725104166666666,-3.8,0.13961875,1.0,22.845625,24.38,3.528125,CSMC
Wreck Rock,115.71860299999999,-31.803238000000004,14.59911616161616,-5.7,0.12298333333333333,4.0,23.186666666666667,24.61,3.356666666666667,MMP
