held,subset,R2,Spearman,RMSE
JBMP,BASE,-0.7387607912362544,-0.0161925118069696,12.47778348343082
JBMP,COORD,0.08676588885790337,0.3336249384310125,9.042917915568454
JBMP,EDF,-1.797983896101277,0.1719583310773463,15.828513519842787
JBMP,LAG,-1.4210435869182874,-0.13362381446260474,14.723763411042462
JBMP,TEMP,-0.4885760817139724,0.004387189108274271,11.545242103239625
JBMP,COORD+EDF,0.10719257509731461,0.43135322868663534,8.941212629875173
JBMP,COORD+LAG,-0.05970770328908892,0.4072105757287195,9.741157648146519
JBMP,COORD+TEMP,0.11686362013622198,0.40448310034799906,8.892654390205013
JBMP,EDF+LAG,-1.9148320744928782,0.3587529293355347,16.155644799335953
JBMP,EDF+TEMP,-1.2796311251185606,0.2454128397509803,14.287288526552233
JBMP,LAG+TEMP,-1.3654037076415917,-0.13937099472912287,14.553590901714143
JBMP,COORD+EDF+LAG,-0.14465052929445532,0.4372277910451102,10.124043043566948
JBMP,COORD+EDF+TEMP,0.15831595759043915,0.46999121440280317,8.68144609447989
JBMP,COORD+LAG+TEMP,-0.07947044552670368,0.3677670856075312,9.831570650527278
JBMP,EDF+LAG+TEMP,-1.8046842614739447,0.41171016080048506,15.847454552002244
JBMP,COORD+EDF+LAG+TEMP,-0.11456365583594952,0.5464504418337693,9.990102976111773
MMP,BASE,-3.3224319408132574,0.10500658761528325,12.143002709813679
MMP,COORD,-0.837445110787927,-0.009617918313570487,7.917155906814205
MMP,EDF,-2.4002297897288,0.06423348060582823,10.770010929156843
MMP,LAG,-0.8180108364008616,-0.022529644268774702,7.8751755525163984
MMP,TEMP,-2.4751692223191535,-0.06600790513833991,10.88804704465347
MMP,COORD+EDF,-1.3822288259844684,0.024110671936758893,9.01475125700876
MMP,COORD+LAG,-0.37749820000816636,-0.010935441370223979,6.855001119575315
MMP,COORD+TEMP,-0.798668652474614,-0.008432425315026137,7.833170738895619
MMP,EDF+LAG,-0.8061740727510909,-0.38374123015646283,7.849496712982997
MMP,EDF+TEMP,-2.3123081255676072,0.09137624369259871,10.629855847060899
MMP,LAG+TEMP,-0.5886997138717627,-0.07081919698166482,7.361781422028673
MMP,COORD+EDF+LAG,-0.6757462220771893,-0.056785243741765475,7.560771872846499
MMP,COORD+EDF+TEMP,-1.4488725794819368,-0.07272727272727272,9.139977028519386
MMP,COORD+LAG+TEMP,-0.4356404246436416,0.06613965744400527,6.998175820142708
MMP,EDF+LAG+TEMP,-0.8168923539879802,-0.3199710137115777,7.872752684524212
MMP,COORD+EDF+LAG+TEMP,-0.6989630219219858,-0.009749670619235835,7.612967456511785
CSMC,BASE,-0.1570186188405831,-0.0797465459787901,11.428191693705843
CSMC,COORD,0.06663156556233851,0.38358678041586786,10.26440778456541
CSMC,EDF,-0.018651954054468733,0.1849564796154451,10.723097478696356
CSMC,LAG,-0.06445653167557985,0.31290842715905015,10.961533318555043
CSMC,TEMP,-0.13102207057350612,0.15469606975274092,11.299074770294718
CSMC,COORD+EDF,0.026240941312777655,0.3399600016968569,10.484146914537765
CSMC,COORD+LAG,0.12869957944883592,0.4354642812713032,9.917250985709616
CSMC,COORD+TEMP,0.1585991530088543,0.4851453814555999,9.745605227177965
CSMC,EDF+LAG,0.07601905083850713,0.35079699079191146,10.212659471428871
CSMC,EDF+TEMP,0.0703215903772908,0.35363084104852166,10.244097782988652
CSMC,LAG+TEMP,0.05778070184571804,0.37492926722758574,10.312960163679056
CSMC,COORD+EDF+LAG,0.11217677814593241,0.43639649563630484,10.010841671958707
CSMC,COORD+EDF+TEMP,0.13607033312688266,0.4722521763256559,9.87521447231308
CSMC,COORD+LAG+TEMP,0.12227959984297376,0.41816202097169886,9.953720437497385
CSMC,EDF+LAG+TEMP,0.10896777744803676,0.3694538204003605,10.028917242085072
CSMC,COORD+EDF+LAG+TEMP,0.11451823394609051,0.400642457886761,9.997632162638173
SIMP,BASE,-0.6845693231993997,0.3698707050944746,13.919534908941406
SIMP,COORD,-0.4149173764298286,0.14043924561120516,12.756919667743551
SIMP,EDF,0.0010607261605670715,0.456042691926347,10.718890260118798
SIMP,LAG,0.16563090241974354,0.5062469876533351,9.79623931437696
SIMP,TEMP,0.023342643195847224,0.4132858556163323,10.598670570271029
SIMP,COORD+EDF,-0.5076152541391519,0.2109785090757894,13.168173564108587
SIMP,COORD+LAG,-0.4212443956275147,0.09134445563921115,12.785410110975855
SIMP,COORD+TEMP,-0.43578054771279406,0.017660286356485227,12.850626857643135
SIMP,EDF+LAG,0.08113476934185315,0.5011495308395226,10.280309501663393
SIMP,EDF+TEMP,-0.01128946122316199,0.4532303019601056,10.784947152789824
SIMP,LAG+TEMP,0.20630061679663392,0.49382634502376443,9.554507420383
SIMP,COORD+EDF+LAG,-0.4002528915081529,0.18175406031432537,12.690639860660788
SIMP,COORD+EDF+TEMP,-0.4683948481902791,0.1648382959831389,12.995760727931955
SIMP,COORD+LAG+TEMP,-0.3911621945772905,0.07815354059850435,12.649377808164855
SIMP,EDF+LAG+TEMP,0.030412331443213092,0.4953176282383478,10.560240825116018
SIMP,COORD+EDF+LAG+TEMP,-0.37192609198297033,0.18103304951087815,12.561619626171835
NCMP,BASE,-1.7117840127514015,0.6532689114862896,24.89666462582699
NCMP,COORD,-0.6800588370370031,0.716451416096431,19.59638064777882
NCMP,EDF,-1.1656446335028834,0.7456458758726802,22.248832061093637
NCMP,LAG,-1.6178249896868748,0.6678178850697759,24.46154736092906
NCMP,TEMP,-2.0242707272868854,0.5322213108378959,26.292020002866003
NCMP,COORD+EDF,-0.6929281745132356,0.7049011623736892,19.671292109049666
NCMP,COORD+LAG,-0.7236073131803629,0.6751849047641836,19.848732789838902
NCMP,COORD+TEMP,-0.5611888119502235,0.6960243249916428,18.890407922844574
NCMP,EDF+LAG,-1.0342751652015996,0.7139101793377329,21.563461100347315
NCMP,EDF+TEMP,-1.0990420479716958,0.7285411255793662,21.90403830788121
NCMP,LAG+TEMP,-1.7060217448701729,0.6589713942045559,24.87019910690986
NCMP,COORD+EDF+LAG,-0.7332400887326669,0.6772407629684196,19.904120113667457
NCMP,COORD+EDF+TEMP,-0.6268027581030515,0.7051082200648523,19.28328726925259
NCMP,COORD+LAG+TEMP,-0.7339735374345764,0.67565628201419,19.90833104412871
NCMP,EDF+LAG+TEMP,-0.9471086186086932,0.6972471070074663,21.09641745468936
NCMP,COORD+EDF+LAG+TEMP,-0.6694507045190672,0.6454764702600645,19.534415499325636
