latitude,longitude,pred_density,DI,inside_aoa
-33.80233,115.19533764705824,36.8277114759126,1.1518307759031894,1
-33.77827238993711,115.21029295484442,36.88961610760538,1.1217095629098666,1
-33.75421477987421,115.22502630775776,35.92485033597188,1.1180613674412903,1
-33.73015716981132,115.23953770579828,35.910396894203615,1.1401369554432588,1
-33.706099559748424,115.25382714896597,36.72162856458831,1.185550333608779,1
-33.682041949685534,115.26789463726078,36.70840397324257,1.2508756246223791,1
-33.65798433962264,115.28174017068281,35.51306991632891,1.3323671470534422,1
-33.63392672955975,115.29536374923197,33.2170723610655,1.4265022119564645,1
-33.60986911949686,115.30876537290834,33.32200958358363,1.423333611478155,1
-33.58581150943396,115.32194504171184,29.126943495862452,1.4287735532329118,1
-33.56175389937107,115.33490275564253,29.91591240780272,1.450949606405784,1
-33.53769628930817,115.34763851470038,29.605946363617825,1.4884331898780117,1
-33.51363867924528,115.36015231888541,29.481680827166606,1.5394591103104645,1
-33.489581069182385,115.3724441681976,29.66647827797249,1.570510984932086,1
-33.465523459119495,115.38451406263692,29.773058899527193,1.5279218211606553,1
-33.4414658490566,115.39636200220346,29.98781327659861,1.4985110019647754,1
-33.41740823899371,115.40798798689715,29.7766480090179,1.4824338547920564,1
-33.39335062893082,115.41939201671798,29.52091555901928,1.479505790818291,1
-33.36929301886792,115.43057409166602,26.398296712136744,1.4892001588032122,1
-33.34523540880503,115.44153421174119,24.002406245035417,1.510689256305768,1
-33.321177798742134,115.45227237694354,23.95198238600883,1.5429184749307805,1
-33.297120188679244,115.46278858727308,23.990356491804196,1.5846959167429797,1
-33.27306257861635,115.47308284272975,24.123981405953117,1.6347793891606557,1
-33.24900496855346,115.48315514331361,22.058217494527224,1.6919479722867554,1
-33.22494735849057,115.49300548902463,22.066470850525484,1.7550525933717387,1
-33.20088974842767,115.50263387986283,23.31650360429069,1.823046024671793,1
-33.17683213836478,115.51204031582816,23.233462529092325,1.894996117943486,1
-33.15277452830188,115.5212247969207,23.32787199762308,1.9700871442649113,1
-33.12871691823899,115.53018732314038,23.388637079241036,2.047613709641278,1
-33.104659308176096,115.53892789448722,22.361856398495455,2.1269707085277765,1
-33.080601698113206,115.54744651096127,22.256591083814875,2.1638527654391364,1
-33.05654408805031,115.55574317256247,22.255009647846798,2.085221337976998,1
-33.03248647798742,115.56381787929081,22.21762614224048,2.0106378163621357,1
-33.00842886792453,115.57167063114636,22.089023378351538,1.9402311090220792,1
-32.98437125786163,115.57930142812904,21.78821457355051,1.874130825834284,1
-32.96031364779874,115.58671027023888,20.124997592477683,1.8124643809230854,1
-32.936256037735845,115.59389715747591,19.287657210533087,1.7553534079360593,1
-32.912198427672955,115.60086208984012,20.166760386485656,1.7029095050932983,1
-32.88814081761006,115.60760506733149,20.2619067026138,1.6552293983050848,1
-32.86408320754717,115.61412608995002,19.554884380447586,1.6123896982397579,1
-32.84002559748428,115.62042515769568,19.21914307971641,1.574441522743236,1
-32.81596798742138,115.62650227056855,19.10614756706391,1.541405344804702,1
-32.79191037735849,115.63235742856861,18.843321461239984,1.513266489073201,1
-32.767852767295594,115.6379906316958,18.7911123060926,1.482360484886799,1
-32.743795157232704,115.64340187995015,18.544205132404233,1.4180067774402236,1
-32.71973754716981,115.64859117333168,18.52464451025902,1.357173479015013,1
-32.69567993710692,115.6535585118404,18.485607282205798,1.30001336325122,1
-32.67162232704402,115.65830389547628,18.5459339264983,1.2466887010204877,1
-32.64756471698113,115.66282732423929,20.14911755610204,1.1973684329321403,1
-32.62350710691824,115.66712879812951,20.088949814294395,1.1522239603758102,1
-32.59944949685534,115.67120831714684,20.24290024646682,1.111423381976334,1
-32.57539188679245,115.6750658812914,19.45900165199921,1.075124142399152,1
-32.551334276729555,115.6787014905631,19.051447650711843,1.0434642843887652,1
-32.527276666666666,115.68211514496195,19.114298421930133,1.0165527916323867,1
-32.50321905660377,115.685306844488,18.88928171031327,0.9944598350214788,1
-32.47916144654088,115.68827658914122,19.243562231570227,0.977208007388203,1
-32.45510383647799,115.69102437892155,20.470413419191207,0.964765750407991,1
-32.43104622641509,115.6935502138291,20.507435643826668,0.9570440561386279,1
-32.4069886163522,115.69585409386383,20.493566904530088,0.953897139741298,1
-32.382931006289304,115.69793601902569,20.8015467280098,0.9551271950299686,1
-32.358873396226414,115.69979598931474,20.589240416728035,0.9604927064626161,1
-32.33481578616352,115.70143400473094,20.714973082588656,0.9697192723959043,1
-32.31075817610063,115.7028500652743,20.240654756935186,0.9825116237567174,1
-32.28670056603773,115.70404417094483,21.476872934083996,0.9985655376493737,1
-32.26264295597484,115.70501632174256,21.97027757819287,1.017578592611357,1
-32.23858534591195,115.70576651766743,20.752438024991783,1.0297522336735772,1
-32.21452773584905,115.70629475871945,21.40762508942439,1.0008779112385369,1
-32.19047012578616,115.70660104489869,21.599691844989014,0.974384261237383,1
-32.166412515723266,115.70668537620506,21.687606126998684,0.9503803702876755,1
-32.142354905660376,115.70654775263858,23.302692423510265,0.9289846860736494,1
-32.11829729559748,115.7061881741993,23.670452763883,0.9103229288084698,1
-32.09423968553459,115.7056066408872,24.17326440054524,0.8945252018423988,1
-32.0701820754717,115.70480315270223,24.986160232591228,0.8817223222250977,1
-32.0461244654088,115.70377770964444,26.47286971128771,0.8720414903061078,1
-32.02206685534591,115.70253031171382,26.494316645548214,0.8656015305408361,1
-31.998009245283015,115.70106095891035,26.371551738437894,0.8625080442402541,1
-31.973951635220125,115.6993696512341,25.715370802823294,0.862848893192374,1
-31.94989402515723,115.69745638868497,25.46343528302096,0.866690455009619,1
-31.925836415094338,115.695321171263,25.537474891590513,0.8740750399279662,1
-31.901778805031444,115.69296399896822,25.546557464185934,0.8850197351972664,1
-31.87772119496855,115.69038487180063,24.674122533145574,0.8995167681615962,1
-31.853663584905657,115.68758378976017,24.75710365781255,0.9175352891535704,1
-31.829605974842764,115.68456075284686,24.968516094036662,0.9390243110474632,1
-31.80554836477987,115.68131576106074,25.054540297452146,0.9639164353255246,1
-31.78149075471698,115.67784881440181,25.22810449767338,0.9921319585423453,1
-31.757433144654087,115.67415991287004,25.067535394922693,1.0235829826030711,1
-31.733375534591193,115.67024905646542,25.20230608035233,1.0581772279821673,1
-31.7093179245283,115.66611624518796,25.146939854607652,1.0958213464105693,1
-31.685260314465406,115.66176147903766,25.119487504654547,1.1364236266803658,1
-31.661202704402513,115.65718475801458,25.137838501615825,1.1798960691024603,1
-31.63714509433962,115.65238608211862,25.137838501615825,1.2261558637912335,1
-31.613087484276726,115.64736545134983,25.162558860856556,1.2751263447446204,1
-31.589029874213836,115.64212286570825,25.18281597221254,1.3267375090455822,1
-31.564972264150942,115.63665832519379,25.17146385016501,1.380926193495759,1
-31.54091465408805,115.6309718298065,26.34578026200328,1.4376359947079291,1
-31.516857044025155,115.62506337954639,26.33510654666562,1.4968170074058733,1
-31.49279943396226,115.61893297441344,25.92844557070941,1.5584254425040656,1
-31.468741823899368,115.61258061440768,26.46852372449042,1.6224231735029966,1
-31.444684213836474,115.60600629952907,24.611393170572406,1.6887772479625178,1
-31.420626603773584,115.59921002977762,24.588447906446962,1.7574593908269704,1
-31.39656899371069,115.59219180515333,24.540384222873886,1.828445518276575,1
-31.372511383647797,115.58495162565626,24.804639015879044,1.9017152744495454,1
-31.348453773584904,115.57748949128631,25.29408130653364,1.968329803209187,1
-31.32439616352201,115.56980540204353,25.337318970042972,2.0328126698269102,1
-31.300338553459117,115.5618993579279,25.33370955984388,2.0999241739412664,1
-31.276280943396223,115.55377135893946,24.94175361930543,2.169658718664475,1
-31.25222333333333,115.54542140507823,25.314967417486844,2.242009448594384,1
-31.228165723270436,115.5368494963441,25.33684698173266,2.3169685166947467,0
-31.204108113207546,115.52805563273716,25.002780865452333,2.3945273196944483,0
-31.180050503144653,115.51903981425741,25.37260738049539,2.4715818566150993,0
-31.15599289308176,115.50980204090479,25.371406747451495,2.5433285756871125,0
-31.131935283018866,115.50034231267935,25.33079036006572,2.6184236366265172,0
-31.107877672955972,115.49066062958107,25.064233168602726,2.6968213466599154,0
-31.08382006289308,115.48075699160998,25.42525295048103,2.7784751456644177,0
-31.059762452830185,115.47063139876607,25.411300967874755,2.8622711162218266,0
-31.035704842767295,115.46028385104927,25.411300967874755,2.942588417312682,0
-31.0116472327044,115.44971434845968,25.43117776432581,3.0262610374638674,0
-30.987589622641508,115.43892289099725,25.473166967864938,3.1132473158459764,0
-30.963532012578614,115.427909478662,25.445124357872388,3.203504831363576,0
-30.93947440251572,115.41667411145389,25.426502011628333,3.2567738733904874,0
-30.915416792452827,115.40521678937296,25.202864598888148,3.1482143306702968,0
-30.891359182389934,115.39353751241919,25.251439175397362,3.038890792551812,0
-30.86730157232704,115.38163628059257,25.27410089139516,2.928988794400827,0
-30.843243962264147,115.36951309389318,25.247063886290732,2.8187281416949537,0
-30.819186352201257,115.35716795232088,25.30442632838754,2.708370229570213,0
-30.795128742138363,115.3446008558758,26.115665987577025,2.598227075932636,0
-30.77107113207547,115.33181180455784,26.460599905881185,2.48867244019097,0
-30.747013522012576,115.3188007983671,26.20643889161835,2.3801554297532554,0
-30.722955911949683,115.3055678373035,26.564921439483406,2.273216975788175,1
-30.69889830188679,115.29211292136708,25.707949627842655,2.168509431099254,1
-30.674840691823896,115.27843605055781,25.726352821318635,2.06681920758111,1
-30.650783081761006,115.26453722487574,26.62555430263471,1.9690916718714946,1
-30.626725471698112,115.25041644432079,26.50400373254275,1.8764562332473893,1
-30.60266786163522,115.23607370889303,26.40859262431041,1.7902474347347523,1
-30.578610251572325,115.22150901859243,26.330378320437596,1.6588622721165143,1
-30.55455264150943,115.20672237341904,25.4790893492884,1.5289693786156933,1
-30.530495031446538,115.19171377337278,25.27702543664459,1.4023950748064071,1
-30.506437421383644,115.17648321845368,24.20925225061207,1.2809349654707405,1
-30.48237981132075,115.16103070866174,23.553167407892907,1.1670920479563973,1
-30.458322201257857,115.14535624399699,23.513130641665274,1.0643223557287322,1
-30.434264591194967,115.12945982445942,22.77639766942948,0.9772427485945915,1
-30.410206981132074,115.11334145004898,23.625213584558836,0.9115781263329912,1
-30.38614937106918,115.09700112076573,23.42862027411773,0.8734617438837681,1
-30.362091761006287,115.08043883660963,23.609100311480088,0.867846557141587,1
-30.338034150943393,115.06365459758072,19.5894664293016,0.8966303508232925,1
-30.3139765408805,115.04664840367897,19.790631126668355,0.9579340429190858,1
-30.289918930817606,115.02942025490438,20.015128868250617,0.9741872686214454,1
-30.265861320754716,115.01197015125697,19.94919478304212,0.9677057949369603,1
-30.241803710691823,114.99429809273673,19.657550534762027,0.9955670185707907,1
-30.21774610062893,114.97640407934364,19.416448085133716,1.0562224570903498,1
-30.193688490566036,114.9582881110777,19.376226487681826,1.1455614989119418,1
-30.169630880503142,114.93995018793896,18.727896928684235,1.2473880724149786,1
-30.14557327044025,114.92139030992738,18.92814316602031,1.321522844643694,1
-30.121515660377355,114.90260847704297,17.983598456689442,1.4099084553805685,1
-30.09745805031446,114.8836046892857,18.508132310856656,1.519507746543101,1
-30.073400440251568,114.86437894665562,18.417335461730694,1.6468975056240078,1
-30.049342830188678,114.84493124915272,18.39212161369062,1.7890333093207427,1
-30.025285220125784,114.82526159677698,18.047795831912097,1.9433831977203093,1
-30.00122761006289,114.80536998952837,17.98114428168947,2.107919894387144,1
-29.977169999999997,114.78525642740698,17.798592723133527,2.281051843818678,0
