latitude,longitude,pred_density,DI,inside_aoa,pred_mean,pred_lo,pred_hi
-33.80233,115.19533764705824,36.8277114759126,1.1518307759031894,1,31.438741515757282,18.4529312771472,58.37490820875927
-33.77827238993711,115.21029295484442,36.88961610760538,1.1217095629098666,1,31.425520480684902,18.4529312771472,58.37490820875927
-33.75421477987421,115.22502630775776,35.92485033597188,1.1180613674412905,1,31.453123884318593,18.511637564965945,58.37490820875927
-33.73015716981132,115.23953770579828,35.910396894203615,1.1401369554432588,1,31.577281077173485,18.53341399493864,58.46289788375574
-33.706099559748424,115.25382714896595,36.72162856458831,1.185550333608779,1,31.59251786114253,18.53341399493864,58.46289788375574
-33.682041949685534,115.26789463726078,36.70840397324257,1.2508756246223791,1,31.558622018619225,18.511637564965945,58.46289788375574
-33.65798433962264,115.2817401706828,35.51306991632891,1.3323671470534422,1,31.5529406964986,18.52780149227876,58.46289788375574
-33.63392672955975,115.29536374923195,33.2170723610655,1.4265022119564643,1,31.54717836391314,18.61706617426078,58.98033574752573
-33.60986911949686,115.30876537290834,33.32200958358363,1.423333611478155,1,31.607135034071323,18.52780149227876,58.98033574752573
-33.58581150943396,115.32194504171184,29.12694349586245,1.4287735532329118,1,30.382516425877466,17.982687252797287,57.06656366222471
-33.56175389937107,115.33490275564252,29.91591240780272,1.450949606405784,1,31.024039571655265,18.634362904458566,51.460000887221
-33.53769628930817,115.34763851470038,29.605946363617825,1.4884331898780117,1,31.098268735927178,18.625772791593672,51.460000887221
-33.51363867924528,115.3601523188854,29.48168082716661,1.5394591103104645,1,31.02075292320585,18.625772791593672,51.460000887221
-33.489581069182385,115.3724441681976,29.66647827797249,1.570510984932086,1,30.967276396221767,18.625772791593672,51.54695209914861
-33.465523459119495,115.38451406263692,29.773058899527197,1.5279218211606551,1,31.3936159193321,18.686211319168752,51.863816535122126
-33.4414658490566,115.39636200220346,29.98781327659861,1.4985110019647754,1,31.99838122485528,19.324086896767923,51.9732885393539
-33.41740823899371,115.40798798689715,29.7766480090179,1.4824338547920564,1,31.121216214613238,19.04284998490893,50.56731297772981
-33.39335062893082,115.41939201671798,29.52091555901928,1.479505790818291,1,30.518328740361994,19.313413671479612,47.6457528833261
-33.36929301886792,115.43057409166602,26.398296712136744,1.4892001588032122,1,27.763813277398768,17.353970498457265,43.88291687299059
-33.34523540880503,115.4415342117412,24.002406245035417,1.510689256305768,1,26.15316320060945,15.416925179675049,43.81780389928092
-33.321177798742134,115.45227237694354,23.95198238600883,1.5429184749307805,1,26.003139327719015,15.178287060054432,43.81780389928092
-33.297120188679244,115.46278858727308,23.9903564918042,1.5846959167429795,1,26.076903763827108,15.178287060054432,43.81780389928092
-33.27306257861635,115.47308284272977,24.12398140595312,1.6347793891606557,1,25.883428431484578,15.109322829852056,45.72003998790243
-33.24900496855346,115.4831551433136,22.058217494527224,1.6919479722867554,1,23.10116638156115,14.18435098219515,37.119394501451104
-33.22494735849057,115.49300548902464,22.066470850525484,1.7550525933717387,1,23.16021232732577,14.471307736665626,37.44325978025109
-33.20088974842767,115.50263387986284,23.31650360429069,1.823046024671793,1,24.155407994826298,14.471307736665626,45.72003998790243
-33.17683213836478,115.51204031582816,23.233462529092325,1.894996117943486,1,23.8627825448878,14.302381639502288,45.72003998790243
-33.15277452830188,115.5212247969207,23.32787199762308,1.9700871442649115,1,23.583396626469458,14.471307736665626,43.556438851034386
-33.12871691823899,115.53018732314038,23.38863707924104,2.047613709641278,1,23.720481832418397,14.502968028298246,43.556438851034386
-33.104659308176096,115.53892789448722,22.36185639849545,2.1269707085277765,1,22.822377239264124,14.18435098219515,41.79173522703388
-33.080601698113206,115.54744651096128,22.256591083814875,2.1638527654391364,1,22.724526155080206,14.18435098219515,41.79173522703388
-33.05654408805031,115.55574317256249,22.2550096478468,2.085221337976998,1,22.73951858329386,14.196097135029662,41.79173522703388
-33.03248647798742,115.5638178792908,22.21762614224048,2.010637816362136,1,22.758232878182643,14.196097135029662,41.79173522703388
-33.00842886792453,115.57167063114636,22.089023378351538,1.9402311090220792,1,22.756268596841327,14.18435098219515,41.6235241193798
-32.98437125786163,115.57930142812904,21.78821457355051,1.874130825834284,1,22.319781922470206,13.876073332961289,38.467843903446344
-32.96031364779874,115.58671027023888,20.124997592477683,1.8124643809230851,1,20.772591922047546,13.698158804837927,32.41824336654116
-32.936256037735845,115.59389715747592,19.287657210533087,1.755353407936059,1,19.235601901374885,12.805652419108725,30.346109625444743
-32.912198427672955,115.60086208984012,20.166760386485656,1.7029095050932983,1,19.313810355062632,12.82304473294166,29.712091158116625
-32.88814081761006,115.60760506733148,20.2619067026138,1.6552293983050848,1,19.3192327357715,12.9504711060646,29.712091158116625
-32.86408320754717,115.61412608995002,19.554884380447582,1.612389698239758,1,18.572609331926536,12.889793479889018,29.583089974977888
-32.84002559748428,115.62042515769568,19.21914307971641,1.574441522743236,1,18.593742757958825,12.889793479889018,29.712091158116625
-32.81596798742138,115.62650227056857,19.10614756706391,1.541405344804702,1,18.492314123916866,12.810615229971578,29.712091158116625
-32.79191037735849,115.6323574285686,18.843321461239984,1.513266489073201,1,17.50128221942761,12.426718528933602,27.811527187283925
-32.767852767295594,115.6379906316958,18.7911123060926,1.482360484886799,1,17.59761651595524,12.388030161319412,28.355336416515943
-32.743795157232704,115.64340187995016,18.544205132404237,1.4180067774402236,1,17.524064213086838,12.388030161319412,28.091096406414053
-32.71973754716981,115.64859117333168,18.52464451025902,1.357173479015013,1,17.462937265790725,12.364492985109033,28.355336416515943
-32.69567993710692,115.6535585118404,18.4856072822058,1.30001336325122,1,17.53641010917322,12.364492985109033,28.156205946088093
-32.67162232704402,115.65830389547628,18.5459339264983,1.2466887010204877,1,17.64369347591926,12.437108896592841,28.365880223244062
-32.64756471698113,115.66282732423927,20.14911755610204,1.1973684329321403,1,18.286817760969413,12.563805980887889,28.852570012881774
-32.62350710691824,115.66712879812953,20.088949814294395,1.1522239603758102,1,18.256716136051793,12.425493427216178,30.118146431978246
-32.59944949685534,115.67120831714684,20.24290024646682,1.111423381976334,1,19.146089621639,12.88953375483039,30.99788281388085
-32.57539188679245,115.6750658812914,19.45900165199921,1.075124142399152,1,18.75581272831824,13.160652182004053,30.1110007623384
-32.551334276729555,115.6787014905631,19.051447650711843,1.0434642843887652,1,18.283785874618445,12.779256690746932,29.42110120153459
-32.527276666666666,115.68211514496195,19.114298421930133,1.0165527916323869,1,18.28055804514086,12.476625726957032,29.05851127489071
-32.50321905660377,115.685306844488,18.88928171031327,0.9944598350214788,1,18.172527611992642,12.437108896592841,29.45171824622045
-32.47916144654088,115.68827658914122,19.243562231570227,0.977208007388203,1,18.267588977808984,12.462313936810514,29.05851127489071
-32.45510383647799,115.69102437892155,20.470413419191207,0.964765750407991,1,19.2730264952504,13.364994265981373,29.547728683337212
-32.43104622641509,115.6935502138291,20.507435643826668,0.957044056138628,1,19.215870811628726,13.364994265981373,29.45171824622045
-32.4069886163522,115.69585409386384,20.493566904530088,0.953897139741298,1,19.156306527682272,13.361388677714443,29.510935666634634
-32.382931006289304,115.69793601902568,20.8015467280098,0.9551271950299686,1,19.30146446527605,13.389548857079298,29.45171824622045
-32.358873396226414,115.69979598931474,20.589240416728035,0.960492706462616,1,19.280865877834632,13.364994265981373,29.582273007122133
-32.33481578616352,115.70143400473094,20.714973082588656,0.9697192723959044,1,19.401519345147456,13.298351158532675,29.73363212403715
-32.31075817610063,115.7028500652743,20.240654756935182,0.9825116237567174,1,19.6734384690884,13.364994265981373,30.99346145962824
-32.28670056603773,115.70404417094484,21.476872934084,0.9985655376493736,1,20.517024270211785,14.17808240786423,30.363734579755032
-32.26264295597484,115.70501632174256,21.97027757819287,1.017578592611357,1,21.358276831536596,14.662209210231774,30.899527419536458
-32.23858534591195,115.70576651766744,20.752438024991783,1.0297522336735772,1,20.81363138521184,14.511959037416243,30.41444010718386
-32.21452773584905,115.70629475871944,21.40762508942439,1.0008779112385369,1,21.174022263602584,14.633223481348578,30.71613212206847
-32.19047012578616,115.70660104489868,21.59969184498901,0.974384261237383,1,21.2414749599811,14.741253826936521,30.749143144734862
-32.166412515723266,115.70668537620506,21.687606126998684,0.9503803702876756,1,20.738219589484856,14.216049330450948,30.57603198522338
-32.142354905660376,115.70654775263858,23.302692423510265,0.9289846860736494,1,22.761775052204975,15.725440729371355,31.97442793511683
-32.11829729559748,115.7061881741993,23.670452763883,0.9103229288084698,1,23.151693619479175,16.42136092507041,32.18255557839639
-32.09423968553459,115.7056066408872,24.17326440054524,0.8945252018423988,1,23.57711014420737,17.3395740787159,32.08439149421143
-32.0701820754717,115.70480315270224,24.986160232591228,0.8817223222250977,1,24.73416866996687,18.031619175605726,32.34752022157525
-32.0461244654088,115.70377770964444,26.47286971128771,0.8720414903061078,1,25.837752163287206,18.961680151515232,32.19947857450158
-32.02206685534591,115.70253031171382,26.494316645548214,0.8656015305408361,1,25.784298311159052,18.925997351858967,32.148303111632195
-31.99800924528301,115.70106095891036,26.37155173843789,0.8625080442402541,1,25.793399317581002,18.925490385335184,32.19947857450158
-31.973951635220125,115.6993696512341,25.71537080282329,0.862848893192374,1,25.504929390075358,18.563524039425094,32.27950923330841
-31.94989402515723,115.69745638868496,25.46343528302096,0.866690455009619,1,25.28689657962355,18.495865699048526,31.702036270803085
-31.925836415094334,115.695321171263,25.537474891590517,0.8740750399279662,1,24.34964691348575,17.93216467949841,31.106073619116046
-31.901778805031444,115.69296399896822,25.54655746418593,0.8850197351972664,1,24.39432149707513,17.98198725704173,31.168409440086112
-31.87772119496855,115.69038487180065,24.67412253314557,0.8995167681615962,1,23.705298740333717,16.703022494593156,30.94030778632401
-31.853663584905657,115.68758378976015,24.75710365781255,0.9175352891535704,1,23.844854624485322,16.703022494593156,30.74164576433043
-31.829605974842764,115.68456075284686,24.968516094036666,0.9390243110474632,1,24.055964393542716,16.986114418092498,30.74164576433043
-31.80554836477987,115.68131576106074,25.054540297452142,0.9639164353255246,1,24.170178502075398,17.014414331207536,30.74164576433043
-31.78149075471698,115.6778488144018,25.22810449767338,0.9921319585423451,1,24.419687053693476,17.66458312650419,30.81936158712693
-31.757433144654087,115.67415991287004,25.067535394922693,1.0235829826030711,1,24.400530192407246,17.076766562840046,30.81936158712693
-31.733375534591197,115.67024905646542,25.20230608035233,1.0581772279821673,1,24.472050511193363,18.026719630327584,31.139193579105022
-31.7093179245283,115.66611624518796,25.14693985460765,1.0958213464105693,1,24.35884068987274,17.619854297923595,31.02933682722544
-31.68526031446541,115.66176147903766,25.119487504654547,1.1364236266803658,1,24.323254200986455,17.619854297923595,30.990882870800103
-31.661202704402516,115.65718475801458,25.137838501615825,1.1798960691024605,1,24.25742387323052,17.619854297923595,30.990882870800103
-31.63714509433962,115.65238608211862,25.137838501615825,1.2261558637912335,1,24.251218241530008,17.166649478652364,30.990882870800103
-31.61308748427673,115.64736545134984,25.16255886085656,1.2751263447446204,1,24.29786217235348,17.166649478652364,30.990882870800103
-31.58902987421384,115.64212286570825,25.18281597221254,1.3267375090455822,1,24.343581395579267,17.79933636982691,30.990882870800103
-31.564972264150946,115.6366583251938,25.17146385016501,1.380926193495759,1,24.301792555412803,17.072565681004026,30.990882870800103
-31.54091465408805,115.6309718298065,26.34578026200328,1.4376359947079291,1,24.867122628365898,18.51015389703782,31.02933682722544
-31.516857044025155,115.6250633795464,26.33510654666562,1.496817007405873,1,24.83832203168568,18.438719389473462,30.990882870800103
-31.49279943396226,115.61893297441344,25.92844557070941,1.5584254425040656,1,24.72065000214862,18.28923269843918,30.990882870800103
-31.468741823899368,115.61258061440768,26.46852372449042,1.6224231735029966,1,24.930579626212946,18.74367675275979,30.990882870800103
-31.444684213836474,115.60600629952908,24.61139317057241,1.6887772479625178,1,24.755323398933104,18.38807598007966,31.02933682722544
-31.420626603773584,115.59921002977762,24.58844790644696,1.7574593908269704,1,24.77205551787648,18.399914563583614,31.081431037360407
-31.39656899371069,115.59219180515332,24.54038422287389,1.828445518276575,1,24.752188830124876,18.38807598007966,31.081431037360407
-31.3725113836478,115.58495162565626,24.804639015879044,1.9017152744495451,1,24.839056563200607,18.38807598007966,31.10121848331515
-31.348453773584904,115.57748949128631,25.29408130653364,1.968329803209187,1,25.139173612072657,18.80442421676908,31.10121848331515
-31.32439616352201,115.56980540204351,25.33731897004297,2.0328126698269102,1,25.135873713617073,18.783313869327316,31.10121848331515
-31.30033855345912,115.5618993579279,25.33370955984388,2.0999241739412664,1,25.12061753201271,18.783313869327316,31.081431037360407
-31.276280943396223,115.55377135893946,24.94175361930543,2.169658718664475,1,24.866234751364974,18.38807598007966,31.081431037360407
-31.25222333333333,115.54542140507824,25.314967417486844,2.242009448594384,1,25.09567692032309,18.783313869327316,31.081431037360407
-31.22816572327044,115.5368494963441,25.33684698173266,2.3169685166947467,0,25.096620244004452,18.770272546752462,30.960200704252262
-31.204108113207543,115.52805563273716,25.002780865452333,2.3945273196944483,0,24.883488764069046,18.28923269843918,30.990882870800103
-31.180050503144653,115.5190398142574,25.37260738049539,2.4715818566150998,0,25.16675263394779,18.80442421676908,31.02933682722544
-31.15599289308176,115.5098020409048,25.37140674745149,2.5433285756871125,0,25.15637517571677,18.80442421676908,30.990882870800103
-31.131935283018866,115.50034231267936,25.33079036006572,2.618423636626517,0,25.278449323275872,19.187025848138042,30.960200704252262
-31.10787767295597,115.49066062958109,25.06423316860273,2.696821346659916,0,25.079949780925435,18.700592567303215,30.990882870800103
-31.08382006289308,115.48075699160998,25.42525295048103,2.7784751456644177,0,25.278871124175797,18.981925582521836,31.081431037360407
-31.059762452830185,115.47063139876607,25.411300967874755,2.8622711162218266,0,25.29109877456101,18.981925582521836,31.081431037360407
-31.03570484276729,115.46028385104928,25.411300967874755,2.942588417312682,0,25.293825900809097,18.981925582521836,30.99652632179498
-31.0116472327044,115.44971434845968,25.43117776432581,3.0262610374638674,0,25.2952256676648,18.981925582521836,31.081431037360407
-30.987589622641508,115.43892289099723,25.473166967864938,3.1132473158459764,0,25.308996813102688,18.981925582521836,31.081431037360407
-30.96353201257861,115.427909478662,25.445124357872388,3.203504831363576,0,25.301294303653364,18.979687349120535,31.09693010920494
-30.93947440251572,115.41667411145389,25.426502011628333,3.2567738733904874,0,25.35468543776184,19.155996381023094,31.168409440086112
-30.915416792452827,115.40521678937296,25.202864598888148,3.1482143306702968,0,25.528787694409566,19.06892605080396,31.687518697224405
-30.89135918238993,115.3935375124192,25.25143917539736,3.038890792551812,0,25.519960576261003,18.979687349120535,31.687518697224405
-30.86730157232704,115.38163628059256,25.27410089139516,2.928988794400827,0,25.507339650400368,18.979687349120535,31.628808303553487
-30.843243962264147,115.36951309389318,25.24706388629073,2.8187281416949537,0,25.438143424108166,18.783361607552138,31.495336065593
-30.819186352201257,115.35716795232088,25.30442632838754,2.708370229570213,0,25.453212571747784,18.783361607552138,31.552659789288086
-30.795128742138363,115.3446008558758,26.115665987577025,2.598227075932636,0,25.50613442770206,18.979687349120535,31.571369898340414
-30.77107113207547,115.33181180455784,26.460599905881185,2.48867244019097,0,25.75440656078987,19.352361615533052,31.571369898340414
-30.747013522012576,115.3188007983671,26.20643889161835,2.3801554297532554,0,26.05444552272041,19.196811016725725,32.560670427704366
-30.722955911949683,115.3055678373035,26.56492143948341,2.273216975788175,1,26.371463653386385,19.49534011460685,32.560670427704366
-30.69889830188679,115.29211292136708,25.707949627842652,2.168509431099254,1,25.549249193461996,18.783361607552138,32.632886831522555
-30.674840691823896,115.2784360505578,25.726352821318635,2.06681920758111,1,25.46006002575777,18.582168537742074,32.560670427704366
-30.65078308176101,115.26453722487574,26.62555430263471,1.9690916718714944,1,26.223784683080563,19.231100501014915,32.560670427704366
-30.626725471698112,115.2504164443208,26.50400373254275,1.8764562332473893,1,26.41410870040719,19.275933640450216,32.873230372083135
-30.60266786163522,115.23607370889304,26.40859262431041,1.7902474347347523,1,26.2895418072889,19.070505486015836,32.873230372083135
-30.578610251572325,115.22150901859244,26.3303783204376,1.6588622721165145,1,26.592045885071578,18.97186571781231,33.545108567915236
-30.55455264150943,115.20672237341904,25.4790893492884,1.5289693786156933,1,26.145838487874634,18.400030886084874,33.93687213373685
-30.530495031446534,115.19171377337278,25.27702543664459,1.4023950748064071,1,25.944777309280582,17.740158115019103,33.90475438394808
-30.506437421383644,115.17648321845368,24.20925225061207,1.2809349654707405,1,25.343782513746746,16.827788682295285,34.0622918654725
-30.48237981132075,115.16103070866174,23.553167407892907,1.167092047956397,1,25.046865804178946,16.796538244214283,34.0622918654725
-30.458322201257857,115.145356243997,23.513130641665278,1.0643223557287322,1,25.38167857321758,16.28926386238974,37.02299120521493
-30.434264591194967,115.12945982445942,22.77639766942948,0.9772427485945916,1,25.110903972551625,16.134264146490576,38.81021894554736
-30.410206981132077,115.11334145004898,23.62521358455884,0.9115781263329912,1,25.5764375379816,16.288996003216766,41.3537572438045
-30.38614937106918,115.09700112076573,23.42862027411773,0.8734617438837681,1,25.603068025760503,15.847495240433279,43.64855922265375
-30.362091761006287,115.08043883660964,23.609100311480088,0.867846557141587,1,25.884166359660288,15.613565938921129,46.12639862500065
-30.338034150943397,115.06365459758072,19.5894664293016,0.8966303508232925,1,24.363775296341306,13.742528694545127,56.313357841534255
-30.3139765408805,115.04664840367896,19.790631126668355,0.9579340429190858,1,24.485131128627696,13.681297305378257,56.064697081064885
-30.289918930817606,115.02942025490438,20.015128868250617,0.9741872686214454,1,24.641382252679417,14.370328005325387,55.675127868020994
-30.26586132075472,115.01197015125696,19.94919478304212,0.9677057949369604,1,24.693778259834986,14.370328005325387,55.675127868020994
-30.241803710691823,114.99429809273671,19.657550534762027,0.9955670185707908,1,24.569687792677154,14.181681209292597,56.01858224749775
-30.21774610062893,114.97640407934364,19.41644808513372,1.0562224570903498,1,24.146656061314022,13.622933566235307,56.01858224749775
-30.19368849056604,114.9582881110777,19.376226487681823,1.1455614989119418,1,23.86212320621818,13.546232899426993,56.313357841534255
-30.169630880503146,114.93995018793896,18.727896928684235,1.2473880724149786,1,25.69523768323076,13.742528694545127,58.574943546115854
-30.14557327044025,114.92139030992738,18.92814316602031,1.321522844643694,1,25.623121625746546,13.716644595576144,58.574943546115854
-30.121515660377355,114.90260847704296,17.983598456689442,1.4099084553805683,1,24.842463846531256,13.414334958535576,58.52426514672848
-30.09745805031446,114.8836046892857,18.508132310856656,1.519507746543101,1,25.014712543806702,13.630070341997635,58.52426514672848
-30.073400440251568,114.86437894665562,18.41733546173069,1.6468975056240078,1,24.919231989080497,13.612555832583334,58.52426514672848
-30.04934283018868,114.84493124915272,18.39212161369062,1.789033309320743,1,24.54273417304696,13.716644595576144,58.574943546115854
-30.025285220125784,114.82526159677698,18.047795831912097,1.943383197720309,1,23.599884310395225,13.333015378854554,58.510301966059636
-30.00122761006289,114.80536998952836,17.98114428168947,2.107919894387144,1,23.602531947423888,13.362031441724024,58.510301966059636
-29.97717,114.78525642740698,17.798592723133527,2.281051843818678,0,23.552625292931697,13.407305886518238,58.49722767500196
