"subset","component","value","ci_lo","ci_hi","share_pct","n_datasets","n_fields"
"abundance pooled","Algorithmic flexibility",0.108654486177505,0.0820327449400257,0.144116456034921,26.9406023617282,810,18
"abundance pooled","Coordinates",0.0748706420709876,0.0624560332821991,0.0870886704217361,18.563984493991,810,18
"abundance pooled","Distance fields",0.103138859031893,0.091949177895162,0.113071268766376,25.5730166969934,810,18
"abundance pooled","Spatial lags",0.0573230406837449,0.0477589865605247,0.067242510235679,14.21310154376,810,18
"abundance pooled","Temporal",0.0593242444701646,0.0520545531853112,0.066220454534784,14.7092949118519,810,18
"abundance pooled","Spatial total",0.235332541786626,0.204210297022801,0.264722847917855,58.3501027347443,810,18
"abundance pooled","Total gain over GLM",0.403311272400721,0.348285208518583,0.464328373520835,100,810,18
"abundance random","Algorithmic flexibility",0.123985852607809,0.0916727522428908,0.169430853596134,28.5418533051085,270,18
"abundance random","Coordinates",0.0759378095203704,0.0643124122668364,0.0872555194611188,17.4810736390836,270,18
"abundance random","Distance fields",0.108631684958642,0.0965995546244444,0.119929134101312,25.0072855181627,270,18
"abundance random","Spatial lags",0.0713628827580247,0.06075486888,0.0814475339243056,16.427914058486,270,18
"abundance random","Temporal",0.0544819170222222,0.0467583733057176,0.0619604420862114,12.5418735341375,270,18
"abundance random","Spatial total",0.255932377237037,0.223433378057909,0.285894430537515,58.9162732157323,270,18
"abundance random","Total gain over GLM",0.434400146628242,0.377256702453986,0.500104060629779,100,270,18
"abundance clustered","Algorithmic flexibility",0.0685271373613845,0.0449886121603311,0.0952904604589923,20.625448783641,270,18
"abundance clustered","Coordinates",0.074179003945679,0.0586396400115355,0.090933828386466,22.3265600405082,270,18
"abundance clustered","Distance fields",0.0915401664580247,0.0783546229745911,0.103498572485123,27.5519609839983,270,18
"abundance clustered","Spatial lags",0.0306699584160494,0.0185741132966358,0.0442241462109876,9.23111165684107,270,18
"abundance clustered","Temporal",0.0673292917283951,0.0553490609142978,0.0807109719928241,20.264918565902,270,18
"abundance clustered","Spatial total",0.196389128819753,0.160889347905664,0.234008029269437,59.1096326813476,270,18
"abundance clustered","Total gain over GLM",0.3322455578069,0.269683860266798,0.398102150009695,100,270,18
"abundance stratified","Algorithmic flexibility",0.133450468563321,0.105461548232502,0.168980333695424,30.1046801662058,270,18
"abundance stratified","Coordinates",0.0744951127469136,0.0640866032964583,0.0847075923197994,16.8051230342975,270,18
"abundance stratified","Distance fields",0.109244725679012,0.0999953559564506,0.118124906725286,24.6441811843549,270,18
"abundance stratified","Spatial lags",0.0699362808771605,0.0594371269227392,0.0803494475316281,15.7767101943284,270,18
"abundance stratified","Temporal",0.0561615246598765,0.0498460179973457,0.0622065117468441,12.6693053665063,270,18
"abundance stratified","Spatial total",0.253676119303086,0.225119114556921,0.279981845991512,57.2260144129808,270,18
"abundance stratified","Total gain over GLM",0.443288112767022,0.393535127435795,0.499584077036291,100,270,18
