n,method,mean,sd
30,GLM,0.6239390078083318,0.0789596464297302
30,GAM,0.501762867974074,0.05455688510709633
30,RF,0.6136788979550787,0.06904073225936128
30,SpatialRF,0.6995466431152387,0.09369184123439256
30,stRF,0.7425122513790036,0.10454578569331843
50,GLM,0.6435832219784715,0.07313730278933342
50,GAM,0.5104354644876999,0.06296010547517569
50,RF,0.6385809291669198,0.06655663932561826
50,SpatialRF,0.7355474442562584,0.09019994007458891
50,stRF,0.7779674053019321,0.09701574586163217
100,GLM,0.6625442652064675,0.07285647372768232
100,GAM,0.5731424336241085,0.040010971384181464
100,RF,0.6704247514187694,0.06511015825866806
100,SpatialRF,0.7818597873252787,0.08039276331572763
100,stRF,0.8274673212274335,0.07736478575725285
200,GLM,0.6814545587961868,0.06416227953787343
200,GAM,0.8032717461327018,0.07002310177602021
200,RF,0.7072667160509302,0.05484486388642392
200,SpatialRF,0.8342011001802733,0.05625997402791032
200,stRF,0.8720978651169826,0.048441297619613556
500,GLM,0.69327500804488,0.0533828042255093
500,GAM,0.8498325763009442,0.05606258186675878
500,RF,0.7520165070841766,0.039595155234173424
500,SpatialRF,0.8821728474077213,0.03578196471181077
500,stRF,0.908178166936028,0.029352787644724137
