world,n,rep,gp_fit_s,strf_fit_s
stat_r30,30,0,0.05007576942443848,0.1495811939239502
stat_r30,30,1,0.0389404296875,0.1593337059020996
stat_r30,30,2,0.03604388236999512,0.15366077423095703
stat_r30,50,0,0.05234050750732422,0.1537628173828125
stat_r30,50,1,0.04403185844421387,0.1541423797607422
stat_r30,50,2,0.05682992935180664,0.17560458183288574
stat_r30,100,0,0.08014535903930664,0.17457079887390137
stat_r30,100,1,0.059262752532958984,0.16342902183532715
stat_r30,100,2,0.08045625686645508,0.16207504272460938
stat_r30,200,0,0.2491915225982666,0.1840190887451172
stat_r30,200,1,0.2652151584625244,0.17853403091430664
stat_r30,200,2,0.29680323600769043,0.1822052001953125
stat_r30,500,0,2.2710533142089844,0.2916443347930908
stat_r30,500,1,2.7429933547973633,0.293062686920166
stat_r30,500,2,1.7514917850494385,0.2900714874267578
stat_r80,30,0,0.03635382652282715,0.14094805717468262
stat_r80,30,1,0.03802657127380371,0.14866876602172852
stat_r80,30,2,0.0273892879486084,0.14978313446044922
stat_r80,50,0,0.043039798736572266,0.15462422370910645
stat_r80,50,1,0.050917863845825195,0.14886474609375
stat_r80,50,2,0.05102682113647461,0.15904974937438965
stat_r80,100,0,0.07721757888793945,0.15211796760559082
stat_r80,100,1,0.07979893684387207,0.15811419486999512
stat_r80,100,2,0.08928632736206055,0.15918493270874023
stat_r80,200,0,0.26410722732543945,0.19440793991088867
stat_r80,200,1,0.25493597984313965,0.1861720085144043
stat_r80,200,2,0.26705312728881836,0.18314909934997559
stat_r80,500,0,2.1766164302825928,0.2880992889404297
stat_r80,500,1,3.17600417137146,0.27753520011901855
stat_r80,500,2,2.855191707611084,0.31529879570007324
stat_r200,30,0,0.06146097183227539,0.1508646011352539
stat_r200,30,1,0.04319643974304199,0.15015387535095215
stat_r200,30,2,0.04157567024230957,0.13431215286254883
stat_r200,50,0,0.04354047775268555,0.13906025886535645
stat_r200,50,1,0.055001020431518555,0.1448969841003418
stat_r200,50,2,0.05293679237365723,0.13519048690795898
stat_r200,100,0,0.08247947692871094,0.15012502670288086
stat_r200,100,1,0.09883356094360352,0.15629863739013672
stat_r200,100,2,0.08678674697875977,0.1486644744873047
stat_r200,200,0,0.3024430274963379,0.1920003890991211
stat_r200,200,1,0.32218241691589355,0.1780259609222412
stat_r200,200,2,0.2944631576538086,0.1686546802520752
stat_r200,500,0,2.8870139122009277,0.2740299701690674
stat_r200,500,1,2.2782740592956543,0.28942370414733887
stat_r200,500,2,2.7678163051605225,0.26096224784851074
