n,contrast,delta,lo,hi
30,stRF - GLM,0.1186,0.1081,0.1282
30,stRF - GAM,0.2407,0.2273,0.2547
30,stRF - RF,0.1288,0.1197,0.1378
30,stRF - SpatialRF,0.043,0.0368,0.0494
50,stRF - GLM,0.1344,0.1241,0.1437
50,stRF - GAM,0.2675,0.2546,0.28
50,stRF - RF,0.1394,0.1308,0.1478
50,stRF - SpatialRF,0.0424,0.0365,0.0486
100,stRF - GLM,0.1649,0.1568,0.1727
100,stRF - GAM,0.2543,0.2457,0.2631
100,stRF - RF,0.157,0.1511,0.1627
100,stRF - SpatialRF,0.0456,0.0413,0.0498
200,stRF - GLM,0.1906,0.1837,0.1974
200,stRF - GAM,0.0687,0.0648,0.0725
200,stRF - RF,0.1648,0.1602,0.1695
200,stRF - SpatialRF,0.0379,0.0353,0.0405
500,stRF - GLM,0.2149,0.2095,0.2206
500,stRF - GAM,0.0584,0.0548,0.062
500,stRF - RF,0.1562,0.1531,0.1594
500,stRF - SpatialRF,0.026,0.0247,0.0273
