method,leaf,mf,auc
RF,1,0.5,0.6768151132867306
RF,1,0.8,0.6767285111433875
RF,1,sqrt,0.6768151132867306
RF,3,0.5,0.6759982326738238
RF,3,0.8,0.6763016508776643
RF,3,sqrt,0.6759982326738238
RF,5,0.5,0.6717814150595639
RF,5,0.8,0.6716611974308148
RF,5,sqrt,0.6717814150595639
SpatialRF,1,0.5,0.7968756336281253
SpatialRF,1,0.8,0.7940503080705187
SpatialRF,1,sqrt,0.7970837889401143
SpatialRF,3,0.5,0.7924892214800063
SpatialRF,3,0.8,0.7900587894497931
SpatialRF,3,sqrt,0.7912195053211802
SpatialRF,5,0.5,0.7854561528742844
SpatialRF,5,0.8,0.7831647206974003
SpatialRF,5,sqrt,0.7838490678124663
stRF,1,0.5,0.8386534247963393
stRF,1,0.8,0.8317288637657513
stRF,1,sqrt,0.8443155996905687
stRF,3,0.5,0.8393936904200993
stRF,3,0.8,0.8321569160370076
stRF,3,sqrt,0.8457167070050987
stRF,5,0.5,0.8404476989394835
stRF,5,0.8,0.8321847962876954
stRF,5,sqrt,0.8463640729880144
