region,year,site,dens,latitude,pred
CSMC,2006,Carnac Island,31.083333333333332,-32.12077,32.287729941637345
CSMC,2007,Carnac Island,29.083333333333332,-32.12077,26.976138620630273
CSMC,2008,Carnac Island,33.25,-32.12077,26.244318282213815
CSMC,2009,Carnac Island,35.375,-32.12077,26.991100111488603
CSMC,2010,Carnac Island,24.25,-32.12077,26.23330179950922
CSMC,2011,Carnac Island,23.541666666666668,-32.12077,26.95033636185063
CSMC,2012,Carnac Island,30.875,-32.12077,19.63680553679302
CSMC,2013,Carnac Island,27.666666666666668,-32.12077,19.787408692126814
CSMC,2014,Carnac Island,33.125,-32.12077,20.67593287109529
CSMC,2015,Carnac Island,32.5,-32.12077,24.95718734513498
CSMC,2016,Carnac Island,31.833333333333332,-32.12077,25.68732075735348
CSMC,2018,Carnac Island,35.0,-32.12077,21.546868757440812
CSMC,2019,Carnac Island,26.583333333333332,-32.12077,24.19331474993141
CSMC,2020,Carnac Island,17.541666666666668,-32.12077,18.445208723735295
CSMC,2022,Carnac Island,30.708333333333332,-32.12077,25.7126068053479
CSMC,2023,Carnac Island,29.25,-32.12077,28.309817862955423
CSMC,2024,Carnac Island,31.291666666666668,-32.12077,17.520885396205923
CSMC,2012,Causeway,18.666666666666668,-32.26047998,18.194369169957415
CSMC,2013,Causeway,15.571428571428571,-32.26047998,19.34860533288122
CSMC,2014,Causeway,12.916666666666666,-32.26047998,19.595875068247548
CSMC,2016,Causeway,21.333333333333332,-32.26047998,21.606848478254502
CSMC,2017,Causeway,18.083333333333332,-32.26047998,18.969407812063785
CSMC,2018,Causeway,17.083333333333332,-32.26047998,19.538455959692914
CSMC,2020,Causeway,21.25,-32.26047998,18.868284582569167
CSMC,2022,Causeway,14.541666666666666,-32.26047998,20.461024814762716
CSMC,2007,Coogee,25.333333333333332,-32.11173,24.874385254788635
CSMC,2008,Coogee,21.041666666666668,-32.11173,24.891173746473946
CSMC,2009,Coogee,27.458333333333332,-32.11173,25.448882271930795
CSMC,2010,Coogee,22.541666666666668,-32.11173,24.176702155967863
CSMC,2011,Coogee,29.791666666666668,-32.11173,20.777545181214183
CSMC,2012,Coogee,16.666666666666668,-32.11173,18.946621362250085
CSMC,2013,Coogee,24.25,-32.11173,18.66640001223081
CSMC,2014,Coogee,18.041666666666668,-32.11173,19.46768893787005
CSMC,2015,Coogee,27.5,-32.11173,20.567630864054237
CSMC,2016,Coogee,21.304347826086957,-32.11173,21.799942606559124
CSMC,2017,Coogee,12.5,-32.11173,21.210922824104603
CSMC,2018,Coogee,15.625,-32.11173,20.535342467741927
CSMC,2019,Coogee,22.0,-32.11173,22.244157041301783
CSMC,2020,Coogee,23.791666666666668,-32.11173,20.137502014076773
CSMC,2022,Coogee,23.75,-32.11173,20.91004484094925
CSMC,2003,Garden Island 2.0m,28.833333333333332,-32.15816,29.55564460065657
CSMC,2005,Garden Island 2.0m,39.25,-32.15816,31.74527348214483
CSMC,2006,Garden Island 2.0m,43.25,-32.15816,38.40302077640003
CSMC,2007,Garden Island 2.0m,35.666666666666664,-32.15816,28.87966403800898
CSMC,2008,Garden Island 2.0m,41.583333333333336,-32.15816,28.3019872382241
CSMC,2009,Garden Island 2.0m,42.875,-32.15816,28.14684824723084
CSMC,2010,Garden Island 2.0m,35.5,-32.15816,26.157094665029838
CSMC,2011,Garden Island 2.0m,39.833333333333336,-32.15816,27.077956928638283
CSMC,2012,Garden Island 2.0m,35.291666666666664,-32.15816,21.47699994264031
CSMC,2013,Garden Island 2.0m,31.666666666666668,-32.15816,21.368046363919692
CSMC,2014,Garden Island 2.0m,32.375,-32.15816,29.338949618797862
CSMC,2015,Garden Island 2.0m,51.166666666666664,-32.15816,27.882165332093543
CSMC,2016,Garden Island 2.0m,59.666666666666664,-32.15816,30.04624713366083
CSMC,2017,Garden Island 2.0m,30.958333333333332,-32.15816,21.626707482169184
CSMC,2018,Garden Island 2.0m,34.0,-32.15816,28.063953739591888
CSMC,2019,Garden Island 2.0m,49.625,-32.15816,27.319047099660796
CSMC,2020,Garden Island 2.0m,34.125,-32.15816,19.037784110892108
CSMC,2022,Garden Island 2.0m,45.166666666666664,-32.15816,28.907824875124085
CSMC,2023,Garden Island 2.0m,42.916666666666664,-32.15816,31.848646533261352
CSMC,2024,Garden Island 2.0m,28.166666666666668,-32.15816,19.16903047721702
CSMC,2003,Garden Island 2.5m,20.083333333333332,-32.15985,35.024874252158845
CSMC,2004,Garden Island 2.5m,24.5,-32.15985,36.611172815653966
CSMC,2005,Garden Island 2.5m,30.416666666666668,-32.15985,36.36173943864714
CSMC,2006,Garden Island 2.5m,39.958333333333336,-32.15985,39.90850498480782
CSMC,2007,Garden Island 2.5m,28.541666666666668,-32.15985,33.47027393370352
CSMC,2008,Garden Island 2.5m,35.125,-32.15985,33.51205611334838
CSMC,2009,Garden Island 2.5m,30.708333333333332,-32.15985,34.409976477421054
CSMC,2010,Garden Island 2.5m,23.708333333333332,-32.15985,34.25848233568226
CSMC,2011,Garden Island 2.5m,23.125,-32.15985,33.882621787464885
CSMC,2012,Garden Island 2.5m,27.625,-32.15985,26.551512602425397
CSMC,2013,Garden Island 2.5m,19.0,-32.15985,29.618905350008607
CSMC,2014,Garden Island 2.5m,27.0,-32.15985,35.45927078985524
CSMC,2015,Garden Island 2.5m,30.833333333333332,-32.15985,34.52205066329534
CSMC,2016,Garden Island 2.5m,30.583333333333332,-32.15985,35.6721239452847
CSMC,2017,Garden Island 2.5m,23.333333333333332,-32.15985,26.634310096855728
CSMC,2018,Garden Island 2.5m,26.25,-32.15985,33.860367751865176
CSMC,2019,Garden Island 2.5m,29.166666666666668,-32.15985,33.9712558799783
CSMC,2020,Garden Island 2.5m,16.541666666666668,-32.15985,25.158142088984526
CSMC,2022,Garden Island 2.5m,27.333333333333332,-32.15985,38.57261667250539
CSMC,2023,Garden Island 2.5m,33.291666666666664,-32.15985,38.263165668310776
CSMC,2024,Garden Island 2.5m,19.333333333333332,-32.15985,24.109175509057867
CSMC,2003,Garden Island 3.2m,34.75,-32.15979,28.77942606590435
CSMC,2004,Garden Island 3.2m,39.125,-32.15979,27.865327967208888
CSMC,2005,Garden Island 3.2m,38.208333333333336,-32.15979,31.111001241608633
CSMC,2006,Garden Island 3.2m,40.791666666666664,-32.15979,36.751354365880324
CSMC,2007,Garden Island 3.2m,29.0,-32.15979,29.404426715573425
CSMC,2008,Garden Island 3.2m,22.458333333333332,-32.15979,30.327730303383813
CSMC,2009,Garden Island 3.2m,27.125,-32.15979,29.8654251819085
CSMC,2010,Garden Island 3.2m,26.333333333333332,-32.15979,26.348475758133073
CSMC,2011,Garden Island 3.2m,26.833333333333332,-32.15979,27.025836558139112
CSMC,2012,Garden Island 3.2m,21.083333333333332,-32.15979,25.36926649066135
CSMC,2013,Garden Island 3.2m,22.541666666666668,-32.15979,24.731727232038292
CSMC,2014,Garden Island 3.2m,31.666666666666668,-32.15979,26.610795562447166
CSMC,2015,Garden Island 3.2m,31.625,-32.15979,28.679922633154373
CSMC,2016,Garden Island 3.2m,30.708333333333332,-32.15979,30.789832777494922
CSMC,2017,Garden Island 3.2m,23.0,-32.15979,23.35573396643739
CSMC,2018,Garden Island 3.2m,29.583333333333332,-32.15979,27.294667829981965
CSMC,2019,Garden Island 3.2m,26.208333333333332,-32.15979,29.038609930608583
CSMC,2020,Garden Island 3.2m,17.083333333333332,-32.15979,20.454128737583552
CSMC,2022,Garden Island 3.2m,43.916666666666664,-32.15979,29.311016959839343
CSMC,2023,Garden Island 3.2m,43.208333333333336,-32.15979,30.890951214747112
CSMC,2024,Garden Island 3.2m,21.666666666666668,-32.15979,19.717938727692903
CSMC,2003,Garden Island 5.5m,43.916666666666664,-32.16018,23.726869805348986
CSMC,2004,Garden Island 5.5m,32.0,-32.16018,23.69779949317993
CSMC,2005,Garden Island 5.5m,33.75,-32.16018,25.673569063401054
CSMC,2006,Garden Island 5.5m,38.041666666666664,-32.16018,29.9616617988074
CSMC,2007,Garden Island 5.5m,29.666666666666668,-32.16018,24.27421954349908
CSMC,2008,Garden Island 5.5m,27.083333333333332,-32.16018,23.516686169640884
CSMC,2009,Garden Island 5.5m,27.916666666666668,-32.16018,23.61720031972597
CSMC,2010,Garden Island 5.5m,26.166666666666668,-32.16018,22.67642750683486
CSMC,2011,Garden Island 5.5m,27.791666666666668,-32.16018,23.391325019761418
CSMC,2012,Garden Island 5.5m,19.166666666666668,-32.16018,18.580119568827378
CSMC,2013,Garden Island 5.5m,18.041666666666668,-32.16018,19.18209107869356
CSMC,2014,Garden Island 5.5m,19.833333333333332,-32.16018,21.981543378395536
CSMC,2015,Garden Island 5.5m,20.916666666666668,-32.16018,23.694530036515943
CSMC,2016,Garden Island 5.5m,30.5,-32.16018,25.159707117705103
CSMC,2017,Garden Island 5.5m,13.708333333333334,-32.16018,19.55473995722856
CSMC,2018,Garden Island 5.5m,22.458333333333332,-32.16018,23.589382149725253
CSMC,2019,Garden Island 5.5m,27.041666666666668,-32.16018,23.25245608740361
CSMC,2020,Garden Island 5.5m,18.041666666666668,-32.16018,18.050510607389437
CSMC,2022,Garden Island 5.5m,28.75,-32.16018,23.90069240951516
CSMC,2023,Garden Island 5.5m,35.833333333333336,-32.16018,23.653735531002315
CSMC,2024,Garden Island 5.5m,12.666666666666666,-32.16018,18.47281833994809
CSMC,2003,Garden Island 7.0m,21.125,-32.15908,23.71529934837564
CSMC,2004,Garden Island 7.0m,18.708333333333332,-32.15908,23.623398340469528
CSMC,2005,Garden Island 7.0m,25.291666666666668,-32.15908,24.103731687054804
CSMC,2006,Garden Island 7.0m,30.958333333333332,-32.15908,27.034635168136006
CSMC,2007,Garden Island 7.0m,19.375,-32.15908,22.8634585311241
CSMC,2008,Garden Island 7.0m,20.958333333333332,-32.15908,22.24316086224326
CSMC,2009,Garden Island 7.0m,17.130434782608695,-32.15908,22.223802723172522
CSMC,2010,Garden Island 7.0m,23.0,-32.15908,18.397696532636438
CSMC,2011,Garden Island 7.0m,21.375,-32.15908,18.75376090669786
CSMC,2012,Garden Island 7.0m,8.375,-32.15908,16.71816620302784
CSMC,2013,Garden Island 7.0m,12.291666666666666,-32.15908,17.071991291139692
CSMC,2014,Garden Island 7.0m,20.916666666666668,-32.15908,17.696209084740516
CSMC,2015,Garden Island 7.0m,23.541666666666668,-32.15908,20.98968401810526
CSMC,2016,Garden Island 7.0m,26.875,-32.15908,22.70825837503784
CSMC,2017,Garden Island 7.0m,20.041666666666668,-32.15908,16.92743272311945
CSMC,2018,Garden Island 7.0m,21.208333333333332,-32.15908,18.42651560807755
CSMC,2019,Garden Island 7.0m,15.833333333333334,-32.15908,21.948472349223316
CSMC,2020,Garden Island 7.0m,16.708333333333332,-32.15908,17.149930976022766
CSMC,2022,Garden Island 7.0m,18.375,-32.15908,23.652108918813624
CSMC,2023,Garden Island 7.0m,20.416666666666668,-32.15908,23.798918800986556
CSMC,2024,Garden Island 7.0m,10.208333333333334,-32.15908,16.854340373363552
CSMC,2005,Garden Island Settlement,47.458333333333336,-32.21313,36.40647553256293
CSMC,2006,Garden Island Settlement,37.791666666666664,-32.21313,37.12635553620842
CSMC,2007,Garden Island Settlement,38.708333333333336,-32.21313,31.245705164161677
CSMC,2008,Garden Island Settlement,33.291666666666664,-32.21313,32.03950581770641
CSMC,2009,Garden Island Settlement,27.333333333333332,-32.21313,35.476911953750076
CSMC,2010,Garden Island Settlement,22.125,-32.21313,33.50560054658697
CSMC,2011,Garden Island Settlement,30.625,-32.21313,31.7794187444332
CSMC,2013,Garden Island Settlement,27.916666666666668,-32.21313,29.57336440991563
CSMC,2014,Garden Island Settlement,20.041666666666668,-32.21313,29.605246111463565
CSMC,2015,Garden Island Settlement,19.25,-32.21313,34.131222128088545
CSMC,2016,Garden Island Settlement,56.916666666666664,-32.21313,35.21793343797597
CSMC,2017,Garden Island Settlement,21.083333333333332,-32.21313,23.978636115536712
CSMC,2018,Garden Island Settlement,31.25,-32.21313,30.882071263649006
CSMC,2019,Garden Island Settlement,34.833333333333336,-32.21313,34.220720849632634
CSMC,2020,Garden Island Settlement,16.666666666666668,-32.21313,23.463837792596053
CSMC,2022,Garden Island Settlement,30.291666666666668,-32.21313,35.58154908600142
CSMC,2023,Garden Island Settlement,38.791666666666664,-32.21313,36.79695614914762
CSMC,2024,Garden Island Settlement,17.458333333333332,-32.21313,22.675475338151518
CSMC,2005,Jervoise Bay,24.416666666666668,-32.1723,30.557034374819086
CSMC,2006,Jervoise Bay,38.958333333333336,-32.1723,32.490243735602974
CSMC,2007,Jervoise Bay,28.208333333333332,-32.1723,29.98296280645935
CSMC,2008,Jervoise Bay,16.375,-32.1723,29.69826380742225
CSMC,2009,Jervoise Bay,24.25,-32.1723,31.064302116048367
CSMC,2010,Jervoise Bay,22.833333333333332,-32.1723,30.75007320850137
CSMC,2011,Jervoise Bay,23.666666666666668,-32.1723,27.539068892278447
CSMC,2012,Jervoise Bay,14.125,-32.1723,22.96434819365757
CSMC,2013,Jervoise Bay,10.75,-32.1723,22.887153079266206
CSMC,2014,Jervoise Bay,10.375,-32.1723,22.696040809809517
CSMC,2015,Jervoise Bay,10.916666666666666,-32.1723,27.644854736663188
CSMC,2016,Jervoise Bay,9.75,-32.1723,27.43872699353517
CSMC,2017,Jervoise Bay,1.9583333333333333,-32.1723,24.284864878454734
CSMC,2018,Jervoise Bay,3.8333333333333335,-32.1723,27.35429188148575
CSMC,2019,Jervoise Bay,8.125,-32.1723,30.238934841971975
CSMC,2020,Jervoise Bay,2.9583333333333335,-32.1723,26.70429865649817
CSMC,2022,Jervoise Bay,4.416666666666667,-32.1723,30.576098006519764
CSMC,2023,Jervoise Bay,5.0,-32.1723,30.924088234851048
CSMC,2024,Jervoise Bay,5.125,-32.1723,24.90672599965136
CSMC,2005,Kwinana,31.125,-32.19181,23.499996994098908
CSMC,2006,Kwinana,37.0,-32.19181,27.584987053270478
CSMC,2007,Kwinana,32.875,-32.19181,24.400558049874938
CSMC,2008,Kwinana,28.666666666666668,-32.19181,21.019426985191384
CSMC,2009,Kwinana,32.75,-32.19181,20.246761939108875
CSMC,2010,Kwinana,38.375,-32.19181,20.44486126732451
CSMC,2011,Kwinana,25.958333333333332,-32.19181,22.80454080437436
CSMC,2012,Kwinana,20.458333333333332,-32.19181,13.49605712508272
CSMC,2013,Kwinana,25.375,-32.19181,14.707692268446799
CSMC,2014,Kwinana,14.833333333333334,-32.19181,15.042194334416248
CSMC,2015,Kwinana,26.833333333333332,-32.19181,17.056904257756322
CSMC,2016,Kwinana,21.208333333333332,-32.19181,18.906545736296653
CSMC,2017,Kwinana,26.291666666666668,-32.19181,13.817915123772146
CSMC,2018,Kwinana,29.458333333333332,-32.19181,13.465009081500487
CSMC,2019,Kwinana,37.208333333333336,-32.19181,16.229084843290607
CSMC,2020,Kwinana,36.291666666666664,-32.19181,14.69417209316511
CSMC,2022,Kwinana,38.666666666666664,-32.19181,16.56091812522945
CSMC,2023,Kwinana,35.25,-32.19181,16.330979096347768
CSMC,2024,Kwinana,21.25,-32.19181,14.055827165590326
CSMC,2005,Luscombe Bay,36.708333333333336,-32.16672,34.18287046103088
CSMC,2006,Luscombe Bay,42.666666666666664,-32.16672,39.05529269318505
CSMC,2007,Luscombe Bay,30.416666666666668,-32.16672,30.523606791617095
CSMC,2008,Luscombe Bay,30.375,-32.16672,30.10418519390336
CSMC,2009,Luscombe Bay,35.125,-32.16672,29.019591106496513
CSMC,2010,Luscombe Bay,31.25,-32.16672,27.254551799502998
CSMC,2011,Luscombe Bay,31.625,-32.16672,28.63263484031498
CSMC,2013,Luscombe Bay,29.125,-32.16672,22.425575555294284
CSMC,2014,Luscombe Bay,34.916666666666664,-32.16672,26.86911440788541
CSMC,2015,Luscombe Bay,34.125,-32.16672,28.468844596527262
CSMC,2016,Luscombe Bay,37.75,-32.16672,32.37092808571836
CSMC,2017,Luscombe Bay,22.375,-32.16672,22.275173313431033
CSMC,2018,Luscombe Bay,41.833333333333336,-32.16672,27.78455255188795
CSMC,2019,Luscombe Bay,48.083333333333336,-32.16672,29.197647095675336
CSMC,2020,Luscombe Bay,22.083333333333332,-32.16672,19.48821827406018
CSMC,2022,Luscombe Bay,46.75,-32.16672,31.114599226296292
CSMC,2023,Luscombe Bay,33.083333333333336,-32.16672,34.39117404364423
CSMC,2024,Luscombe Bay,16.75,-32.16672,20.448050713286296
CSMC,2005,Mangles Bay,13.0,-32.27244,34.15089499449643
CSMC,2006,Mangles Bay,22.083333333333332,-32.27244,35.24539276740708
CSMC,2007,Mangles Bay,15.291666666666666,-32.27244,28.174069655103587
CSMC,2008,Mangles Bay,12.666666666666666,-32.27244,28.54139434672709
CSMC,2009,Mangles Bay,8.458333333333334,-32.27244,31.511897301486187
CSMC,2010,Mangles Bay,14.833333333333334,-32.27244,28.34580847584139
CSMC,2011,Mangles Bay,17.083333333333332,-32.27244,27.548561701260248
CSMC,2012,Mangles Bay,12.333333333333334,-32.27244,23.53801783427207
CSMC,2013,Mangles Bay,17.25,-32.27244,25.31124718542724
CSMC,2014,Mangles Bay,12.666666666666666,-32.27244,25.21220241029084
CSMC,2015,Mangles Bay,11.75,-32.27244,28.40875651720052
CSMC,2016,Mangles Bay,12.666666666666666,-32.27244,28.42547193775572
CSMC,2017,Mangles Bay,10.166666666666666,-32.27244,22.319547836482002
CSMC,2018,Mangles Bay,7.083333333333333,-32.27244,25.50967228717846
CSMC,2019,Mangles Bay,11.0,-32.27244,28.528041418414382
CSMC,2020,Mangles Bay,12.083333333333334,-32.27244,23.05873943452045
CSMC,2022,Mangles Bay,14.041666666666666,-32.27244,27.507934551649317
CSMC,2023,Mangles Bay,9.083333333333334,-32.27244,34.19435294645659
CSMC,2024,Mangles Bay,10.0,-32.27244,22.120271626689235
CSMC,2003,Southern Flats,45.541666666666664,-32.24142,34.62318081165679
CSMC,2004,Southern Flats,40.041666666666664,-32.24142,32.34409861517807
CSMC,2005,Southern Flats,37.333333333333336,-32.24142,33.44380387088258
CSMC,2006,Southern Flats,35.291666666666664,-32.24142,33.10436014213073
CSMC,2007,Southern Flats,26.916666666666668,-32.24142,28.8679659270397
CSMC,2008,Southern Flats,30.291666666666668,-32.24142,28.12127004521468
CSMC,2009,Southern Flats,31.041666666666668,-32.24142,26.82210138922572
CSMC,2010,Southern Flats,35.541666666666664,-32.24142,27.25026793140268
CSMC,2011,Southern Flats,34.875,-32.24142,28.538997614802277
CSMC,2012,Southern Flats,25.0,-32.24142,22.356919941780394
CSMC,2013,Southern Flats,33.416666666666664,-32.24142,24.149567914715536
CSMC,2014,Southern Flats,27.791666666666668,-32.24142,24.762951580289915
CSMC,2015,Southern Flats,33.61904761904762,-32.24142,27.47827439761233
CSMC,2016,Southern Flats,36.916666666666664,-32.24142,28.399432438976486
CSMC,2017,Southern Flats,19.916666666666668,-32.24142,22.70499480731126
CSMC,2018,Southern Flats,29.083333333333332,-32.24142,24.731200135762126
CSMC,2019,Southern Flats,27.625,-32.24142,27.90147904424962
CSMC,2020,Southern Flats,19.041666666666668,-32.24142,22.40629414786602
CSMC,2022,Southern Flats,38.083333333333336,-32.24142,26.420129546403473
CSMC,2023,Southern Flats,33.416666666666664,-31.829799999999995,14.397940097519934
CSMC,2024,Southern Flats,20.541666666666668,-32.24142,20.5075409069091
CSMC,2006,Woodman Point,27.25,-32.12859,26.512577988198665
CSMC,2007,Woodman Point,21.041666666666668,-32.12859,26.940094509196147
CSMC,2008,Woodman Point,21.458333333333332,-32.12859,25.379530997560753
CSMC,2009,Woodman Point,24.958333333333332,-32.12859,23.818470367580797
CSMC,2010,Woodman Point,19.833333333333332,-32.12859,21.95029490725237
CSMC,2011,Woodman Point,10.583333333333334,-32.12859,25.098582694838864
CSMC,2012,Woodman Point,7.166666666666667,-32.12859,16.948249939372225
CSMC,2013,Woodman Point,7.96,-32.12859,19.352734554475628
CSMC,2014,Woodman Point,9.466666666666667,-32.12859,19.021968571778135
CSMC,2015,Woodman Point,7.633333333333334,-32.12859,23.133332268042782
CSMC,2016,Woodman Point,8.366666666666667,-32.12859,24.31485190591297
CSMC,2017,Woodman Point,6.133333333333334,-32.12859,17.472226354230447
CSMC,2018,Woodman Point,3.2666666666666666,-32.12859,16.714197061199247
CSMC,2019,Woodman Point,2.7333333333333334,-32.12859,20.80396800909656
CSMC,2020,Woodman Point,2.1666666666666665,-32.12859,16.89156617241515
CSMC,2022,Woodman Point,7.583333333333333,-32.12859,21.22392340075101
JBMP,2003,Boullanger Island 2.5,34.625,-30.31406,37.75082821569943
JBMP,2004,Boullanger Island 2.5,38.0,-30.31406,41.90610570955877
JBMP,2005,Boullanger Island 2.5,35.125,-30.31406,40.23008291847452
JBMP,2007,Boullanger Island 2.5,29.083333333333332,-30.31406,36.283491357583976
JBMP,2008,Boullanger Island 2.5,30.791666666666668,-30.31406,39.59849433208851
JBMP,2010,Boullanger Island 2.5,40.75,-30.31406,41.5125461668286
JBMP,2011,Boullanger Island 2.5,34.666666666666664,-30.31406,36.46268470927646
JBMP,2012,Boullanger Island 2.5,25.0,-30.31406,37.65637029453056
JBMP,2014,Boullanger Island 2.5,24.875,-30.31406,39.70563401347282
JBMP,2016,Boullanger Island 2.5,28.583333333333332,-30.31406,30.86212062670084
JBMP,2017,Boullanger Island 2.5,21.041666666666668,-30.31406,29.9053274558687
JBMP,2018,Boullanger Island 2.5,26.083333333333332,-30.31406,35.89103358511054
JBMP,2020,Boullanger Island 2.5,19.958333333333332,-30.31406,31.667192762220505
JBMP,2022,Boullanger Island 2.5,22.541666666666668,-30.31406,33.59451732526674
JBMP,2024,Boullanger Island 2.5,18.166666666666668,-30.31406,28.2140824551145
JBMP,2003,Boullanger Island 3.5,34.458333333333336,-30.31232,33.44174851059231
JBMP,2004,Boullanger Island 3.5,38.958333333333336,-30.31232,34.190263229292356
JBMP,2005,Boullanger Island 3.5,32.208333333333336,-30.31232,33.92615504553279
JBMP,2007,Boullanger Island 3.5,25.5,-30.31232,32.86778777099064
JBMP,2008,Boullanger Island 3.5,32.583333333333336,-30.31232,33.29122390365481
JBMP,2010,Boullanger Island 3.5,42.791666666666664,-30.31232,33.88172148723386
JBMP,2011,Boullanger Island 3.5,34.875,-30.31232,32.92388831957227
JBMP,2012,Boullanger Island 3.5,29.333333333333332,-30.31232,33.542863000822905
JBMP,2014,Boullanger Island 3.5,31.916666666666668,-30.31232,34.55954235411125
JBMP,2017,Boullanger Island 3.5,15.5,-30.31232,29.600721913591133
JBMP,2018,Boullanger Island 3.5,31.375,-30.31232,32.66304811796752
JBMP,2020,Boullanger Island 3.5,31.416666666666668,-30.31232,29.600154324561142
JBMP,2022,Boullanger Island 3.5,23.75,-30.31232,31.216383110397466
JBMP,2024,Boullanger Island 3.5,21.791666666666668,-30.31232,27.78295849160987
JBMP,2003,Boullanger Island 5.5,29.083333333333332,-30.311400000000003,23.92169029727317
JBMP,2004,Boullanger Island 5.5,33.5,-30.311400000000003,26.555386252073557
JBMP,2005,Boullanger Island 5.5,31.875,-30.311400000000003,22.492705431730645
JBMP,2007,Boullanger Island 5.5,28.708333333333332,-30.311400000000003,17.5447375344826
JBMP,2008,Boullanger Island 5.5,29.958333333333332,-30.311400000000003,23.400904270086265
JBMP,2010,Boullanger Island 5.5,33.625,-30.311400000000003,27.46765061441019
JBMP,2011,Boullanger Island 5.5,24.25,-30.311400000000003,23.50629335752
JBMP,2012,Boullanger Island 5.5,27.166666666666668,-30.311400000000003,18.13552962012611
JBMP,2014,Boullanger Island 5.5,27.416666666666668,-30.311400000000003,21.454425775863204
JBMP,2016,Boullanger Island 5.5,18.333333333333332,-30.311400000000003,18.37004334381612
JBMP,2017,Boullanger Island 5.5,17.791666666666668,-30.311400000000003,17.06144337177251
JBMP,2018,Boullanger Island 5.5,25.772727272727273,-30.311399999999995,19.379869959233897
JBMP,2020,Boullanger Island 5.5,21.916666666666668,-30.311400000000003,17.808075026877674
JBMP,2022,Boullanger Island 5.5,21.708333333333332,-30.311400000000003,16.806989331210747
JBMP,2024,Boullanger Island 5.5,17.5,-30.311400000000003,16.91232882218113
JBMP,2014,Cervantes Island,29.125,-30.529350000000004,33.14408843856837
JBMP,2016,Cervantes Island,24.75,-30.529350000000004,29.13472572697294
JBMP,2017,Cervantes Island,24.791666666666668,-30.529350000000004,24.306328801624183
JBMP,2018,Cervantes Island,19.541666666666668,-30.529350000000004,31.491085560334486
JBMP,2020,Cervantes Island,20.458333333333332,-30.529350000000004,29.289379880274016
JBMP,2022,Cervantes Island,28.0,-30.529350000000004,29.29991293972114
JBMP,2024,Cervantes Island,11.791666666666666,-30.529350000000004,24.521476344185793
JBMP,2003,Fishermans Island 2.5,44.625,-30.13472,34.67509740928632
JBMP,2004,Fishermans Island 2.5,60.458333333333336,-30.13472,35.11739595557638
JBMP,2005,Fishermans Island 2.5,48.958333333333336,-30.13472,35.37184094944656
JBMP,2007,Fishermans Island 2.5,36.666666666666664,-30.13472,32.94542476593748
JBMP,2008,Fishermans Island 2.5,52.708333333333336,-30.13472,35.72988691057549
JBMP,2010,Fishermans Island 2.5,64.20833333333333,-30.13472,38.71457920772368
JBMP,2011,Fishermans Island 2.5,47.041666666666664,-30.13472,29.802107004426396
JBMP,2012,Fishermans Island 2.5,47.416666666666664,-30.13472,28.296629744270067
JBMP,2014,Fishermans Island 2.5,44.875,-30.13472,30.063587836454808
JBMP,2016,Fishermans Island 2.5,31.541666666666668,-30.13472,30.641977871365278
JBMP,2017,Fishermans Island 2.5,28.625,-30.13472,22.915760902091083
JBMP,2018,Fishermans Island 2.5,31.541666666666668,-30.13472,31.334444980870316
JBMP,2020,Fishermans Island 2.5,25.208333333333332,-30.13472,23.72814217632759
JBMP,2022,Fishermans Island 2.5,30.625,-30.13472,26.911787285349746
JBMP,2024,Fishermans Island 2.5,30.708333333333332,-30.13472,23.47508753444505
JBMP,2003,Fishermans Island 3.5,29.416666666666668,-30.127169999999996,48.081891904710254
JBMP,2004,Fishermans Island 3.5,31.75,-30.127169999999996,50.26284450021258
JBMP,2005,Fishermans Island 3.5,29.652173913043477,-30.12717,48.519285629477444
JBMP,2007,Fishermans Island 3.5,26.75,-30.127169999999996,42.60418985824855
JBMP,2008,Fishermans Island 3.5,32.333333333333336,-30.127169999999996,49.91460815370379
JBMP,2010,Fishermans Island 3.5,40.125,-30.127169999999996,50.069718231360966
JBMP,2011,Fishermans Island 3.5,19.083333333333332,-30.127169999999996,48.075505497347464
JBMP,2012,Fishermans Island 3.5,25.869565217391305,-30.12717,46.98789004558907
JBMP,2014,Fishermans Island 3.5,29.041666666666668,-30.127169999999996,47.531808878152106
JBMP,2016,Fishermans Island 3.5,29.875,-30.127169999999996,38.74933205852596
JBMP,2017,Fishermans Island 3.5,16.958333333333332,-30.127169999999996,24.836930442349935
JBMP,2018,Fishermans Island 3.5,31.695652173913043,-30.12717,33.567383261504
JBMP,2020,Fishermans Island 3.5,21.75,-30.127169999999996,26.50933986987798
JBMP,2022,Fishermans Island 3.5,16.458333333333332,-30.127169999999996,33.228935349903466
JBMP,2024,Fishermans Island 3.5,15.375,-30.127169999999996,28.862582922467027
JBMP,2003,Fishermans Island 5.5,36.708333333333336,-30.137019999999996,35.93713413988097
JBMP,2004,Fishermans Island 5.5,35.791666666666664,-30.137019999999996,37.762510693635726
JBMP,2005,Fishermans Island 5.5,42.458333333333336,-30.137019999999996,36.38065128184848
JBMP,2007,Fishermans Island 5.5,35.25,-30.137019999999996,34.68032328042999
JBMP,2008,Fishermans Island 5.5,40.708333333333336,-30.137019999999996,36.97982662056303
JBMP,2010,Fishermans Island 5.5,40.958333333333336,-30.137019999999996,39.50506915877161
JBMP,2011,Fishermans Island 5.5,31.583333333333332,-30.137019999999996,34.98650985533297
JBMP,2012,Fishermans Island 5.5,28.916666666666668,-30.137019999999996,34.682756815379975
JBMP,2014,Fishermans Island 5.5,28.75,-30.137019999999996,34.53279892453056
JBMP,2016,Fishermans Island 5.5,29.708333333333332,-30.137019999999996,33.41484972444694
JBMP,2017,Fishermans Island 5.5,17.5,-30.137019999999996,23.755942206285177
JBMP,2018,Fishermans Island 5.5,29.333333333333332,-30.137019999999996,32.36058315037717
JBMP,2020,Fishermans Island 5.5,20.041666666666668,-30.137019999999996,23.825451246696925
JBMP,2022,Fishermans Island 5.5,26.916666666666668,-30.137019999999996,24.63657434128083
JBMP,2024,Fishermans Island 5.5,26.25,-30.137019999999996,22.900280707182592
JBMP,2014,Green Island,33.583333333333336,-30.68093,27.163896734392704
JBMP,2016,Green Island,12.875,-30.68093,25.865959331598877
JBMP,2017,Green Island,13.458333333333334,-30.68093,22.209116615890018
JBMP,2018,Green Island,14.458333333333334,-30.68093,27.13378469364037
JBMP,2020,Green Island,14.166666666666666,-30.68093,24.525851908134605
JBMP,2022,Green Island,13.625,-30.68093,24.765166848661558
JBMP,2024,Green Island,11.75,-30.68093,22.24473015570188
JBMP,2014,Jurien Impact Site 2.5,40.541666666666664,-30.33013,29.001004214535474
JBMP,2016,Jurien Impact Site 2.5,32.875,-30.33013,27.73461970644339
JBMP,2017,Jurien Impact Site 2.5,30.25,-30.33013,23.724216260524237
JBMP,2018,Jurien Impact Site 2.5,39.625,-30.33013,27.639862847949093
JBMP,2020,Jurien Impact Site 2.5,35.0,-30.33013,25.43961971392502
JBMP,2022,Jurien Impact Site 2.5,36.958333333333336,-30.33013,24.529039642006147
JBMP,2024,Jurien Impact Site 2.5,29.166666666666668,-30.33013,24.03548972466927
JBMP,2014,Kangaroo Point,33.791666666666664,-30.58201,28.230969627925205
JBMP,2016,Kangaroo Point,28.875,-30.58201,24.281327674292346
JBMP,2017,Kangaroo Point,22.208333333333332,-30.58201,23.474345230449995
JBMP,2018,Kangaroo Point,39.666666666666664,-30.58201,25.51666332460554
JBMP,2020,Kangaroo Point,30.041666666666668,-30.58201,24.23760976158576
JBMP,2022,Kangaroo Point,28.541666666666668,-30.58201,25.424049019674023
JBMP,2024,Kangaroo Point,28.0,-30.58201,24.42023921374018
MMP,2012,Burns Rocks,8.833333333333334,-31.730138,16.703490856471316
MMP,2014,Burns Rocks,20.166666666666668,-31.730138,17.190653784064715
MMP,2018,Burns Rocks,15.041666666666666,-31.730138,17.67593882322127
MMP,2020,Burns Rocks,19.916666666666668,-31.730138,17.89122322460894
MMP,2022,Burns Rocks,18.333333333333332,-31.730138,16.595837798461833
MMP,2024,Burns Rocks,9.208333333333334,-31.730138,16.931157119291402
MMP,2011,Hillarys Channel,8.333333333333334,-31.822616999999997,14.443320465405813
MMP,2012,Hillarys Channel,9.583333333333334,-31.822616999999997,11.051761829409182
MMP,2014,Hillarys Channel,18.666666666666668,-31.822616999999997,16.85557678657007
MMP,2018,Hillarys Channel,18.041666666666668,-31.822616999999997,13.83761911620603
MMP,2020,Hillarys Channel,5.958333333333333,-31.822616999999997,14.993876051569277
MMP,2022,Hillarys Channel,10.5,-31.822616999999997,14.613811480029803
MMP,2024,Hillarys Channel,5.25,-31.822616999999997,11.41802449957149
MMP,2012,Mullaloo,12.875,-31.781429,10.01223249995124
MMP,2014,Mullaloo,14.666666666666666,-31.781429,15.964136435888985
MMP,2018,Mullaloo,13.625,-31.781429,14.214308914050804
MMP,2020,Mullaloo,19.583333333333332,-31.781429,16.648252490472604
MMP,2022,Mullaloo,12.333333333333334,-31.781429,15.9282673656733
MMP,2024,Mullaloo,10.625,-31.781429,11.241807287087665
MMP,2011,North Beach,9.409090909090908,-31.841652,11.61231254663737
MMP,2012,North Beach,12.916666666666666,-31.841652,9.949615759097348
MMP,2014,North Beach,16.791666666666668,-31.841652,14.411422641138028
MMP,2018,North Beach,18.708333333333332,-31.841652,12.680275689015408
MMP,2020,North Beach,14.333333333333334,-31.841652,13.008232252251865
MMP,2022,North Beach,35.416666666666664,-31.841652,14.006615615220923
MMP,2024,North Beach,14.875,-31.841652,10.729973569884823
MMP,2011,Ocean Reef Outer,4.083333333333333,-31.774018,14.124114596846544
MMP,2012,Ocean Reef Outer,6.583333333333333,-31.774018,12.457338810595601
MMP,2014,Ocean Reef Outer,15.458333333333334,-31.774018,15.712019060227519
MMP,2018,Ocean Reef Outer,12.458333333333334,-31.774018,16.206183615025797
MMP,2020,Ocean Reef Outer,22.916666666666668,-31.774018,16.558992778803248
MMP,2022,Ocean Reef Outer,15.0,-31.774018,16.48905436432056
MMP,2024,Ocean Reef Outer,10.875,-31.774018,13.561041209411218
MMP,2012,Sorrento,5.041666666666667,-31.829799999999995,16.37036832123547
MMP,2014,Sorrento,12.0,-31.829799999999995,20.622191851127624
MMP,2018,Sorrento,10.25,-31.829799999999995,20.601061256374095
MMP,2020,Sorrento,4.166666666666667,-31.829799999999995,20.872270518625324
MMP,2022,Sorrento,13.666666666666666,-31.829799999999995,21.190633111092254
MMP,2024,Sorrento,9.166666666666666,-31.829799999999995,17.62824693168013
MMP,2012,Wreck Rock,9.625,-31.803238000000004,11.874516920648722
MMP,2014,Wreck Rock,23.041666666666668,-31.803238000000004,15.268494331422344
MMP,2018,Wreck Rock,16.136363636363637,-31.803238,15.650311239867163
MMP,2020,Wreck Rock,16.208333333333332,-31.803238000000004,12.266919664576825
MMP,2022,Wreck Rock,14.0,-31.803238000000004,14.004098465784455
MMP,2024,Wreck Rock,8.583333333333334,-31.803238000000004,12.061485051797666
NCMP,2012,Buayanup,58.041666666666664,-33.65233,42.77799466536598
NCMP,2014,Buayanup,48.541666666666664,-33.65233,43.10372674854933
NCMP,2015,Buayanup,58.125,-33.65233,42.33551265999616
NCMP,2016,Buayanup,53.291666666666664,-33.65233,42.55218617956092
NCMP,2017,Buayanup,56.333333333333336,-33.65233,43.049334810040754
NCMP,2018,Buayanup,54.041666666666664,-33.65233,43.108507843100284
NCMP,2020,Buayanup,54.083333333333336,-33.65233,42.74809156284193
NCMP,2021,Buayanup,59.69565217391305,-33.65233,42.46945239893387
NCMP,2022,Buayanup,64.66666666666667,-33.65233,42.56174612267569
NCMP,2023,Buayanup,54.583333333333336,-33.65233,42.43618199222752
NCMP,2024,Buayanup,58.541666666666664,-33.65233,43.731304157961496
NCMP,2012,Busselton Jetty,36.791666666666664,-33.63896,38.135146138638014
NCMP,2014,Busselton Jetty,44.791666666666664,-33.63896,37.98940413555563
NCMP,2015,Busselton Jetty,42.833333333333336,-33.63896,37.15418418010085
NCMP,2016,Busselton Jetty,43.875,-33.63896,38.617168467834
NCMP,2017,Busselton Jetty,43.25,-33.63896,37.14579747221212
NCMP,2018,Busselton Jetty,41.583333333333336,-33.63896,40.766637525870536
NCMP,2020,Busselton Jetty,48.25,-33.63896,40.67926427977671
NCMP,2021,Busselton Jetty,45.391304347826086,-33.63896,40.00266803491068
NCMP,2022,Busselton Jetty,48.166666666666664,-33.63896,38.26036036317178
NCMP,2023,Busselton Jetty,38.416666666666664,-33.63896,37.11392109960482
NCMP,2024,Busselton Jetty,49.5,-33.63896,38.18785996562799
NCMP,2012,Dunsborough,59.958333333333336,-33.61654,41.571452096479725
NCMP,2014,Dunsborough,50.166666666666664,-33.61654,42.35617917755724
NCMP,2015,Dunsborough,54.166666666666664,-33.61654,33.36469768604003
NCMP,2016,Dunsborough,58.791666666666664,-33.61654,44.22353064117007
NCMP,2017,Dunsborough,56.833333333333336,-33.61654,39.85200283367647
NCMP,2018,Dunsborough,52.208333333333336,-33.61654,41.40547293967527
NCMP,2020,Dunsborough,58.25,-33.61654,39.183370914065726
NCMP,2021,Dunsborough,66.20833333333333,-33.61654,38.966287999263706
NCMP,2022,Dunsborough,60.833333333333336,-33.61654,42.11736874848468
NCMP,2023,Dunsborough,63.083333333333336,-33.61654,32.119904105424595
NCMP,2024,Dunsborough,63.0,-33.61654,43.10148074123652
NCMP,2012,Forrest Beach,52.125,-33.57295,24.594567663381
NCMP,2014,Forrest Beach,43.82608695652174,-33.57295,25.483192983236247
NCMP,2015,Forrest Beach,46.458333333333336,-33.57295,21.857553775653834
NCMP,2016,Forrest Beach,48.0,-33.57295,26.58320103958374
NCMP,2017,Forrest Beach,47.25,-33.57295,22.33689633525642
NCMP,2018,Forrest Beach,51.458333333333336,-33.57295,25.736012589729977
NCMP,2020,Forrest Beach,57.083333333333336,-33.57295,23.468268157117215
NCMP,2021,Forrest Beach,41.5,-33.57295,24.429502618493515
NCMP,2022,Forrest Beach,47.75,-33.57295,26.89528711052435
NCMP,2023,Forrest Beach,50.916666666666664,-33.57295,19.668661958184934
NCMP,2024,Forrest Beach,55.458333333333336,-33.57295,29.810074087201702
NCMP,2015,MS 1,10.791666666666666,-33.60164098,26.378551750318522
NCMP,2017,MS 1,17.083333333333332,-33.60164098,29.109198774295
NCMP,2018,MS 1,25.833333333333332,-33.60164098,30.832058613521493
NCMP,2020,MS 1,13.708333333333334,-33.60164098,28.80661851785157
NCMP,2021,MS 1,17.208333333333332,-33.60164098,31.674439630074424
NCMP,2023,MS 1,12.791666666666666,-33.60164098,25.27309024164945
NCMP,2015,MS 2,17.333333333333332,-33.62425997,36.21232408623029
NCMP,2017,MS 2,36.083333333333336,-33.62425997,36.508519379785604
NCMP,2018,MS 2,27.541666666666668,-33.62425997,37.0525344394901
NCMP,2020,MS 2,36.666666666666664,-33.62425997,36.47648793548392
NCMP,2021,MS 2,32.041666666666664,-33.62425997,36.95520502529997
NCMP,2023,MS 2,22.666666666666668,-33.62425997,35.7108110422163
NCMP,2015,MS 3,29.541666666666668,-33.62756697,34.64884116915866
NCMP,2017,MS 3,34.208333333333336,-33.62756697,35.330657609436614
NCMP,2018,MS 3,34.708333333333336,-33.62756697,37.5456712084994
NCMP,2020,MS 3,31.75,-33.62756697,38.6271268093067
NCMP,2021,MS 3,28.125,-33.62756697,37.45851208974953
NCMP,2023,MS 3,22.791666666666668,-33.62756697,31.862315147279503
NCMP,2015,MS 4,34.25,-33.57941201,17.339575851316635
NCMP,2017,MS 4,26.375,-33.57941201,18.220238204383104
NCMP,2018,MS 4,41.083333333333336,-33.57941201,22.214502834030736
NCMP,2020,MS 4,31.75,-33.57941201,18.764668732949335
NCMP,2021,MS 4,37.25,-33.57941201,20.92339159231227
NCMP,2023,MS 4,29.875,-33.57941201,14.480207619331503
NCMP,2015,MS 6,31.75,-33.60354099,30.329928132357892
NCMP,2017,MS 6,30.208333333333332,-33.60354099,31.574388303114404
NCMP,2018,MS 6,38.125,-33.60354099,33.56090474488895
NCMP,2020,MS 6,38.125,-33.60354099,32.620034107567975
NCMP,2021,MS 6,35.625,-33.60354099,32.178076475361934
NCMP,2023,MS 6,26.708333333333332,-33.60354099,26.67759974387719
NCMP,2015,OS 1,16.25,-33.59011201,16.72075220935656
NCMP,2017,OS 1,23.083333333333332,-33.59011201,16.045827401863672
NCMP,2018,OS 1,24.708333333333332,-33.59011201,18.796536468028172
NCMP,2020,OS 1,13.041666666666666,-33.59011201,17.36210615117547
NCMP,2021,OS 1,18.791666666666668,-33.59011201,18.269381261820126
NCMP,2023,OS 1,13.875,-33.59011201,15.76352383402172
NCMP,2015,OS 2,18.208333333333332,-33.597905,15.057458605453327
NCMP,2017,OS 2,14.833333333333334,-33.597905,17.489748384088728
NCMP,2018,OS 2,21.166666666666668,-33.597905,19.605747404911575
NCMP,2020,OS 2,17.333333333333332,-33.597905,17.489095615812314
NCMP,2021,OS 2,21.208333333333332,-33.597905,17.96925602754565
NCMP,2023,OS 2,14.833333333333334,-33.597905,13.616591072288687
NCMP,2015,OS 3,10.958333333333334,-33.594655,19.818735842757924
NCMP,2017,OS 3,13.5,-33.594655,20.059837991127154
NCMP,2018,OS 3,19.625,-33.594655,24.065819128338912
NCMP,2020,OS 3,15.708333333333334,-33.594655,21.377603094343065
NCMP,2021,OS 3,17.166666666666668,-33.594655,22.996039966800215
NCMP,2023,OS 3,10.291666666666666,-33.594655,19.38009814792098
NCMP,2015,OS 4,14.916666666666666,-33.54436702,19.157352665730993
NCMP,2017,OS 4,16.291666666666668,-33.54436702,20.356857991930028
NCMP,2018,OS 4,21.416666666666668,-33.54436702,22.899072444414987
NCMP,2020,OS 4,5.833333333333333,-33.54436702,21.738169440530672
NCMP,2021,OS 4,21.666666666666668,-33.54436702,21.04412939684093
NCMP,2023,OS 4,12.333333333333334,-33.54436702,16.767786902926314
NCMP,2015,OS 6,13.916666666666666,-33.56837598,19.209628226135855
NCMP,2017,OS 6,23.875,-33.56837598,19.10879283943214
NCMP,2018,OS 6,22.75,-33.56837598,22.979609443312057
NCMP,2020,OS 6,22.583333333333332,-33.56837598,19.225948185657863
NCMP,2021,OS 6,17.083333333333332,-33.56837598,21.960340361890882
NCMP,2023,OS 6,9.458333333333334,-33.56837598,18.649218728153347
NCMP,2012,Port Geographe,36.916666666666664,-33.62846,40.98903045887151
NCMP,2014,Port Geographe,40.291666666666664,-33.62846,44.341042745236955
NCMP,2015,Port Geographe,45.375,-33.62846,44.33974656386565
NCMP,2016,Port Geographe,43.0,-33.62846,44.6603284042201
NCMP,2017,Port Geographe,32.916666666666664,-33.62846,44.42563972185467
NCMP,2018,Port Geographe,48.375,-33.62846,44.92418765396149
NCMP,2020,Port Geographe,49.0,-33.62846,44.83362624723087
NCMP,2021,Port Geographe,46.4,-33.62846,42.43940457316063
NCMP,2022,Port Geographe,38.958333333333336,-33.62846,44.15222692335471
NCMP,2023,Port Geographe,33.875,-33.62846,40.006354415696926
NCMP,2024,Port Geographe,48.666666666666664,-33.62846,46.31194087109271
NCMP,2012,Vasse Diversion,33.791666666666664,-33.64746,42.80443984164992
NCMP,2014,Vasse Diversion,32.625,-33.64746,43.98534866297653
NCMP,2015,Vasse Diversion,33.166666666666664,-33.64746,43.61809937342152
NCMP,2016,Vasse Diversion,27.791666666666668,-33.64746,45.594286924027685
NCMP,2017,Vasse Diversion,33.0,-33.64746,43.85182526720694
NCMP,2018,Vasse Diversion,36.583333333333336,-33.64746,45.37240471904635
NCMP,2020,Vasse Diversion,47.083333333333336,-33.64746,45.42155772352812
NCMP,2021,Vasse Diversion,37.285714285714285,-33.64746,45.60950809662862
NCMP,2022,Vasse Diversion,40.333333333333336,-33.64746,45.06216183685303
NCMP,2023,Vasse Diversion,40.666666666666664,-33.64746,41.2198098664326
NCMP,2024,Vasse Diversion,42.083333333333336,-33.64746,46.78323375967496
NCMP,2012,Vasse-Wonnerup,37.041666666666664,-33.60188,38.82586943719351
NCMP,2014,Vasse-Wonnerup,49.958333333333336,-33.60188,39.80198128034904
NCMP,2015,Vasse-Wonnerup,47.916666666666664,-33.60188,39.329985453698036
NCMP,2016,Vasse-Wonnerup,46.291666666666664,-33.60188,40.79676846812101
NCMP,2017,Vasse-Wonnerup,48.416666666666664,-33.60188,37.25239281151231
NCMP,2018,Vasse-Wonnerup,45.34782608695652,-33.60188,42.13791868292061
NCMP,2020,Vasse-Wonnerup,50.0,-33.60188,41.68800057328431
NCMP,2021,Vasse-Wonnerup,44.13636363636363,-33.60188,40.647061936421295
NCMP,2022,Vasse-Wonnerup,43.708333333333336,-33.60188,40.06165238788813
NCMP,2023,Vasse-Wonnerup,34.708333333333336,-33.60188,35.405396022283476
NCMP,2024,Vasse-Wonnerup,56.541666666666664,-33.60188,42.60602026623057
SIMP,2012,Becher Point,23.583333333333332,-32.37232299,25.185664182933362
SIMP,2013,Becher Point,27.75,-32.37232299,27.09700234121094
SIMP,2014,Becher Point,24.291666666666668,-32.37232299,26.602650654342327
SIMP,2015,Becher Point,24.0,-32.37232299,27.009759892064512
SIMP,2016,Becher Point,23.17391304347826,-32.37232299,25.868518805053338
SIMP,2017,Becher Point,26.083333333333332,-32.37232299,27.412281801302214
SIMP,2018,Becher Point,29.416666666666668,-32.37232299,26.49678114933122
SIMP,2020,Becher Point,24.875,-32.37232299,23.965613385427467
SIMP,2022,Becher Point,16.565217391304348,-32.37232299,24.03441295541722
SIMP,2024,Becher Point,14.291666666666666,-32.37232299,23.22885609214976
SIMP,2012,Becher Point SZ,27.875,-32.366256,25.56591738186197
SIMP,2013,Becher Point SZ,29.904761904761905,-32.366256,25.03685158532996
SIMP,2014,Becher Point SZ,26.541666666666668,-32.366256,25.554051860021247
SIMP,2016,Becher Point SZ,27.375,-32.366256,28.637158226240306
SIMP,2017,Becher Point SZ,30.833333333333332,-32.366256,26.306096142693843
SIMP,2018,Becher Point SZ,39.25,-32.366256,29.046628993404806
SIMP,2020,Becher Point SZ,24.5,-32.366256,24.08774235941694
SIMP,2022,Becher Point SZ,15.083333333333334,-32.366256,24.127690179188914
SIMP,2024,Becher Point SZ,19.583333333333332,-32.366256,24.11134285741279
SIMP,2006,Bird Island,34.083333333333336,-32.27733,36.609806563225426
SIMP,2007,Bird Island,22.416666666666668,-32.27733,32.743181095095736
SIMP,2008,Bird Island,27.347826086956523,-32.27733,32.36990041697026
SIMP,2009,Bird Island,29.916666666666668,-32.27733,32.27290301969997
SIMP,2010,Bird Island,28.0,-32.27733,31.574104437608863
SIMP,2011,Bird Island,23.791666666666668,-32.27733,32.26907011466073
SIMP,2012,Bird Island,20.583333333333332,-32.27733,26.034538411525332
SIMP,2013,Bird Island,23.208333333333332,-32.27733,26.45539195167609
SIMP,2014,Bird Island,26.458333333333332,-32.27733,26.59615653084764
SIMP,2015,Bird Island,29.041666666666668,-32.27733,29.432321259968212
SIMP,2016,Bird Island,22.541666666666668,-32.27733,31.630597761115418
SIMP,2018,Bird Island,24.125,-32.27733,28.254910480449574
SIMP,2019,Bird Island,28.333333333333332,-32.27733,32.04301260328124
SIMP,2020,Bird Island,25.875,-32.27733,26.513377562956386
SIMP,2022,Bird Island,21.166666666666668,-32.27733,29.985992566750404
SIMP,2006,Mersey Point,33.75,-32.31039,37.727822962589364
SIMP,2007,Mersey Point,23.041666666666668,-32.31039,31.44433187506959
SIMP,2008,Mersey Point,27.75,-32.31039,31.008696686537515
SIMP,2009,Mersey Point,27.541666666666668,-32.31039,30.63062562968406
SIMP,2010,Mersey Point,27.208333333333332,-32.31039,30.914799686688003
SIMP,2011,Mersey Point,38.25,-32.31039,29.726590503402367
SIMP,2012,Mersey Point,22.541666666666668,-32.31039,27.630907723567876
SIMP,2013,Mersey Point,19.291666666666668,-32.31039,29.769781166985684
SIMP,2014,Mersey Point,24.75,-32.31039,29.217572535212717
SIMP,2015,Mersey Point,19.541666666666668,-32.31039,30.389028232331686
SIMP,2016,Mersey Point,35.608695652173914,-32.31039,29.54117039853193
SIMP,2017,Mersey Point,22.625,-32.31039,28.52459886967785
SIMP,2018,Mersey Point,22.916666666666668,-32.31039,28.825293067164537
SIMP,2019,Mersey Point,38.708333333333336,-32.31039,30.840413771933235
SIMP,2020,Mersey Point,29.375,-32.31039,24.657815738517034
SIMP,2022,Mersey Point,49.0,-32.31039,24.424192124183516
SIMP,2023,Mersey Point,57.125,-32.31039,26.753926060722037
SIMP,2024,Mersey Point,28.625,-32.31039,25.099878179588927
SIMP,2012,Penguin Island,29.25,-32.30144997,25.397589944937355
SIMP,2013,Penguin Island,22.958333333333332,-32.30144997,27.53164728073425
SIMP,2014,Penguin Island,19.416666666666668,-32.30144997,26.657079810634176
SIMP,2015,Penguin Island,32.166666666666664,-32.30144997,28.30810603629007
SIMP,2016,Penguin Island,27.625,-32.30144997,27.670141514503072
SIMP,2017,Penguin Island,22.791666666666668,-32.30144997,26.24986831670508
SIMP,2018,Penguin Island,27.347826086956523,-32.30144997,26.80289655845604
SIMP,2020,Penguin Island,30.875,-32.30144997,23.584654303124413
SIMP,2022,Penguin Island,24.916666666666668,-32.30144997,23.623868704320177
SIMP,2024,Penguin Island,23.166666666666668,-32.30144997,23.817633090331718
SIMP,2012,Port Kennedy,22.875,-32.36452304,14.832106875666971
SIMP,2013,Port Kennedy,21.833333333333332,-32.36452304,14.533905751037768
SIMP,2014,Port Kennedy,31.041666666666668,-32.36452304,14.212690769764965
SIMP,2016,Port Kennedy,22.958333333333332,-32.36452304,16.90670118064732
SIMP,2017,Port Kennedy,35.625,-32.36452304,14.51872084283179
SIMP,2018,Port Kennedy,30.91304347826087,-32.36452304,11.673147543434323
SIMP,2020,Port Kennedy,21.291666666666668,-32.36452304,11.553843318513927
SIMP,2022,Port Kennedy,13.541666666666666,-32.36452304,12.709646004081945
SIMP,2024,Port Kennedy,27.958333333333332,-32.36452304,13.080619500433189
SIMP,2012,Seal Island,22.666666666666668,-32.29040002,21.681275704668302
SIMP,2013,Seal Island,28.958333333333332,-32.29040002,21.72041668784582
SIMP,2014,Seal Island,20.5,-32.29040002,21.48104033219498
SIMP,2015,Seal Island,23.208333333333332,-32.29040002,23.845326857914095
SIMP,2016,Seal Island,22.791666666666668,-32.29040002,24.920697482709055
SIMP,2017,Seal Island,20.625,-32.29040002,21.96932963016515
SIMP,2018,Seal Island,24.958333333333332,-32.29040002,23.224678635526296
SIMP,2020,Seal Island,25.75,-32.29040002,23.465709835020053
SIMP,2022,Seal Island,22.75,-32.29040002,23.72668062170327
SIMP,2024,Seal Island,25.25,-32.29040002,21.648845001844762
SIMP,2003,Warnbro Sound 2.0m,55.5,-32.3144,39.07724023125118
SIMP,2004,Warnbro Sound 2.0m,49.083333333333336,-32.3144,37.44448019739992
SIMP,2005,Warnbro Sound 2.0m,44.125,-32.3144,38.109328132485615
SIMP,2006,Warnbro Sound 2.0m,52.625,-32.3144,38.573857632913196
SIMP,2007,Warnbro Sound 2.0m,42.125,-32.3144,34.12561565928968
SIMP,2008,Warnbro Sound 2.0m,36.333333333333336,-32.3144,34.1128367341756
SIMP,2009,Warnbro Sound 2.0m,36.041666666666664,-32.3144,35.28224812652133
SIMP,2010,Warnbro Sound 2.0m,37.916666666666664,-32.3144,34.197817966700974
SIMP,2011,Warnbro Sound 2.0m,38.375,-32.3144,34.04156281107464
SIMP,2012,Warnbro Sound 2.0m,23.541666666666668,-32.3144,30.192181602606162
SIMP,2013,Warnbro Sound 2.0m,29.833333333333332,-32.3144,33.47765510230579
SIMP,2014,Warnbro Sound 2.0m,37.375,-32.3144,33.88295102945517
SIMP,2015,Warnbro Sound 2.0m,27.958333333333332,-32.3144,33.886585478738176
SIMP,2016,Warnbro Sound 2.0m,30.708333333333332,-32.3144,32.91962027505147
SIMP,2017,Warnbro Sound 2.0m,2.625,-32.3144,32.89315769744572
SIMP,2018,Warnbro Sound 2.0m,0.0,-32.3144,32.975425893978795
SIMP,2019,Warnbro Sound 2.0m,0.0,-32.3144,34.08950875984599
SIMP,2020,Warnbro Sound 2.0m,0.0,-32.3144,26.552885088412847
SIMP,2003,Warnbro Sound 2.5m,39.208333333333336,-32.31476,40.90624026079752
SIMP,2004,Warnbro Sound 2.5m,38.333333333333336,-32.31476,36.82409832368936
SIMP,2005,Warnbro Sound 2.5m,38.5,-32.31476,37.28801157802374
SIMP,2006,Warnbro Sound 2.5m,52.625,-32.31476,38.25437763597857
SIMP,2007,Warnbro Sound 2.5m,33.416666666666664,-32.31476,32.579139016742594
SIMP,2008,Warnbro Sound 2.5m,33.291666666666664,-32.31476,32.124895392946634
SIMP,2009,Warnbro Sound 2.5m,33.625,-32.31476,32.24934727103946
SIMP,2010,Warnbro Sound 2.5m,33.5,-32.31476,27.327993409794182
SIMP,2011,Warnbro Sound 2.5m,35.041666666666664,-32.31476,28.24972502572684
SIMP,2012,Warnbro Sound 2.5m,24.458333333333332,-32.31476,20.520638292435613
SIMP,2013,Warnbro Sound 2.5m,39.875,-32.31476,20.514209795072773
SIMP,2014,Warnbro Sound 2.5m,36.666666666666664,-32.31476,22.92290611582556
SIMP,2015,Warnbro Sound 2.5m,38.291666666666664,-32.31476,25.471798002058108
SIMP,2016,Warnbro Sound 2.5m,31.458333333333332,-32.31476,28.229031450763475
SIMP,2017,Warnbro Sound 2.5m,32.208333333333336,-32.31476,16.9689397891762
SIMP,2018,Warnbro Sound 2.5m,30.291666666666668,-32.31476,11.82608574705919
SIMP,2019,Warnbro Sound 2.5m,44.458333333333336,-32.31476,14.37187801161358
SIMP,2020,Warnbro Sound 2.5m,24.5,-32.31476,12.821411074039263
SIMP,2003,Warnbro Sound 3.2m,44.0,-32.3149,31.636319858367102
SIMP,2004,Warnbro Sound 3.2m,26.0,-32.3149,30.609592808795377
SIMP,2005,Warnbro Sound 3.2m,31.869565217391305,-32.3149,28.753427641460263
SIMP,2006,Warnbro Sound 3.2m,31.708333333333332,-32.3149,32.625054932929906
SIMP,2007,Warnbro Sound 3.2m,29.083333333333332,-32.3149,27.612076369752447
SIMP,2008,Warnbro Sound 3.2m,33.125,-32.3149,26.70695970652423
SIMP,2009,Warnbro Sound 3.2m,36.130434782608695,-32.3149,25.745756841326024
SIMP,2010,Warnbro Sound 3.2m,19.166666666666668,-32.3149,25.339099335768385
SIMP,2011,Warnbro Sound 3.2m,14.25,-32.3149,24.922845349847027
SIMP,2012,Warnbro Sound 3.2m,10.208333333333334,-32.3149,21.13776351703305
SIMP,2013,Warnbro Sound 3.2m,18.75,-32.3149,22.985542002451552
SIMP,2014,Warnbro Sound 3.2m,16.916666666666668,-32.3149,24.41422969911321
SIMP,2015,Warnbro Sound 3.2m,18.333333333333332,-32.3149,24.796632254569367
SIMP,2016,Warnbro Sound 3.2m,21.583333333333332,-32.3149,24.814625453219858
SIMP,2017,Warnbro Sound 3.2m,16.916666666666668,-32.3149,21.821720596907547
SIMP,2018,Warnbro Sound 3.2m,3.625,-32.3149,22.090986822593585
SIMP,2019,Warnbro Sound 3.2m,6.583333333333333,-32.3149,22.543008081842714
SIMP,2020,Warnbro Sound 3.2m,2.625,-32.3149,19.52464548039436
SIMP,2003,Warnbro Sound 5.2m,34.416666666666664,-32.3162,21.361133873267242
SIMP,2004,Warnbro Sound 5.2m,31.25,-32.3162,20.355531506782658
SIMP,2005,Warnbro Sound 5.2m,29.541666666666668,-32.3162,18.669000878928845
SIMP,2006,Warnbro Sound 5.2m,31.208333333333332,-32.3162,21.050087794380413
SIMP,2007,Warnbro Sound 5.2m,23.375,-32.3162,18.816123264601913
SIMP,2008,Warnbro Sound 5.2m,19.583333333333332,-32.3162,18.583174975920883
SIMP,2009,Warnbro Sound 5.2m,28.25,-32.3162,17.833408103464638
SIMP,2010,Warnbro Sound 5.2m,25.208333333333332,-32.3162,18.35478213637473
SIMP,2011,Warnbro Sound 5.2m,24.875,-32.3162,16.29026901987368
SIMP,2012,Warnbro Sound 5.2m,19.333333333333332,-32.3162,14.600111022075826
SIMP,2013,Warnbro Sound 5.2m,16.666666666666668,-32.3162,16.3368531539944
SIMP,2014,Warnbro Sound 5.2m,21.708333333333332,-32.3162,16.822745472912885
SIMP,2015,Warnbro Sound 5.2m,28.333333333333332,-32.3162,17.18699057457503
SIMP,2016,Warnbro Sound 5.2m,33.458333333333336,-32.3162,17.413779482274613
SIMP,2017,Warnbro Sound 5.2m,20.375,-32.3162,16.28172772656865
SIMP,2018,Warnbro Sound 5.2m,20.416666666666668,-32.3162,16.97071559473169
SIMP,2019,Warnbro Sound 5.2m,27.083333333333332,-32.3162,17.313896325526198
SIMP,2020,Warnbro Sound 5.2m,24.333333333333332,-32.3162,16.056057980084244
SIMP,2022,Warnbro Sound 5.2m,31.666666666666668,-32.3162,14.591396016936681
SIMP,2023,Warnbro Sound 5.2m,35.333333333333336,-32.3162,16.551061544487908
SIMP,2024,Warnbro Sound 5.2m,17.291666666666668,-32.3162,15.012787003253788
SIMP,2005,Warnbro Sound 7.0m,9.625,-32.31639,27.100303287866367
SIMP,2006,Warnbro Sound 7.0m,13.5,-32.31639,30.03934109833458
SIMP,2007,Warnbro Sound 7.0m,10.083333333333334,-32.31639,24.97299101641448
SIMP,2008,Warnbro Sound 7.0m,9.25,-32.31639,24.51673919711194
SIMP,2009,Warnbro Sound 7.0m,10.625,-32.31639,25.490544762737667
SIMP,2010,Warnbro Sound 7.0m,8.333333333333334,-32.31639,22.595608227546265
SIMP,2011,Warnbro Sound 7.0m,9.916666666666666,-32.31639,23.656455515904447
SIMP,2012,Warnbro Sound 7.0m,9.583333333333334,-32.31639,17.187811397637127
SIMP,2013,Warnbro Sound 7.0m,7.625,-32.31639,18.48524285247311
SIMP,2014,Warnbro Sound 7.0m,7.041666666666667,-32.31639,20.147615875806476
SIMP,2015,Warnbro Sound 7.0m,8.291666666666666,-32.31639,23.01008898153444
SIMP,2016,Warnbro Sound 7.0m,13.857142857142858,-32.31639,23.679580632714814
SIMP,2017,Warnbro Sound 7.0m,11.25,-32.31639,17.90557395580971
SIMP,2018,Warnbro Sound 7.0m,10.0,-32.31639,17.74396763136053
SIMP,2019,Warnbro Sound 7.0m,32.291666666666664,-32.31639,18.197042232274562
SIMP,2020,Warnbro Sound 7.0m,20.666666666666668,-32.31639,18.156445549675084
SIMP,2022,Warnbro Sound 7.0m,4.125,-32.31639,23.184880500139993
SIMP,2023,Warnbro Sound 7.0m,9.916666666666666,-32.31639,24.05361132137065
SIMP,2024,Warnbro Sound 7.0m,5.541666666666667,-32.31639,17.580731645322544
