region,year,obs,pred,n
CSMC,2003,32.375,29.237549147350194,6
CSMC,2004,30.875,28.828359446338073,5
CSMC,2005,32.45075757575757,31.0214901037043,11
CSMC,2006,35.77884615384615,33.49739361166711,13
CSMC,2007,27.866071428571427,27.91982353862718,14
CSMC,2008,26.758928571428573,27.42433499351815,14
CSMC,2009,28.03610248447205,27.76166225046963,14
CSMC,2010,26.163690476190478,26.26783134930042,14
CSMC,2011,26.19345238095238,26.414370574004913,14
CSMC,2012,19.756410256410255,20.367496454672906,13
CSMC,2013,21.521539682539682,21.878834021372004,15
CSMC,2014,21.73111111111111,23.60239890249219,15
CSMC,2015,25.87219387755102,26.258239985303188,14
CSMC,2016,29.091956521739128,27.236278115168123,15
CSMC,2017,17.825,21.080900949371216,14
CSMC,2018,23.134444444444444,23.9531032351187,15
CSMC,2019,26.14761904761905,26.363370660031354,14
CSMC,2020,18.425,20.26724122749165,15
CSMC,2022,27.491666666666667,26.694205882647214,15
CSMC,2023,29.961805555555557,28.65006051493589,12
CSMC,2024,17.87152777777778,20.046506714480266,12
JBMP,2003,34.81944444444445,35.63473174624041,6
JBMP,2004,39.74305555555556,37.63241772339156,6
JBMP,2005,36.712862318840585,36.15345354275174,6
JBMP,2007,30.326388888888886,32.82099242794554,6
JBMP,2008,36.51388888888889,36.48582403177865,6
JBMP,2010,43.74305555555555,38.52521414438815,6
JBMP,2011,31.916666666666668,34.29283145724593,6
JBMP,2012,30.617149758454104,33.21700658678645,6
JBMP,2014,32.391666666666666,32.53877567980065,10
JBMP,2016,26.37962962962963,28.78388400712919,9
JBMP,2017,20.8125,24.179013320044696,10
JBMP,2018,28.90933794466403,29.69777594815929,10
JBMP,2020,23.995833333333334,25.663081667048125,10
JBMP,2022,24.9125,27.04133551934719,10
JBMP,2024,21.05,24.33692563712973,10
MMP,2011,7.275252525252525,13.393249202963242,3
MMP,2012,9.351190476190476,12.631332142486983,7
MMP,2014,17.255952380952383,16.574927841491327,7
MMP,2018,14.894480519480519,15.837956950537222,7
MMP,2020,14.726190476190478,16.034252425844013,7
MMP,2022,17.035714285714285,16.118331171511876,7
MMP,2024,9.797619047619047,13.367390809817772,7
NCMP,2012,44.95238095238095,38.52835718593995,7
NCMP,2014,44.31444099378882,39.580125104780144,7
NCMP,2015,30.93872549019608,29.227819307740752,17
NCMP,2016,45.863095238095234,40.43249573207394,7
NCMP,2017,32.56127450980392,30.101056243012714,17
NCMP,2018,35.67977408354646,32.529623451984754,17
NCMP,2020,34.720588235294116,31.20647282638375,17
NCMP,2021,34.51670790845983,31.528979852088725,17
NCMP,2022,49.202380952380956,39.87297192756462,7
NCMP,2023,28.933823529411764,27.420674819971758,17
NCMP,2024,53.398809523809526,41.504559121289425,7
SIMP,2003,43.28125,33.24523355592076,4
SIMP,2004,36.16666666666667,31.30842570916683,4
SIMP,2005,30.732246376811595,29.984014303752968,5
SIMP,2006,35.642857142857146,33.55433551719307,7
SIMP,2007,26.220238095238095,28.899065470995204,7
SIMP,2008,26.668737060041405,28.489029015741007,7
SIMP,2009,28.875776397515526,28.500690536353307,7
SIMP,2010,25.61904761904762,27.186315028640198,7
SIMP,2011,26.357142857142858,27.022359762927103,7
SIMP,2012,21.375,22.49720883807908,12
SIMP,2013,23.887896825396826,23.662041639259844,12
SIMP,2014,24.39236111111111,24.04264089051095,12
SIMP,2015,24.916666666666664,26.33366375700437,10
SIMP,2016,26.094979296066253,26.019301888568723,12
SIMP,2017,21.99621212121212,22.804728669934885,11
SIMP,2018,21.93840579710145,22.994293176457546,12
SIMP,2019,25.351190476190474,24.19982282661679,7
SIMP,2020,21.22222222222222,20.91168347296517,12
SIMP,2022,22.090579710144926,22.26763996363579,9
SIMP,2023,34.125,22.452866308860198,3
SIMP,2024,20.213541666666668,20.447586671292186,8
