horizon,method,n,spearman,rmse,mae
0,climatology,700,0.7403279526133227,7.482357908430887,5.626890128518192
1,climatology,570,0.7497135618354278,8.226931535709587,6.244684115453907
2,climatology,540,0.7291426590022978,8.706055701545502,6.639492387525539
3,climatology,482,0.7137030850678608,9.076296471780028,6.875331429982461
4,climatology,428,0.7008649475396855,9.551051835938503,7.170232090740113
5,climatology,386,0.6849485106567871,9.925976357865276,7.489308246490958
0,persistence,655,0.7391388556735164,8.133043625397976,6.065234065083053
1,persistence,570,0.7329674845050207,8.2685592097563,6.089940975627475
2,persistence,540,0.6874341055823335,9.058788886847141,6.878925181769384
3,persistence,482,0.7052264976032541,8.67042367146622,6.640117352879845
4,persistence,428,0.6995131678629454,9.131041343619568,6.851851986223177
5,persistence,386,0.6645301192833608,9.590339070544893,7.394928621164823
0,stRF,700,0.74618389318519,7.715738087622221,5.899222480467823
1,stRF,570,0.7314383727295103,8.325179063504674,6.498826318133289
2,stRF,540,0.7048349265790113,8.95168782503191,7.068539448172999
3,stRF,482,0.6821009878223943,9.292854198414993,7.333649570645421
4,stRF,428,0.6461450418297536,10.015723880357417,7.929226054945266
5,stRF,386,0.621890473566715,10.33572027199701,8.135396737767563
