"panel","x","y","y_obs"
"design_random",332,44,1
"design_random",100,12,0
"design_random",140,340,0
"design_random",68,348,0
"design_random",124,124,0
"design_random",244,204,0
"design_random",140,396,0
"design_random",356,164,1
"design_random",140,44,1
"design_random",356,228,0
"design_random",212,236,0
"design_random",220,60,1
"design_random",300,332,0
"design_random",324,396,0
"design_random",372,388,0
"design_random",100,28,0
"design_random",116,276,0
"design_random",212,228,0
"design_random",212,84,1
"design_random",220,260,0
"design_random",244,324,0
"design_random",172,236,0
"design_random",44,268,0
"design_random",124,156,1
"design_random",172,108,1
"design_random",300,148,1
"design_random",180,180,0
"design_random",180,124,0
"design_random",260,396,0
"design_random",76,12,0
"design_random",292,388,0
"design_random",140,388,0
"design_random",308,156,1
"design_random",172,52,0
"design_random",92,372,1
"design_random",36,76,0
"design_random",324,380,0
"design_random",116,60,0
"design_random",108,172,1
"design_random",308,148,1
"design_random",60,140,0
"design_random",204,140,0
"design_random",268,252,0
"design_random",12,148,1
"design_random",324,84,1
"design_random",68,68,1
"design_random",164,204,0
"design_random",124,116,0
"design_random",340,132,1
"design_random",148,356,0
"design_random",204,276,0
"design_random",300,20,1
"design_random",20,140,1
"design_random",20,252,0
"design_random",396,236,0
"design_random",228,348,0
"design_random",4,116,1
"design_random",172,172,0
"design_random",332,172,0
"design_random",348,212,0
"design_random",124,188,1
"design_random",244,220,0
"design_random",36,28,1
"design_random",4,228,0
"design_random",220,252,0
"design_random",260,44,1
"design_random",236,340,0
"design_random",212,188,0
"design_random",380,116,1
"design_random",140,116,0
"design_random",388,68,1
"design_random",204,252,0
"design_random",236,52,1
"design_random",228,372,0
"design_random",156,220,0
"design_random",116,188,1
"design_random",316,268,0
"design_random",308,396,0
"design_random",4,220,0
"design_random",76,196,0
"design_random",164,20,0
"design_random",268,124,1
"design_random",148,388,0
"design_random",348,244,0
"design_random",332,156,1
"design_random",188,236,0
"design_random",52,204,0
"design_random",324,260,0
"design_random",124,52,1
"design_random",316,4,1
"design_random",92,60,0
"design_random",364,332,0
"design_random",124,68,0
"design_random",324,164,0
"design_random",140,156,1
"design_random",100,276,0
"design_random",268,220,0
"design_random",380,12,0
"design_random",332,196,0
"design_random",124,140,0
"design_clustered",156,76,0
"design_clustered",132,84,0
"design_clustered",148,76,1
"design_clustered",140,76,1
"design_clustered",164,84,0
"design_clustered",140,68,0
"design_clustered",172,116,0
"design_clustered",156,108,0
"design_clustered",132,52,1
"design_clustered",180,116,0
"design_clustered",140,100,0
"design_clustered",140,92,0
"design_clustered",172,68,0
"design_clustered",148,108,0
"design_clustered",156,84,0
"design_clustered",148,52,1
"design_clustered",148,68,1
"design_clustered",132,108,0
"design_clustered",148,44,1
"design_clustered",124,108,0
"design_clustered",148,124,0
"design_clustered",92,92,0
"design_clustered",132,116,0
"design_clustered",188,60,0
"design_clustered",124,92,0
"design_clustered",148,100,0
"design_clustered",156,60,0
"design_clustered",100,68,0
"design_clustered",244,116,1
"design_clustered",252,76,1
"design_clustered",276,84,0
"design_clustered",284,164,0
"design_clustered",244,84,0
"design_clustered",316,76,1
"design_clustered",268,68,1
"design_clustered",284,76,1
"design_clustered",276,132,0
"design_clustered",260,100,1
"design_clustered",244,132,0
"design_clustered",228,116,1
"design_clustered",300,140,1
"design_clustered",260,52,1
"design_clustered",284,84,1
"design_clustered",300,116,1
"design_clustered",236,100,0
"design_clustered",260,84,1
"design_clustered",244,76,1
"design_clustered",244,124,1
"design_clustered",300,108,0
"design_clustered",292,140,0
"design_clustered",276,108,0
"design_clustered",212,92,1
"design_clustered",308,108,1
"design_clustered",220,116,1
"design_clustered",268,124,1
"design_clustered",276,92,1
"design_clustered",260,116,1
"design_clustered",260,124,1
"design_clustered",284,100,1
"design_clustered",268,116,1
"design_clustered",252,84,1
"design_clustered",252,228,0
"design_clustered",260,180,0
"design_clustered",220,236,0
"design_clustered",236,212,0
"design_clustered",228,244,0
"design_clustered",260,220,0
"design_clustered",220,196,0
"design_clustered",292,212,0
"design_clustered",276,244,0
"design_clustered",260,236,0
"design_clustered",244,196,0
"design_clustered",268,212,0
"design_clustered",236,220,0
"design_clustered",268,228,0
"design_clustered",228,228,0
"design_clustered",244,284,0
"design_clustered",284,244,0
"design_clustered",244,228,0
"design_clustered",252,244,0
"design_clustered",276,204,0
"design_clustered",260,172,0
"design_clustered",228,212,0
"design_clustered",276,292,0
"design_clustered",244,268,0
"design_clustered",236,268,0
"design_clustered",260,204,0
"design_clustered",252,204,0
"design_clustered",228,236,0
"design_clustered",260,212,0
"design_clustered",364,148,1
"design_clustered",100,268,0
"design_clustered",236,132,0
"design_clustered",204,76,0
"design_clustered",20,172,0
"design_clustered",260,12,1
"design_clustered",380,188,1
"design_clustered",244,108,0
"design_clustered",220,220,0
"design_clustered",396,68,1
"design_stratified",268,380,1
"design_stratified",260,300,0
"design_stratified",228,108,1
"design_stratified",108,92,0
"design_stratified",180,36,0
"design_stratified",212,236,0
"design_stratified",92,212,1
"design_stratified",332,116,1
"design_stratified",292,172,0
"design_stratified",4,220,0
"design_stratified",380,180,1
"design_stratified",284,300,0
"design_stratified",20,132,0
"design_stratified",100,124,0
"design_stratified",156,372,0
"design_stratified",276,356,1
"design_stratified",380,372,0
"design_stratified",108,396,0
"design_stratified",324,196,0
"design_stratified",396,84,0
"design_stratified",332,348,0
"design_stratified",172,308,0
"design_stratified",148,76,1
"design_stratified",140,284,0
"design_stratified",268,12,1
"design_stratified",236,396,0
"design_stratified",380,268,0
"design_stratified",148,140,0
"design_stratified",44,172,0
"design_stratified",292,372,0
"design_stratified",148,212,0
"design_stratified",260,212,0
"design_stratified",292,268,0
"design_stratified",164,172,0
"design_stratified",156,84,0
"design_stratified",116,276,0
"design_stratified",340,396,0
"design_stratified",268,156,0
"design_stratified",20,20,1
"design_stratified",164,332,0
"design_stratified",124,244,0
"design_stratified",332,68,1
"design_stratified",196,52,0
"design_stratified",116,348,1
"design_stratified",388,324,0
"design_stratified",60,268,0
"design_stratified",196,396,1
"design_stratified",300,228,0
"design_stratified",388,124,0
"design_stratified",188,268,1
"design_stratified",372,308,0
"design_stratified",308,100,1
"design_stratified",308,348,0
"design_stratified",268,260,0
"design_stratified",196,228,0
"design_stratified",44,124,0
"design_stratified",316,132,1
"design_stratified",76,380,0
"design_stratified",236,36,1
"design_stratified",68,308,1
"design_stratified",20,172,0
"design_stratified",68,324,0
"design_stratified",340,228,0
"design_stratified",12,268,1
"design_stratified",220,356,0
"design_stratified",364,212,0
"design_stratified",364,28,1
"design_stratified",164,84,0
"design_stratified",204,156,0
"design_stratified",4,324,1
"design_stratified",116,164,1
"design_stratified",252,52,1
"design_stratified",44,68,1
"design_stratified",396,68,1
"design_stratified",116,308,0
"design_stratified",132,28,0
"design_stratified",28,92,0
"design_stratified",108,44,1
"design_stratified",132,332,1
"design_stratified",76,204,0
"design_stratified",324,292,0
"design_stratified",20,372,1
"design_stratified",356,260,0
"design_stratified",228,52,0
"design_stratified",340,12,1
"design_stratified",4,300,0
"design_stratified",300,28,0
"design_stratified",220,260,0
"design_stratified",284,52,1
"design_stratified",140,164,1
"design_stratified",220,292,0
"design_stratified",268,172,0
"design_stratified",204,172,0
"design_stratified",196,148,0
"design_stratified",12,52,0
"design_stratified",52,28,1
"design_stratified",92,28,0
"design_stratified",68,108,1
"design_stratified",356,148,1
"design_stratified",276,84,0
"n_30",204,132,0
"n_30",372,92,0
"n_30",356,268,0
"n_30",116,52,0
"n_30",132,340,1
"n_30",36,316,1
"n_30",84,380,0
"n_30",180,60,0
"n_30",380,284,0
"n_30",292,204,0
"n_30",100,92,0
"n_30",124,84,0
"n_30",164,52,0
"n_30",316,316,0
"n_30",348,124,0
"n_30",380,220,0
"n_30",20,132,0
"n_30",60,92,0
"n_30",260,244,0
"n_30",388,60,0
"n_30",164,252,0
"n_30",148,348,0
"n_30",84,76,0
"n_30",132,180,1
"n_30",252,148,0
"n_30",124,116,0
"n_30",212,60,1
"n_30",180,196,0
"n_30",380,148,1
"n_30",52,364,1
"n_100",28,340,1
"n_100",324,84,1
"n_100",100,156,1
"n_100",196,332,1
"n_100",172,244,0
"n_100",284,20,0
"n_100",292,308,0
"n_100",76,340,0
"n_100",196,156,0
"n_100",44,268,0
"n_100",92,396,0
"n_100",132,372,0
"n_100",292,4,1
"n_100",372,140,1
"n_100",388,268,0
"n_100",116,356,1
"n_100",348,100,1
"n_100",252,4,1
"n_100",60,228,1
"n_100",172,364,0
"n_100",100,76,0
"n_100",100,188,1
"n_100",132,60,1
"n_100",84,196,1
"n_100",196,108,1
"n_100",252,220,0
"n_100",36,132,0
"n_100",212,164,0
"n_100",116,212,1
"n_100",124,100,0
"n_100",340,84,1
"n_100",332,124,1
"n_100",252,164,0
"n_100",252,388,1
"n_100",260,132,1
"n_100",380,316,0
"n_100",292,220,0
"n_100",364,340,0
"n_100",332,20,1
"n_100",44,356,1
"n_100",340,324,0
"n_100",156,260,0
"n_100",20,236,0
"n_100",188,172,0
"n_100",196,4,0
"n_100",372,372,0
"n_100",188,132,0
"n_100",12,372,1
"n_100",36,116,0
"n_100",44,220,0
"n_100",276,332,0
"n_100",228,20,1
"n_100",60,348,1
"n_100",108,156,1
"n_100",124,244,0
"n_100",316,260,0
"n_100",364,84,1
"n_100",148,220,0
"n_100",388,356,0
"n_100",172,252,0
"n_100",308,388,0
"n_100",292,300,0
"n_100",28,12,1
"n_100",108,52,1
"n_100",4,292,1
"n_100",332,316,0
"n_100",308,156,1
"n_100",196,276,1
"n_100",140,108,0
"n_100",188,188,0
"n_100",300,68,0
"n_100",148,340,0
"n_100",228,236,0
"n_100",84,28,1
"n_100",172,116,0
"n_100",60,220,0
"n_100",4,4,0
"n_100",100,332,1
"n_100",100,268,0
"n_100",396,316,0
"n_100",284,44,0
"n_100",188,340,0
"n_100",300,300,0
"n_100",300,324,0
"n_100",316,388,0
"n_100",396,60,1
"n_100",252,180,0
"n_100",340,52,1
"n_100",372,156,0
"n_100",340,4,1
"n_100",84,4,0
"n_100",116,84,0
"n_100",76,276,0
"n_100",220,60,1
"n_100",188,4,0
"n_100",276,212,0
"n_100",92,292,1
"n_100",300,4,1
"n_100",204,324,0
"n_100",364,356,0
"n_500",4,180,0
"n_500",388,116,0
"n_500",276,300,0
"n_500",76,204,0
"n_500",44,252,0
"n_500",148,260,0
"n_500",36,300,1
"n_500",12,148,1
"n_500",116,140,1
"n_500",372,20,0
"n_500",172,388,0
"n_500",52,348,1
"n_500",4,60,1
"n_500",28,84,0
"n_500",252,324,0
"n_500",284,28,1
"n_500",204,204,0
"n_500",140,28,1
"n_500",284,388,0
"n_500",340,84,1
"n_500",260,260,0
"n_500",108,20,0
"n_500",292,20,1
"n_500",140,244,0
"n_500",292,164,0
"n_500",36,60,1
"n_500",68,348,0
"n_500",236,268,0
"n_500",132,372,0
"n_500",340,300,0
"n_500",140,12,1
"n_500",212,12,1
"n_500",100,156,1
"n_500",132,124,0
"n_500",300,316,0
"n_500",300,260,0
"n_500",340,244,0
"n_500",348,196,0
"n_500",140,228,0
"n_500",140,188,1
"n_500",396,316,0
"n_500",308,164,0
"n_500",204,196,0
"n_500",12,52,0
"n_500",20,156,0
"n_500",380,372,0
"n_500",44,116,1
"n_500",212,212,0
"n_500",228,124,1
"n_500",196,196,0
"n_500",324,228,1
"n_500",364,4,0
"n_500",364,244,0
"n_500",260,316,0
"n_500",356,20,1
"n_500",180,84,0
"n_500",124,68,0
"n_500",316,100,1
"n_500",12,68,1
"n_500",188,292,0
"n_500",196,60,0
"n_500",324,236,0
"n_500",388,44,0
"n_500",396,300,0
"n_500",12,108,1
"n_500",84,148,0
"n_500",276,260,0
"n_500",140,340,0
"n_500",4,268,0
"n_500",252,380,1
"n_500",156,348,0
"n_500",140,20,1
"n_500",164,276,0
"n_500",364,188,0
"n_500",244,20,1
"n_500",356,124,0
"n_500",212,116,1
"n_500",292,364,0
"n_500",244,100,1
"n_500",228,52,0
"n_500",124,148,1
"n_500",212,196,0
"n_500",60,220,0
"n_500",340,220,0
"n_500",12,252,0
"n_500",332,108,1
"n_500",156,140,0
"n_500",100,140,1
"n_500",20,292,1
"n_500",84,52,1
"n_500",92,36,0
"n_500",164,140,0
"n_500",252,388,1
"n_500",284,300,0
"n_500",292,300,0
"n_500",20,348,1
"n_500",244,300,0
"n_500",244,108,0
"n_500",204,76,0
"n_500",340,356,1
"n_500",84,156,1
"n_500",388,68,1
"n_500",292,308,0
"n_500",164,68,0
"n_500",116,124,0
"n_500",236,28,1
"n_500",364,140,1
"n_500",44,388,1
"n_500",276,268,0
"n_500",164,196,0
"n_500",212,236,0
"n_500",324,84,1
"n_500",220,196,0
"n_500",172,284,0
"n_500",132,348,1
"n_500",228,204,0
"n_500",76,132,0
"n_500",268,44,1
"n_500",76,324,1
"n_500",172,316,0
"n_500",372,252,0
"n_500",116,212,1
"n_500",188,44,0
"n_500",212,140,1
"n_500",212,52,0
"n_500",292,228,0
"n_500",212,28,1
"n_500",356,324,0
"n_500",108,116,0
"n_500",364,28,1
"n_500",204,60,0
"n_500",124,332,1
"n_500",324,60,1
"n_500",348,316,0
"n_500",348,396,0
"n_500",228,372,0
"n_500",172,100,0
"n_500",388,140,1
"n_500",236,196,0
"n_500",228,108,1
"n_500",188,148,0
"n_500",148,172,0
"n_500",84,388,0
"n_500",268,364,0
"n_500",180,188,0
"n_500",4,204,0
"n_500",356,396,0
"n_500",356,68,0
"n_500",308,44,0
"n_500",220,292,0
"n_500",348,204,0
"n_500",36,388,1
"n_500",84,300,1
"n_500",172,12,1
"n_500",228,236,0
"n_500",284,196,0
"n_500",188,180,0
"n_500",212,124,0
"n_500",388,268,0
"n_500",300,116,1
"n_500",380,20,0
"n_500",28,44,0
"n_500",4,52,0
"n_500",4,332,0
"n_500",340,212,0
"n_500",116,164,1
"n_500",204,236,0
"n_500",244,148,0
"n_500",316,172,0
"n_500",388,372,0
"n_500",44,340,1
"n_500",316,180,0
"n_500",92,284,0
"n_500",188,380,1
"n_500",188,68,0
"n_500",36,372,1
"n_500",332,76,0
"n_500",84,268,0
"n_500",4,156,1
"n_500",292,284,0
"n_500",364,20,1
"n_500",100,380,0
"n_500",364,252,0
"n_500",308,364,0
"n_500",44,364,1
"n_500",100,212,1
"n_500",20,52,0
"n_500",52,228,0
"n_500",148,36,1
"n_500",44,84,0
"n_500",164,364,0
"n_500",36,108,0
"n_500",132,228,0
"n_500",252,300,1
"n_500",36,244,0
"n_500",228,284,1
"n_500",140,116,0
"n_500",380,220,0
"n_500",140,76,1
"n_500",316,364,0
"n_500",156,308,0
"n_500",172,60,0
"n_500",364,180,1
"n_500",156,268,0
"n_500",308,148,1
"n_500",4,260,0
"n_500",100,300,1
"n_500",284,348,0
"n_500",372,132,0
"n_500",12,12,0
"n_500",244,268,0
"n_500",268,260,0
"n_500",260,244,0
"n_500",84,12,0
"n_500",316,292,0
"n_500",12,116,0
"n_500",132,364,0
"n_500",28,116,1
"n_500",308,68,0
"n_500",28,148,0
"n_500",228,148,0
"n_500",364,260,0
"n_500",340,60,1
"n_500",212,308,0
"n_500",132,132,0
"n_500",44,28,1
"n_500",316,380,1
"n_500",380,108,0
"n_500",172,156,0
"n_500",52,20,1
"n_500",28,348,0
"n_500",220,140,0
"n_500",396,324,0
"n_500",252,244,0
"n_500",396,36,0
"n_500",148,140,0
"n_500",204,4,1
"n_500",84,244,0
"n_500",156,356,0
"n_500",268,316,0
"n_500",20,356,1
"n_500",300,308,0
"n_500",20,340,1
"n_500",236,204,0
"n_500",300,228,0
"n_500",324,332,0
"n_500",188,220,0
"n_500",148,148,0
"n_500",172,68,0
"n_500",252,276,0
"n_500",316,252,0
"n_500",276,396,0
"n_500",92,28,0
"n_500",260,52,1
"n_500",100,44,1
"n_500",156,252,0
"n_500",108,284,0
"n_500",100,116,0
"n_500",36,260,0
"n_500",52,284,1
"n_500",180,268,0
"n_500",156,12,0
"n_500",252,204,0
"n_500",164,60,0
"n_500",268,132,1
"n_500",316,388,0
"n_500",244,84,0
"n_500",60,108,1
"n_500",132,20,1
"n_500",396,340,0
"n_500",244,380,1
"n_500",196,92,0
"n_500",52,236,0
"n_500",28,220,0
"n_500",156,188,0
"n_500",116,108,0
"n_500",156,124,0
"n_500",212,316,0
"n_500",20,116,1
"n_500",4,76,1
"n_500",68,164,1
"n_500",148,356,0
"n_500",212,156,0
"n_500",68,76,0
"n_500",372,324,0
"n_500",188,12,0
"n_500",356,156,1
"n_500",132,140,0
"n_500",28,292,1
"n_500",28,76,0
"n_500",220,68,0
"n_500",268,324,0
"n_500",260,124,1
"n_500",132,196,1
"n_500",308,188,0
"n_500",44,228,0
"n_500",156,76,0
"n_500",148,92,0
"n_500",108,356,1
"n_500",196,108,1
"n_500",44,188,0
"n_500",156,284,0
"n_500",276,68,1
"n_500",396,372,0
"n_500",196,220,0
"n_500",132,380,0
"n_500",292,108,0
"n_500",292,244,0
"n_500",92,132,0
"n_500",340,68,0
"n_500",28,164,1
"n_500",340,340,0
"n_500",36,76,0
"n_500",84,396,0
"n_500",44,308,1
"n_500",252,100,0
"n_500",172,212,0
"n_500",308,212,0
"n_500",348,236,0
"n_500",388,20,0
"n_500",348,212,0
"n_500",156,148,0
"n_500",276,12,1
"n_500",172,132,0
"n_500",388,12,0
"n_500",300,20,1
"n_500",356,332,0
"n_500",212,36,1
"n_500",36,364,1
"n_500",132,52,1
"n_500",52,36,1
"n_500",132,396,0
"n_500",252,180,0
"n_500",100,180,1
"n_500",324,92,1
"n_500",172,220,0
"n_500",244,60,1
"n_500",380,212,0
"n_500",180,28,0
"n_500",36,228,0
"n_500",276,204,0
"n_500",140,52,1
"n_500",108,348,1
"n_500",76,100,1
"n_500",228,12,1
"n_500",92,356,0
"n_500",348,348,0
"n_500",36,252,0
"n_500",292,268,0
"n_500",156,180,0
"n_500",68,292,1
"n_500",316,308,0
"n_500",284,164,0
"n_500",316,36,1
"n_500",140,156,1
"n_500",332,268,0
"n_500",172,244,0
"n_500",68,4,0
"n_500",36,100,0
"n_500",276,132,0
"n_500",36,340,1
"n_500",76,76,1
"n_500",196,132,1
"n_500",68,388,0
"n_500",76,372,0
"n_500",308,324,0
"n_500",268,124,1
"n_500",220,188,0
"n_500",356,308,0
"n_500",372,244,0
"n_500",252,68,1
"n_500",316,324,0
"n_500",60,332,0
"n_500",124,12,1
"n_500",28,132,0
"n_500",68,308,1
"n_500",172,348,0
"n_500",68,100,1
"n_500",284,84,1
"n_500",84,196,1
"n_500",364,52,1
"n_500",84,124,0
"n_500",124,60,1
"n_500",348,276,0
"n_500",68,284,0
"n_500",180,124,0
"n_500",12,124,0
"n_500",148,324,0
"n_500",292,36,0
"n_500",372,356,0
"n_500",228,196,0
"n_500",164,228,0
"n_500",268,52,1
"n_500",324,36,1
"n_500",372,204,0
"n_500",92,316,1
"n_500",52,124,1
"n_500",340,164,0
"n_500",76,212,0
"n_500",196,356,1
"n_500",212,300,1
"n_500",348,372,0
"n_500",316,356,0
"n_500",260,132,1
"n_500",332,356,0
"n_500",100,100,1
"n_500",228,4,1
"n_500",12,244,0
"n_500",204,20,0
"n_500",252,332,0
"n_500",180,396,0
"n_500",204,100,0
"n_500",276,292,0
"n_500",396,396,0
"n_500",388,212,0
"n_500",316,196,0
"n_500",292,60,0
"n_500",380,156,1
"n_500",380,92,0
"n_500",180,4,0
"n_500",164,236,0
"n_500",188,340,0
"n_500",252,260,0
"n_500",388,284,0
"n_500",108,132,0
"n_500",84,340,1
"n_500",12,236,0
"n_500",12,276,0
"n_500",44,244,0
"n_500",148,380,0
"n_500",340,380,0
"n_500",396,228,0
"n_500",108,68,0
"n_500",76,180,1
"n_500",276,388,0
"n_500",308,100,1
"n_500",196,156,0
"n_500",84,380,0
"n_500",28,340,1
"n_500",308,12,1
"n_500",140,172,1
"n_500",140,68,0
"n_500",332,244,0
"n_500",300,244,0
"n_500",12,388,1
"n_500",324,196,0
"n_500",100,364,1
"n_500",308,180,0
"n_500",148,164,0
"n_500",204,124,0
"n_500",76,388,0
"n_500",132,172,1
"n_500",316,164,0
"n_500",212,60,1
"n_500",20,364,0
"n_500",140,332,1
"n_500",60,364,1
"n_500",108,276,0
"n_500",308,276,0
"n_500",28,52,1
"n_500",292,68,1
"n_500",108,108,0
"n_500",268,340,1
"n_500",132,244,0
"n_500",324,20,1
"n_500",356,28,0
"n_500",236,100,0
"n_500",108,100,0
"n_500",292,396,0
"n_500",340,260,0
"n_500",324,4,1
"n_500",300,84,1
"n_500",348,84,1
"n_500",68,20,1
"n_500",372,180,1
"n_500",68,332,0
"n_500",108,4,0
"n_500",28,388,1
"n_500",300,340,1
"n_500",220,252,0
"n_500",348,292,0
"n_500",292,188,0
"n_500",20,324,0
"n_500",60,308,1
"n_500",116,156,1
"n_500",324,324,0
"n_500",140,124,0
"n_500",124,172,1
"n_500",140,84,0
"n_500",20,108,1
"n_500",28,244,0
"n_500",364,228,0
"n_500",164,148,0
"n_500",68,324,0
"n_500",108,372,1
"n_500",36,4,1
"n_500",44,356,1
"n_500",124,388,0
"n_500",84,276,0
"n_500",284,172,0
