"cell","p"
1,0.746828272895132
2,0.34513511226767
3,0.114683966556353
4,0.0545858927509157
5,0.048505744706003
6,0.0472458987982675
7,0.164913915914758
8,0.539235802437002
9,0.776116442913495
10,0.777189816965362
11,0.803812807765084
12,0.829831313026373
13,0.837766910525846
14,0.8693677388569
15,0.898799700075703
16,0.932379583832957
17,0.950516045317233
18,0.943804037458283
19,0.884499852771364
20,0.462524472728316
21,0.0775808091516419
22,0.0775077027803235
23,0.04561251007459
24,0.0163112838272411
25,0.0136251313642224
26,0.00666676011577228
27,0.0150217686212503
28,0.0493221835744985
29,0.0457625045010272
30,0.0479237248457542
31,0.044419735199362
32,0.053162823851425
33,0.141404139979547
34,0.321216677616526
35,0.350794903888236
36,0.317820479905053
37,0.331948378359879
38,0.261308689137881
39,0.196351806892332
40,0.230019721205686
41,0.465209531972907
42,0.634377602516441
43,0.705731442207416
44,0.843282049262263
45,0.928052480994242
46,0.921886814685252
47,0.933362603656289
48,0.937618102387638
49,0.71436526107719
50,0.269794876405291
51,0.817711529905595
52,0.371134126690874
53,0.151931561440625
54,0.0995058743414088
55,0.0764404559261763
56,0.0578058551774292
57,0.112340852653695
58,0.410011578027068
59,0.608891658743965
60,0.56983216924046
61,0.61807690715051
62,0.687989773769361
63,0.696417635103858
64,0.861235563991158
65,0.89493677642262
66,0.901904157994401
67,0.897903677809783
68,0.857191977952141
69,0.815787555155891
70,0.555091588939115
71,0.111681681568601
72,0.0466684213035358
73,0.0194109663060648
74,0.00816806970493291
75,0.0063978855792467
76,0.00906844474119261
77,0.0289380926340024
78,0.174593637166495
79,0.176306425217062
80,0.101659785267115
81,0.0469589396582924
82,0.0532380149701525
83,0.0923699735085274
84,0.190818958002508
85,0.338514813830684
86,0.418734868761396
87,0.422958919826051
88,0.372028229753945
89,0.204075164470881
90,0.229972276319484
91,0.440350163016526
92,0.611789625626436
93,0.722966738818144
94,0.804743452334341
95,0.838608138813956
96,0.849883879789494
97,0.920468879518757
98,0.918780871656021
99,0.649227375209612
100,0.382259197928138
101,0.934312407571187
102,0.714002336996985
103,0.58379744489784
104,0.397242374753503
105,0.182108762524271
106,0.129732775686792
107,0.227779602229856
108,0.415786888971678
109,0.50646657708613
110,0.359018458434917
111,0.303780619205724
112,0.295075528935762
113,0.413075174191219
114,0.652222244967652
115,0.8167583037721
116,0.888732443715523
117,0.795515684052253
118,0.708059207208217
119,0.584383102246493
120,0.388453168168663
121,0.13026348531827
122,0.0352122679271725
123,0.0123819930364114
124,0.0081146812113897
125,0.00596561995564112
126,0.0103060219135192
127,0.0487308701004675
128,0.198225310710326
129,0.228701122958794
130,0.153705529168583
131,0
132,0
133,0.155248495882048
134,0.29177121032702
135,0.48603601994694
136,0.498442039369782
137,0.461946997942275
138,0.361256229656321
139,0.24077792278736
140,0.375580397540848
141,0.492633207928735
142,0.634878725068864
143,0.826048646091598
144,0.822624315070877
145,0.824775758156486
146,0.909040219902864
147,0.941234421868164
148,0.919032871832517
149,0.70735481984877
150,0.512034541911783
151,0.969346312329956
152,0.915856249279223
153,0.912343774700428
154,0.751920102986631
155,0.388511904881453
156,0.262963555520767
157,0.46740550299241
158,0.591542244314398
159,0.411411783160385
160,0.346889951946646
161,0.233992293655353
162,0.108608882229078
163,0.152370275959343
164,0.381688603042276
165,0.58289715808384
166,0.642938745088668
167,0.509697039311178
168,0.455022482205863
169,0.202440366439103
170,0.0645436227263524
171,0.0418885839468022
172,0.0132928257646039
173,0.00551417130466013
174,0.00989342275266773
175,0.0171433953437561
176,0.0276205370561266
177,0.0866498663434604
178,0.194398356803091
179,0.264623147319457
180,0.152398733914273
181,0
182,0
183,0.0650305119379351
184,0.256019513893916
185,0.560472656640559
186,0.661306858290058
187,0.564348626384306
188,0.490385583355637
189,0.353298735797249
190,0.435018815452384
191,0.556961088664413
192,0.747803248036819
193,0.903391133144577
194,0.894426999153524
195,0.914530728965124
196,0.951139117725784
197,0.958782288342834
198,0.911295811524128
199,0.851070490061272
200,0.740281987165335
201,0.963483469639132
202,0.928207899951101
203,0.898370671093953
204,0.836770120731874
205,0.568158724336654
206,0.474951762536636
207,0.658469950973331
208,0.679694517644508
209,0.355716046740135
210,0.194849241619233
211,0.104081530698852
212,0.063751455961353
213,0.106625598081565
214,0.246534046450815
215,0.484557310423682
216,0.430165824169266
217,0.37465423696855
218,0.291658057833661
219,0.147145147579592
220,0.0423529276962946
221,0.0160812898420701
222,0.00570394421393133
223,0.00449657870854424
224,0.00870496458859745
225,0.0342289540962416
226,0.0609291443481485
227,0.108506143873726
228,0.0907721920046516
229,0.0886154254227552
230,0.125670017057437
231,0.0484977411797794
232,0
233,0
234,0.187092371832884
235,0.443832045451241
236,0.717579841870392
237,0.760130306314602
238,0.805141687959482
239,0.732910964122248
240,0.711197039948231
241,0.806472228998303
242,0.905043509104038
243,0.958755456866307
244,0.962268029693789
245,0.972323117992566
246,0.966652956967653
247,0.971276742441426
248,0.926375616074434
249,0.924269848389178
250,0.896043341304179
251,0.969691140646153
252,0.935450548845903
253,0.87942449001512
254,0.844407480560622
255,0.782981404266021
256,0.808157826624484
257,0.874324378014212
258,0.820537675716675
259,0.442539569005061
260,0.16523345378218
261,0.0830984750696957
262,0.0530922389423603
263,0.0783893761504461
264,0.126207304798281
265,0.35043757835766
266,0.42446886661747
267,0.475220740397829
268,0.360144963728099
269,0.164567621667332
270,0.0571128002737557
271,0.014924366513385
272,0.0101727639070641
273,0.0127951047935014
274,0.0124525573313332
275,0.0318209636562484
276,0.0432098875753029
277,0.0425745345643505
278,0.0345056242974963
279,0.0646494692039443
280,0.11991277231097
281,0.0726179214825287
282,0.0280193340139724
283,0.0435891883480191
284,0.106826592666493
285,0.345598771415861
286,0.813921331663952
287,0.914077089671471
288,0.922138278952607
289,0.857708294383636
290,0.796522955542053
291,0.868595811008441
292,0.895424672011496
293,0.937326083628682
294,0.945384731215126
295,0.951861061177636
296,0.958861700442279
297,0.954289737284664
298,0.931599338093871
299,0.909587933652679
300,0.917968488391859
301,0.943880358063119
302,0.873492803625718
303,0.808951830576375
304,0.804318303249285
305,0.886388294746867
306,0.923206814350705
307,0.932394469565648
308,0.804004993290722
309,0.45999944058352
310,0.224149413334607
311,0.15049845669414
312,0.103819431246319
313,0.132553506567928
314,0.222772316055165
315,0.379559034909066
316,0.577229936508482
317,0.613009330368665
318,0.307409194261479
319,0.183071625787803
320,0.080920108948752
321,0.0450816811854848
322,0.0452042560866651
323,0.0514777438500529
324,0.0444510403905046
325,0.0415989284253879
326,0.0333857493240866
327,0.0282579074648551
328,0.0494828340647927
329,0.110476205551227
330,0.255787924185246
331,0.172711544557393
332,0.0755597159100903
333,0.0833050486411091
334,0.142603006332937
335,0.490467340222087
336,0.874842706733432
337,0.944843212933403
338,0.963050384840651
339,0.931588840601661
340,0.888025901413385
341,0.844359597435361
342,0.874327299318502
343,0.863332211044121
344,0.886890316652266
345,0.922860238262825
346,0.931393221737757
347,0.944033158517621
348,0.882715233256276
349,0
350,0
351,0.798728123183376
352,0.684199984023039
353,0.702783242974257
354,0.647069895179966
355,0.817501362200495
356,0.899598517318227
357,0.880659081252636
358,0.697837384344347
359,0.399090363081575
360,0.226403287710584
361,0.231559358052517
362,0.239677888366013
363,0.308845874231562
364,0.500608573785917
365,0.588772846051225
366,0.607896237464354
367,0.515380265512691
368,0.241905376935858
369,0.158762163397646
370,0.14406626946317
371,0.19536982073314
372,0.258807894435227
373,0.389434538346526
374,0.190260934841758
375,0.0688168593390168
376,0.0389483397501941
377,0.0502484248982745
378,0.120450596817878
379,0.219657731285249
380,0.381533236591695
381,0.370769003662937
382,0.219737005580893
383,0.189763471148967
384,0.327279383594446
385,0.636607423479783
386,0.892605443156577
387,0.953962338573572
388,0.975364536596596
389,0.964989870056162
390,0.856496399896341
391,0.692496129894991
392,0.716767281488656
393,0.710658929552543
394,0.85144712854477
395,0.947610347855603
396,0.941677728975044
397,0.953305224318518
398,0
399,0
400,0
401,0.636700064142713
402,0.530207123324435
403,0.466547787212853
404,0.506557269858092
405,0.600150305748115
406,0.684046270705851
407,0.73755315237312
408,0.523838810317736
409,0.416848816154077
410,0.377041211012007
411,0.370487066085739
412,0.579516192123453
413,0.663874453278682
414,0.707210101759375
415,0.749208102686516
416,0.686378101358449
417,0
418,0.386810809737209
419,0.263996329943704
420,0.3336837968689
421,0.638468644471058
422,0.808278633766316
423,0.831544245637846
424,0.523451222073337
425,0.16627352586884
426,0.101917146896672
427,0.109049501884965
428,0.158393350790531
429,0.426635992430941
430,0.496473054326917
431,0.420922270419472
432,0.490476274248635
433,0.617825333147628
434,0.726723530143563
435,0
436,0
437,0.935463404699447
438,0.982866060705393
439,0.982219434178042
440,0.906290809332042
441,0.642631740689303
442,0.434475752958932
443,0.588102623227517
444,0.907795517412838
445,0.968639845178714
446,0.936153375894271
447,0
448,0
449,0
450,0
451,0.482513303784348
452,0.283229766816763
453,0.217170386214353
454,0.363554150268746
455,0.512163544742234
456,0.612978618159724
457,0.604848023361602
458,0.425832040411456
459,0.343673466206711
460,0.405671640837347
461,0.57463958413654
462,0.720796960363856
463,0.802977316060523
464,0.858869146464798
465,0.866096716886168
466,0
467,0
468,0
469,0
470,0.830719577414965
471,0.915043197885518
472,0.933438688360503
473,0.933840694829649
474,0.821158023055323
475,0.572606163594133
476,0.364252096980336
477,0.357065986094519
478,0.398231488594979
479,0.432598459599349
480,0.463188023612994
481,0.504560643134595
482,0.743736130602183
483,0.929099021373821
484,0
485,0
486,0
487,0.963580600634181
488,0.993185846828983
489,0.988651110690697
490,0.95063136003179
491,0.658838626259829
492,0.436852325528689
493,0.727011745354983
494,0.941384627605386
495,0.977651975912189
496,0.969162892119648
497,0
498,0
499,0
500,0
501,0.316926524505842
502,0.102103395449465
503,0.16116417202462
504,0.300774859487799
505,0.469370692044134
506,0.697848665771255
507,0.476270970537364
508,0.258999382797486
509,0.188570044048248
510,0.231671154583155
511,0.342227704484495
512,0.535475996518322
513,0.810667082615979
514,0.89084140439132
515,0
516,0
517,0
518,0
519,0
520,0.970314590319209
521,0.962017917110058
522,0.9664462996981
523,0.978674584277117
524,0.975788407261041
525,0.957195817538001
526,0.91959172168729
527,0.812097026801614
528,0.638409207191513
529,0.58564225885239
530,0.578146370374866
531,0.51175185814977
532,0.726640718784121
533,0.930090416465639
534,0
535,0
536,0
537,0.978673240330353
538,0.990588318379802
539,0.98321286838684
540,0.946258955225058
541,0.787928259323469
542,0.671545471915769
543,0.845892532423389
544,0.954305988194378
545,0.966552989632395
546,0.96082841514429
547,0.97024449512636
548,0
549,0
550,0
551,0.230211533402625
552,0.101172435246619
553,0.196146813274054
554,0.395051521906474
555,0.526114869715547
556,0.579218291746851
557,0.422724138024885
558,0.247507350627252
559,0.142037197785489
560,0.0966662620485195
561,0.138455384321214
562,0.287366263681669
563,0.557356203374994
564,0.732541436614464
565,0
566,0
567,0
568,0
569,0
570,0.982146393007159
571,0.987088731537585
572,0.992869681027656
573,0.996065615865727
574,0.99636563536495
575,0.997422878141421
576,0.994313937373695
577,0.96247257139278
578,0.893362665999743
579,0.829695259622251
580,0.812476457233117
581,0.852869480282798
582,0.862482511116142
583,0.934260812806937
584,0
585,0
586,0
587,0.983121902772191
588,0.98268813309761
589,0.986842150903686
590,0.970652700754369
591,0.922821517593868
592,0.865648384860623
593,0.914808950139857
594,0.936421376676693
595,0.933572569542745
596,0.971032515010465
597,0.982299963421149
598,0
599,0
600,0
601,0.3221284996996
602,0.143965338443614
603,0.273336448990571
604,0.634004105493201
605,0.611512242278418
606,0.60577477196407
607,0.362303073589102
608,0.195957240848889
609,0.112148461099519
610,0.0861946350152165
611,0.0778782334761739
612,0.131320403525091
613,0.342262193160818
614,0.504531613606952
615,0
616,0
617,0
618,0.91066578589686
619,0.943741471030883
620,0.979696044700027
621,0.989347826256284
622,0.995608197764115
623,0.998428206365672
624,0.998855061553552
625,0.999373623653147
626,0.998814168245664
627,0.99248041255999
628,0.952659316429255
629,0.914527103952039
630,0.930596042799863
631,0.964374498899739
632,0.968149520036014
633,0.953177174357368
634,0
635,0
636,0
637,0.956070316056725
638,0.953585729655201
639,0.973072323538349
640,0.977304811387088
641,0.946781627196089
642,0.931650471664935
643,0.952445280214973
644,0.96684119848791
645,0.982522875101403
646,0.989954181689381
647,0.992253896252474
648,0
649,0
650,0
651,0.601632613779784
652,0.55230937539015
653,0.695171947218527
654,0.743952785450379
655,0.617949230875136
656,0.568946714230556
657,0.294974357447176
658,0.138420067051334
659,0.0977546287701675
660,0.0750027110378752
661,0.050694313357895
662,0.0611059537942948
663,0.165624872010047
664,0
665,0
666,0
667,0
668,0.933993557488843
669,0.955577473509196
670,0.966757069433489
671,0.984471441522099
672,0.995699346516036
673,0.998933391879133
674,0.999365106559718
675,0.999482921274463
676,0.999554162568122
677,0.998509833542824
678,0.98873405759362
679,0.973400201905146
680,0.974494752225448
681,0.977691240740111
682,0.984678029849641
683,0
684,0
685,0
686,0
687,0.883302822007237
688,0.873583661988919
689,0.943340188873766
690,0.956073414743157
691,0.916873654004483
692,0.943818399127817
693,0.959706342213203
694,0.988434213503369
695,0.997437371036544
696,0.996932650199726
697,0.995635008055361
698,0
699,0
700,0
701,0.805128388529448
702,0.80154696529492
703,0.826369716708616
704,0.764969949997287
705,0.540695012099413
706,0.540512040343157
707,0.32410213882129
708,0.111383481254479
709,0.0816494446953803
710,0.0432570577546818
711,0.0273654511406842
712,0.0383374884805808
713,0.0842624996557392
714,0
715,0
716,0
717,0
718,0.897992436305378
719,0.92470943853905
720,0.920459006521133
721,0.978338356002805
722,0.997080915458651
723,0.998972731755373
724,0.999066094639222
725,0.998620391587797
726,0.999133823318973
727,0.99915441598341
728,0.996457278926772
729,0.992414659893699
730,0
731,0
732,0
733,0
734,0
735,0
736,0
737,0.773957628920498
738,0.744610687575817
739,0.848472400916276
740,0.867700374466473
741,0.855348850181845
742,0.896390420368528
743,0.957293778672176
744,0.990352646425966
745,0.997218117853543
746,0.997396649613577
747,0.995957558472758
748,0
749,0
750,0
751,0.848908458770874
752,0.850527958971976
753,0.864987609245813
754,0.798299339972076
755,0.603528997606887
756,0.597683129092509
757,0.651153229050366
758,0.353978010116045
759,0.21299867596398
760,0.0492649471194153
761,0.0275813445122575
762,0.0521366022343713
763,0
764,0
765,0
766,0
767,0
768,0
769,0.821814002742983
770,0.874550855842136
771,0.981567693520218
772,0.996666359323002
773,0.998569456675974
774,0.998016694604931
775,0.996461023567322
776,0.998423657839647
777,0.99883118309047
778,0
779,0
780,0
781,0
782,0
783,0
784,0
785,0
786,0
787,0.878605680498626
788,0.800112157055142
789,0.769189826814279
790,0.749160836461046
791,0.834127439243292
792,0.80705908581646
793,0.855443468761034
794,0.956317932909433
795,0.990850604728123
796,0
797,0
798,0
799,0
800,0
801,0.810769116033958
802,0.820632147371908
803,0.902092349646891
804,0.79937105932084
805,0.629761437147923
806,0.711946602882557
807,0.831712915428742
808,0.709251803772449
809,0.394579097609055
810,0.198245355923401
811,0.129362493151679
812,0
813,0
814,0
815,0
816,0
817,0
818,0
819,0.76307367757049
820,0.860044053262656
821,0.981536673450922
822,0.995849680022017
823,0.997180508921928
824,0.997417895425746
825,0.996513531837612
826,0.997547437857148
827,0
828,0
829,0
830,0
831,0
832,0
833,0
834,0
835,0
836,0
837,0
838,0.793483208455821
839,0.56675742505731
840,0.606844638867449
841,0.645767568166494
842,0.639297135104358
843,0.622631229728608
844,0.830287692130734
845,0
846,0
847,0
848,0
849,0
850,0
851,0.81111962609781
852,0.780687193654912
853,0.874642992553289
854,0.85601404308377
855,0.767612127581622
856,0.785357773179344
857,0.837360741785397
858,0.790415637488756
859,0.501863873740356
860,0.390852840123947
861,0.342903374244693
862,0
863,0
864,0
865,0
866,0
867,0
868,0
869,0.625585232792351
870,0.862412085191484
871,0.982278784835185
872,0.996264561983508
873,0.998129156247629
874,0.998452431531968
875,0.997641755628935
876,0
877,0
878,0
879,0
880,0
881,0
882,0
883,0
884,0
885,0
886,0
887,0
888,0
889,0.362231187770028
890,0.29578462021438
891,0.405856398468907
892,0.487748086740062
893,0.481677728633825
894,0.721437025210499
895,0
896,0
897,0
898,0
899,0
900,0
901,0.82067196720843
902,0.669752234020793
903,0.682785444167458
904,0.708805285066829
905,0.723871527173862
906,0.739930866091152
907,0.714720940648559
908,0.669678595112018
909,0.412321331249027
910,0.392892058394257
911,0.446336692906067
912,0
913,0
914,0
915,0
916,0
917,0
918,0
919,0.356660062454042
920,0.753074694278347
921,0
922,0
923,0.998222119577641
924,0
925,0
926,0
927,0
928,0
929,0
930,0
931,0
932,0
933,0
934,0
935,0
936,0
937,0
938,0
939,0
940,0.275281402431513
941,0.290079108310025
942,0.336725702299354
943,0.370862799007099
944,0.510116693797779
945,0
946,0
947,0
948,0
949,0
950,0
951,0.508135108904548
952,0.301680354008615
953,0.307466464552994
954,0.347720892921897
955,0.348601513541224
956,0.338389121109505
957,0.369433915611501
958,0.272668238879312
959,0.192530840190157
960,0.221201481443736
961,0.384420744494447
962,0
963,0
964,0
965,0
966,0
967,0
968,0
969,0
970,0
971,0
972,0
973,0
974,0
975,0
976,0
977,0
978,0
979,0
980,0
981,0
982,0
983,0
984,0
985,0
986,0
987,0
988,0
989,0
990,0.433175995596457
991,0.23347976877414
992,0.183103006908651
993,0.199397595279644
994,0.360892059328869
995,0
996,0
997,0
998,0
999,0
1000,0
1001,0.198290503594307
1002,0.158086885424421
1003,0.135544803543719
1004,0.130455112279198
1005,0.0972827244572537
1006,0.0745968953935794
1007,0.0853920952698832
1008,0.135342915440399
1009,0.155297311793578
1010,0.141661974730789
1011,0.219665180998978
1012,0.272542293558631
1013,0
1014,0
1015,0
1016,0
1017,0
1018,0
1019,0
1020,0
1021,0
1022,0
1023,0
1024,0
1025,0
1026,0
1027,0
1028,0
1029,0
1030,0
1031,0
1032,0
1033,0
1034,0
1035,0
1036,0
1037,0
1038,0
1039,0.44252535530629
1040,0.387633058006444
1041,0
1042,0.16157252141078
1043,0.193108363403407
1044,0.232177333288138
1045,0.361431745712039
1046,0
1047,0
1048,0
1049,0
1050,0
1051,0.0370093431222533
1052,0.0465174712748905
1053,0.0912007526393505
1054,0.085907709746283
1055,0.0436067727464443
1056,0.0205858191308008
1057,0.0169456116421183
1058,0.0701505920766999
1059,0.169221467197208
1060,0.158936012198704
1061,0.160258139799269
1062,0.143767387771177
1063,0.173111753880051
1064,0.276415829712957
1065,0.314376323875138
1066,0.224061945039246
1067,0.0752512544649843
1068,0
1069,0
1070,0
1071,0
1072,0
1073,0
1074,0
1075,0
1076,0
1077,0
1078,0
1079,0
1080,0
1081,0
1082,0
1083,0
1084,0
1085,0
1086,0
1087,0.660683830574679
1088,0.469531648032137
1089,0.271497785180389
1090,0.281516725908058
1091,0.289603267143822
1092,0.224772519412439
1093,0.184775827623181
1094,0.13529482747055
1095,0.208524559203093
1096,0
1097,0
1098,0
1099,0
1100,0
1101,0.034812705054956
1102,0.0543500709293154
1103,0.102387798859402
1104,0.107694790460279
1105,0.0422312497621958
1106,0.0181164959228556
1107,0.0131126457986826
1108,0.0526276310653891
1109,0.114842701331909
1110,0.130707012789028
1111,0.123110863667645
1112,0.07463994802977
1113,0.171241371250778
1114,0.340823384437416
1115,0.298392866972108
1116,0.209101540319158
1117,0.134966750443577
1118,0
1119,0
1120,0
1121,0
1122,0
1123,0
1124,0
1125,0
1126,0
1127,0
1128,0
1129,0
1130,0
1131,0
1132,0
1133,0
1134,0
1135,0.778998785918526
1136,0.633100962172558
1137,0.536229120897958
1138,0.306381215545442
1139,0.230628527166785
1140,0.329170335989637
1141,0
1142,0
1143,0.250177245229673
1144,0.193497510752356
1145,0.15908104439773
1146,0.174073599772907
1147,0
1148,0
1149,0
1150,0
1151,0.172685794934804
1152,0.206281920127406
1153,0.107379782031937
1154,0.137837704667732
1155,0.101178102297516
1156,0.0401379219464062
1157,0.0332301511342418
1158,0.0404001300410993
1159,0.0427355932679636
1160,0.063814599162038
1161,0.111399679320715
1162,0.139775521238988
1163,0.286928117541869
1164,0.399556554621311
1165,0.28296525981746
1166,0.195466260235159
1167,0.225704944961986
1168,0.401880952460134
1169,0
1170,0
1171,0
1172,0
1173,0
1174,0
1175,0
1176,0
1177,0
1178,0
1179,0
1180,0
1181,0
1182,0
1183,0
1184,0.824807047339759
1185,0.6857597508543
1186,0.495061307778342
1187,0.434571175131779
1188,0.300285248739809
1189,0.374029352116968
1190,0.4094639855859
1191,0
1192,0
1193,0.354874378552008
1194,0.255486986390766
1195,0.155705411123884
1196,0.112324631054224
1197,0.159169992053471
1198,0.400330853040132
1199,0.502031351019855
1200,0
1201,0.645966632159664
1202,0.480117497492564
1203,0.240543881818755
1204,0.219783203460625
1205,0.177352111960887
1206,0.0667079656494769
1207,0.0323108907201416
1208,0.0427263289413543
1209,0.0530573368845154
1210,0.112535151624434
1211,0.234162925735258
1212,0.270251270737462
1213,0.339824066988244
1214,0.260202798632724
1215,0.183389129601479
1216,0.266677153559063
1217,0.400754661577091
1218,0.604266242274488
1219,0.796262168206877
1220,0
1221,0
1222,0
1223,0
1224,0
1225,0
1226,0
1227,0
1228,0
1229,0
1230,0
1231,0
1232,0
1233,0.867874886131143
1234,0.77306373367514
1235,0.656391825256835
1236,0.667102660646612
1237,0.57627255814178
1238,0.469928052538246
1239,0.532194132147585
1240,0.458022775318037
1241,0.305819149483405
1242,0.346789841842549
1243,0.4568807164938
1244,0.351609405666271
1245,0.167921314779841
1246,0.119416357091295
1247,0.133791602869487
1248,0.274596359600541
1249,0.360997609264774
1250,0.423637529652729
1251,0.758838821754032
1252,0.690229471589339
1253,0.638409225026226
1254,0.547133920137814
1255,0.386905935499774
1256,0.227716289045154
1257,0.102804140838169
1258,0.137442868541542
1259,0.16785042445967
1260,0.25738159439399
1261,0.372222251923043
1262,0.302539407849525
1263,0.208397892853657
1264,0.242285338921585
1265,0.255377586645581
1266,0.384118835391
1267,0.570908072238115
1268,0.656369554749787
1269,0.759181155558681
1270,0
1271,0
1272,0
1273,0
1274,0
1275,0
1276,0
1277,0
1278,0
1279,0
1280,0
1281,0
1282,0
1283,0
1284,0
1285,0.641017519339054
1286,0.714821199404005
1287,0
1288,0.542909549798457
1289,0.462719270624678
1290,0.380094729917673
1291,0.184258109278635
1292,0.253485005622689
1293,0.539826513521836
1294,0.63400704111865
1295,0.32982742651358
1296,0.200337447702784
1297,0.152889074942682
1298,0.130648157241797
1299,0.182464332161799
1300,0.268437156866963
1301,0.841579289277645
1302,0.887876657106807
1303,0.852046748789135
1304,0.82982075480873
1305,0.686198305114712
1306,0.493805929239009
1307,0.37463146389193
1308,0.464002544258991
1309,0.56634140706824
1310,0.568776978836497
1311,0.618170721328701
1312,0.403909077880955
1313,0.238008660294446
1314,0.307868703725271
1315,0.414211559102261
1316,0.557947306135135
1317,0.749654530613931
1318,0.674595522123101
1319,0
1320,0
1321,0
1322,0
1323,0
1324,0
1325,0
1326,0
1327,0
1328,0
1329,0
1330,0
1331,0
1332,0
1333,0
1334,0
1335,0
1336,0
1337,0.419597914486655
1338,0.393768526068004
1339,0.232364653835212
1340,0.168910381462728
1341,0.117351647501859
1342,0.192082463070688
1343,0.465741744202046
1344,0.70743238754602
1345,0.417177957661434
1346,0.246043211116089
1347,0.111366894888192
1348,0.0737859961565186
1349,0.124744196588736
1350,0.157022975652965
1351,0.917164388474106
1352,0.955920686298277
1353,0.928265412476819
1354,0.894998946113512
1355,0.80646937202094
1356,0.443016832916286
1357,0.472040067408385
1358,0.677745611846299
1359,0.849387751521967
1360,0.837267333774005
1361,0.620617833794515
1362,0.198738828536906
1363,0.217866897208349
1364,0.451495539690126
1365,0.643383525773708
1366,0.733353807155625
1367,0.808414763611149
1368,0.65329515961681
1369,0
1370,0
1371,0
1372,0
1373,0
1374,0
1375,0
1376,0
1377,0
1378,0
1379,0
1380,0
1381,0
1382,0
1383,0
1384,0
1385,0
1386,0.233641795801577
1387,0.109072254627222
1388,0.0644637781353991
1389,0.0382424480014065
1390,0.0462497628173994
1391,0.0534625525700564
1392,0.109381778580754
1393,0.349522740393369
1394,0.524479200229516
1395,0.397145154520666
1396,0.236772383277994
1397,0.104014986705967
1398,0.136635256543371
1399,0.134972078842556
1400,0.115816981998596
1401,0.956057579961906
1402,0.965928965348386
1403,0.941461516249941
1404,0.875219659954089
1405,0.802214653671978
1406,0.558785896656732
1407,0.442852569938358
1408,0.76362742736262
1409,0.916461203652362
1410,0.817668620414132
1411,0.411545387407983
1412,0.0848432552252512
1413,0.125463893171842
1414,0.403646978141703
1415,0.664222342562046
1416,0.749701943793459
1417,0.80153831616516
1418,0
1419,0
1420,0
1421,0
1422,0
1423,0
1424,0
1425,0
1426,0
1427,0
1428,0
1429,0
1430,0
1431,0
1432,0
1433,0
1434,0
1435,0
1436,0.141754657954355
1437,0.0547575329079728
1438,0.0216316152343267
1439,0.0312069000104226
1440,0.0307111959404931
1441,0.0148752547638496
1442,0.0417929247137431
1443,0.219275850958587
1444,0.237758810829429
1445,0.163074561361511
1446,0.177193347213999
1447,0.223330897432469
1448,0.247771406728257
1449,0.253434011939457
1450,0.146806578308886
1451,0.968778613539325
1452,0.940477551581729
1453,0.901972519465336
1454,0.851151980001794
1455,0.729083212190891
1456,0.653968353015964
1457,0.535888019292226
1458,0.758913317600007
1459,0.870952790427833
1460,0.793454364782073
1461,0.477298139834957
1462,0.162557648453491
1463,0.216804249243155
1464,0.443749573674569
1465,0.653528360784266
1466,0.655848805392754
1467,0
1468,0
1469,0
1470,0
1471,0
1472,0
1473,0
1474,0
1475,0
1476,0
1477,0
1478,0
1479,0
1480,0
1481,0
1482,0
1483,0
1484,0
1485,0
1486,0.0838868922485254
1487,0.0605961519016286
1488,0.0459516632213013
1489,0.038708889388671
1490,0.023328259368537
1491,0.0223115475312364
1492,0.0387897594178335
1493,0.133118668965231
1494,0.137253747592712
1495,0.0800892493218561
1496,0.167651585451663
1497,0.361718041350001
1498,0.350361658056264
1499,0.390239220311954
1500,0.219106178995616
1501,0.978549870648152
1502,0.923763698004618
1503,0.891532683766955
1504,0.824261801967355
1505,0.713944372683909
1506,0.753358389231998
1507,0.710627622201853
1508,0.81519598432626
1509,0.801085160931372
1510,0.734972514426151
1511,0.588530888816439
1512,0.43071243812301
1513,0.529469281529754
1514,0.644352749725361
1515,0.728169516036752
1516,0.797748531748654
1517,0
1518,0
1519,0
1520,0
1521,0
1522,0
1523,0
1524,0
1525,0
1526,0
1527,0
1528,0
1529,0
1530,0
1531,0
1532,0
1533,0
1534,0
1535,0.0244633042511854
1536,0.053000653551187
1537,0.0556777280241441
1538,0.0806784484164283
1539,0.0688850269817469
1540,0.0478757365193866
1541,0.037606667235902
1542,0.0627207715605021
1543,0.193333578576076
1544,0.200341855818323
1545,0.145749269018846
1546,0.24131603260742
1547,0.412362486767771
1548,0.44029717720851
1549,0.330109053513704
1550,0.201189874490421
1551,0.978746322812507
1552,0.959917496325951
1553,0.931375111889803
1554,0.862629658933204
1555,0.843653449609023
1556,0.881479673425401
1557,0.895573523782888
1558,0.888864150567627
1559,0.832794615866407
1560,0.714405893820945
1561,0.727786126955835
1562,0.829307019174844
1563,0.839660681832605
1564,0.788733626591591
1565,0.829862293992245
1566,0.921880677847076
1567,0
1568,0
1569,0
1570,0
1571,0
1572,0
1573,0
1574,0
1575,0
1576,0
1577,0
1578,0
1579,0
1580,0
1581,0
1582,0
1583,0
1584,0.0150104746853325
1585,0.0134114424799992
1586,0.0216314915197826
1587,0.0440074940963599
1588,0.0922488472086574
1589,0.209295304530865
1590,0.297371335847077
1591,0.197845945646829
1592,0.182559467896729
1593,0.210034203425737
1594,0.212299687937493
1595,0.188955682734251
1596,0.301476989871437
1597,0.457594564292563
1598,0.466946807408669
1599,0.306331166015502
1600,0.237515012744491
1601,0.980307109978526
1602,0.974871450793022
1603,0.966119354819063
1604,0.917909677439729
1605,0.920403239034226
1606,0.952159261989803
1607,0.941552908168586
1608,0.91434050600871
1609,0.829621280929469
1610,0.77731381554075
1611,0.845577934840581
1612,0.95702277166315
1613,0.940604788051442
1614,0.8567478513984
1615,0.916616767984081
1616,0.967660186193039
1617,0.942292408201648
1618,0
1619,0
1620,0
1621,0
1622,0
1623,0
1624,0
1625,0
1626,0
1627,0
1628,0
1629,0
1630,0
1631,0
1632,0
1633,0.00638119168957476
1634,0.00631081080694841
1635,0.0105555636588234
1636,0.0188425614231204
1637,0.0355485901160626
1638,0.111600214513666
1639,0.246190398920962
1640,0.362327002664116
1641,0.317417220648346
1642,0.412886847609956
1643,0.373067278677499
1644,0.349190385418451
1645,0.280285819011871
1646,0.279752851877894
1647,0.310043805541353
1648,0.335688641890603
1649,0.250601490363667
1650,0.187273781552029
1651,0.978180598579261
1652,0.984165331673184
1653,0.967040186475067
1654,0.933136509684211
1655,0.929163860912587
1656,0.963863602864041
1657,0.951778082422989
1658,0.936612958378205
1659,0.81208664865082
1660,0.767684754036772
1661,0.793171264468797
1662,0.823702125534106
1663,0.867550346367891
1664,0.851566510915789
1665,0.950206536712434
1666,0.966713496172491
1667,0.878729845785598
1668,0
1669,0
1670,0
1671,0
1672,0
1673,0
1674,0
1675,0
1676,0
1677,0
1678,0
1679,0
1680,0
1681,0
1682,0
1683,0.00437251314516649
1684,0.00543313140284072
1685,0.00796758934366259
1686,0.00777316053929227
1687,0.0126713792528147
1688,0.0861455691626997
1689,0.154464788797736
1690,0.259162016085087
1691,0.35414046027874
1692,0.421711742436083
1693,0.474163349480561
1694,0.478393232673407
1695,0.317794551873686
1696,0.231594319440697
1697,0.252240091502459
1698,0.238043584346642
1699,0.191138063582326
1700,0
1701,0.987619959698298
1702,0.988808948361162
1703,0.970181310382595
1704,0.937602341616656
1705,0.918972315065076
1706,0.931462756343886
1707,0.914049662929968
1708,0.908707130155486
1709,0.803897887762878
1710,0.762995509586156
1711,0.598113679457347
1712,0.530200493690232
1713,0.580459623900039
1714,0.653262808619762
1715,0.890087939459203
1716,0.899053243330044
1717,0.713144043476651
1718,0.600131301659626
1719,0
1720,0
1721,0
1722,0
1723,0
1724,0
1725,0
1726,0
1727,0
1728,0
1729,0
1730,0
1731,0
1732,0
1733,0.00374914884652701
1734,0
1735,0.00185630735279612
1736,0.00231783637740872
1737,0.00719619028315314
1738,0.0341665898316652
1739,0.075348284913955
1740,0.186286239463999
1741,0.21948609258492
1742,0.172324225171576
1743,0.271516074779538
1744,0.256660216322513
1745,0.233658709874111
1746,0.115112377400928
1747,0.0698606098554659
1748,0
1749,0
1750,0
1751,0.984385974942913
1752,0.986537636597076
1753,0.939805599008152
1754,0.845933990295633
1755,0.776485288103904
1756,0.783901215370112
1757,0.771646352872465
1758,0.767405966336387
1759,0.727381308092652
1760,0.773607014323641
1761,0.482395347680653
1762,0.305932215683869
1763,0.348925790651716
1764,0.427489942563571
1765,0.637592611452208
1766,0.672559499685762
1767,0.490843611933295
1768,0.488913115472685
1769,0.686285689452635
1770,0
1771,0
1772,0
1773,0
1774,0
1775,0
1776,0
1777,0
1778,0
1779,0
1780,0
1781,0
1782,0
1783,0.004545534316344
1784,0.00177815250145086
1785,0.0011114540154293
1786,0.000939822113513524
1787,0.00211999432180969
1788,0.00618942650660744
1789,0.0191195876344474
1790,0.0564657234352647
1791,0.0716253369046104
1792,0.0583710106089859
1793,0.0761464051805674
1794,0.09099437908395
1795,0.0789172519959769
1796,0.055603775195077
1797,0.0306440573674109
1798,0
1799,0
1800,0.0271797126937465
1801,0.969110795765643
1802,0.943632685835071
1803,0.885200681970758
1804,0.677345448740096
1805,0.514848633790953
1806,0.404231766224097
1807,0.442840787895048
1808,0.489869751324077
1809,0.52691408665884
1810,0.584308244881227
1811,0.44141506092987
1812,0.36254069075628
1813,0.509882314549186
1814,0.500431307130358
1815,0.528802766381099
1816,0.450507574924638
1817,0.313732356834222
1818,0.561555880115015
1819,0.735756730401097
1820,0
1821,0
1822,0
1823,0
1824,0
1825,0
1826,0
1827,0
1828,0
1829,0
1830,0
1831,0
1832,0
1833,0.00350811824174716
1834,0.00242812671212664
1835,0.000467843299693057
1836,0.00054815874142082
1837,0.00114968263830184
1838,0.00208824662530056
1839,0.00642204040679613
1840,0.0305938937915506
1841,0.0501411448861051
1842,0.0731118908866197
1843,0.0679133377509496
1844,0.0440945168177278
1845,0.0241071838338969
1846,0.0190015961917301
1847,0.0283183821555348
1848,0.0495695386736302
1849,0.0718754205434273
1850,0.044836989192383
1851,0.97229614672431
1852,0.951474159412686
1853,0.894549093636983
1854,0.748075267207941
1855,0.614877869036271
1856,0.327298872176819
1857,0.292920334646681
1858,0.378259210185573
1859,0.432145131652985
1860,0.504721002633528
1861,0.458623726985759
1862,0.512502325973259
1863,0.688408033975231
1864,0.742340450965721
1865,0.65789472912302
1866,0.445249434013657
1867,0.400465624531878
1868,0.665982788789136
1869,0.851028354654923
1870,0
1871,0
1872,0
1873,0
1874,0
1875,0
1876,0
1877,0
1878,0
1879,0
1880,0
1881,0
1882,0.00184622966873291
1883,0.00238305171743702
1884,0.0022352114030671
1885,0.0007094955688259
1886,0.00059586605196628
1887,0.00102127451334899
1888,0.00095024899641252
1889,0.0023898905616033
1890,0.0161531706652774
1891,0.0301647844418646
1892,0.0424691425741166
1893,0.0356927282578952
1894,0.0235741799564794
1895,0.0170652865074286
1896,0.0146211296474756
1897,0.0469923745015249
1898,0.124879620595624
1899,0.129194912505635
1900,0.135436261138631
1901,0.958098854732464
1902,0.94614936172466
1903,0.920399491813377
1904,0.851020303698821
1905,0.735248050052705
1906,0.502664840689568
1907,0.368351093749221
1908,0.348590367305265
1909,0.502711059874391
1910,0.662661078949802
1911,0.712256002576076
1912,0.643597720309401
1913,0.753909143382192
1914,0.762207303450791
1915,0.735643217437187
1916,0.585803736640106
1917,0.56949600087905
1918,0.75347621315186
1919,0.853674578018993
1920,0.791623257803664
1921,0
1922,0
1923,0
1924,0
1925,0
1926,0
1927,0
1928,0
1929,0
1930,0.0862876473060061
1931,0.0130879904884393
1932,0.00157532233222454
1933,0.00146053683517204
1934,0.00178139743891161
1935,0.000987254437478341
1936,0.000621112313999179
1937,0.000543425604056207
1938,0.000501089565796418
1939,0.00114589189967168
1940,0.006165982232107
1941,0.00900616771092979
1942,0.0152246380285534
1943,0.0145914063901286
1944,0.0143369817175537
1945,0.0279643501371696
1946,0.0566302931048191
1947,0.149117181123724
1948,0.220292002430892
1949,0.231871593049148
1950,0.360115646649687
1951,0.925601316976997
1952,0.930052491081154
1953,0.835100105117505
1954,0.752786633883823
1955,0.789382251479355
1956,0.745668681798841
1957,0.544315569688731
1958,0.41815897725833
1959,0.550951457376365
1960,0.823076393239024
1961,0.899987292177017
1962,0.780170622969318
1963,0.844312223144433
1964,0.820552409682952
1965,0.790559686787533
1966,0.784290605885511
1967,0.790381971246738
1968,0.846793464454041
1969,0.88055134688038
1970,0.784628624375795
1971,0
1972,0
1973,0
1974,0
1975,0
1976,0
1977,0
1978,0
1979,0.284298999765517
1980,0.0493167042630127
1981,0.0185441014391784
1982,0.00241042463403344
1983,0.000932194317532926
1984,0.00100457299144003
1985,0.000851480941621005
1986,0.000254695627172749
1987,0.000133000491334542
1988,0.000131692254720481
1989,0.00050475803172098
1990,0.00166445063924924
1991,0.00327709308381633
1992,0.00716612965539742
1993,0.0101365713615335
1994,0.0156480742233676
1995,0.0343729553712655
1996,0.07635589819304
1997,0.170942317943929
1998,0.247942135348864
1999,0.33177210824384
2000,0.48665761875742
2001,0.903320537793515
2002,0.928660331250417
2003,0.833983748244901
2004,0.837973189816343
2005,0.839421929442502
2006,0.836045080673057
2007,0.765892018427132
2008,0.604166827600712
2009,0.670511051015275
2010,0.852671576841808
2011,0.901717196447936
2012,0.871100700101322
2013,0.865206181229062
2014,0.911114461085606
2015,0.921622921707359
2016,0.882909972818865
2017,0.861227719418897
2018,0.932739568463306
2019,0.921165114027416
2020,0.861095314897903
2021,0
2022,0
2023,0
2024,0
2025,0
2026,0
2027,0
2028,0
2029,0.145163672864501
2030,0.0435496803675393
2031,0.0111745486859634
2032,0.0014543189872273
2033,0.000479409821447492
2034,0.000499494309520525
2035,0.000277600730961595
2036,7.12465212014979e-05
2037,2.99450613492167e-05
2038,0.000100367061168255
2039,0.000262001064505679
2040,0.000736825125532282
2041,0.00293115936701642
2042,0.00664209109850938
2043,0.0153659496452317
2044,0.0414736655121007
2045,0.0366225634571432
2046,0.0441056975756623
2047,0.0996423269815027
2048,0.205804549595507
2049,0.268793390077055
2050,0.273442643890282
2051,0.851385335638922
2052,0.879042649634551
2053,0.902513668428055
2054,0.888109397674249
2055,0.88848298992558
2056,0.866814147810049
2057,0.815883414811075
2058,0.743709398386099
2059,0.704515570370634
2060,0.821412327664658
2061,0.881802192398344
2062,0.890921215095919
2063,0.878129192908169
2064,0.938258154217077
2065,0.951505469957706
2066,0.953002682764805
2067,0.941184381164017
2068,0.951439957283832
2069,0.946099503969912
2070,0.883804355376093
2071,0.780879680564639
2072,0
2073,0
2074,0
2075,0
2076,0
2077,0
2078,0
2079,0.113491704232655
2080,0.031454993353038
2081,0.00690714330309758
2082,0.00127879144925976
2083,0.000639925305435203
2084,0.00041567273474729
2085,0.000122646776400772
2086,3.76854831117124e-05
2087,2.68256154870132e-05
2088,6.07990638889174e-05
2089,0.000144919613169895
2090,0.000749838012861986
2091,0.00483402837594996
2092,0.0183706932132549
2093,0.069146934760256
2094,0.112447072420701
2095,0.0648335522574188
2096,0.0747242573740103
2097,0.0718617786119998
2098,0.142125653627765
2099,0.160891197281537
2100,0.119112051327488
2101,0.716030131759733
2102,0.805688311358672
2103,0.894025029385135
2104,0.895777149790631
2105,0.837160134055098
2106,0.84868777802767
2107,0.830000687833832
2108,0.697892341465804
2109,0.617036362312132
2110,0.801138430171552
2111,0.941354956713357
2112,0.941209444927677
2113,0.936561149232615
2114,0.944138290809123
2115,0.945892505655945
2116,0.9447453297911
2117,0.912440799440416
2118,0.925228938555713
2119,0.937887384856548
2120,0.94615539757731
2121,0.905429840618513
2122,0.777794990999366
2123,0
2124,0
2125,0
2126,0
2127,0
2128,0
2129,0.156603529408437
2130,0.0364699950466698
2131,0.0100106936076376
2132,0.00303747838509696
2133,0.000693503263479365
2134,0.000302304035056028
2135,0.000229076464658975
2136,9.3196185143092e-05
2137,5.93674850699694e-05
2138,8.73178983159981e-05
2139,0.000226782109989065
2140,0.00100493246758411
2141,0.00480001863259859
2142,0.0174135279859777
2143,0.0924658616006539
2144,0.152065685547214
2145,0.103390030849801
2146,0.11084957085614
2147,0.0553386944610683
2148,0.0472238964380796
2149,0.0631534648201399
2150,0.0530352784148734
2151,0.551143615716341
2152,0.632189740623994
2153,0.794121740022526
2154,0.767830990328734
2155,0.724332816500177
2156,0.745218085325606
2157,0.746947030141647
2158,0.654659561457138
2159,0.536570400020188
2160,0.791322184398161
2161,0.932551802058021
2162,0.929280027716105
2163,0.964478466667502
2164,0.960923292264453
2165,0.895967974372924
2166,0.858707878042341
2167,0.847420472864885
2168,0.839320707206899
2169,0.916704944421595
2170,0.933394560025688
2171,0.946827045105533
2172,0.942518266977108
2173,0.949650518002841
2174,0
2175,0
2176,0
2177,0
2178,0
2179,0.101420690179105
2180,0.0502547983359283
2181,0.0106025496804852
2182,0.00244789344759413
2183,0.000732924786210163
2184,0.000326483293464812
2185,0.000364509822056286
2186,0.000240408933674708
2187,0.000142968832070644
2188,0.000257351578504318
2189,0.000996644497326765
2190,0.00204203781223746
2191,0.0041168420121503
2192,0.0147625864559153
2193,0.0540444906284875
2194,0.0833864558931018
2195,0.073282512315888
2196,0.0600158595718062
2197,0.045191552587766
2198,0.0347593491715113
2199,0.0261312394868964
2200,0.0139196659331384
2201,0.517419689185451
2202,0.587987319720094
2203,0.611616663870841
2204,0.522503178118527
2205,0.536572583635709
2206,0.611895269556922
2207,0.699835499618904
2208,0.616402182988263
2209,0.50146988645577
2210,0.712976985643159
2211,0.827179874672152
2212,0.830807802542052
2213,0.93991500504219
2214,0.937525870726769
2215,0.819123741034323
2216,0.740714812573117
2217,0.680101878066081
2218,0.804189778709036
2219,0.868817790004092
2220,0.92897439413294
2221,0.953051410270972
2222,0.971842603022769
2223,0.962756057939915
2224,0
2225,0
2226,0
2227,0
2228,0
2229,0
2230,0
2231,0.00920004487561955
2232,0.00224511788419841
2233,0.000694394873739949
2234,0.000511787978881787
2235,0.000552438332215287
2236,0.000611562170013372
2237,0.000883222165670232
2238,0.00148547789941956
2239,0.00208541521641969
2240,0.00410765809675604
2241,0.00440713553235574
2242,0.0124695798083785
2243,0.0239592107353941
2244,0.0305849872823303
2245,0.0381408811300646
2246,0.0310018951371075
2247,0.0272483931096216
2248,0.0272914872215413
2249,0.0195305985458443
2250,0.00894524646047213
2251,0.455442427359734
2252,0.396997915244168
2253,0.344870905715368
2254,0.46762056856184
2255,0.47377180214404
2256,0.569516677970981
2257,0.535239562792272
2258,0.466965465739771
2259,0.336988360465225
2260,0.464642019434789
2261,0.510441550871938
2262,0.576733485456951
2263,0.821204452564067
2264,0.917788681896264
2265,0.765134072106008
2266,0.618157538561062
2267,0.614831141636005
2268,0.73294611634835
2269,0.860236797038223
2270,0.945990837135603
2271,0.944655357662223
2272,0.955331341132309
2273,0.943739152136749
2274,0
2275,0
2276,0
2277,0
2278,0
2279,0
2280,0
2281,0.00541180746064709
2282,0.0025507707837309
2283,0.00126739248501843
2284,0.000618847367683852
2285,0.00101409724165444
2286,0.00173346918101969
2287,0.00304498280244726
2288,0.00376126731445374
2289,0.00197906721871484
2290,0.00366315735453609
2291,0.00663258972981604
2292,0.0064590815809111
2293,0.00456758799706143
2294,0.010525379736347
2295,0.0197319385841908
2296,0.014060122496007
2297,0.0118345909383078
2298,0.0220533026258002
2299,0.019505814083045
2300,0.0111061663594597
2301,0.326166939349153
2302,0.216005901656589
2303,0.204460073191379
2304,0.327284476440786
2305,0.299783280556122
2306,0.484239406977883
2307,0.432888213693612
2308,0.367830780578994
2309,0.223738593581184
2310,0.234811923404635
2311,0.252279332094027
2312,0.309155505105239
2313,0.540481666294071
2314,0.765627372592543
2315,0.64841555282317
2316,0.5766705541735
2317,0.587043236488121
2318,0.722142672851638
2319,0.861365978820689
2320,0.953370504511684
2321,0.961715691494292
2322,0.958214511815192
2323,0.872669652905766
2324,0
2325,0
2326,0
2327,0
2328,0
2329,0
2330,0
2331,0
2332,0.00453879628531575
2333,0.00147979140078937
2334,0.000894130085605683
2335,0.0014554922139517
2336,0.00291757900938158
2337,0.00339991492687479
2338,0.00236279365357356
2339,0.00235121579793483
2340,0.00264001933143227
2341,0.00366631867488897
2342,0.00485609118265424
2343,0.00473281468450565
2344,0.0096984489468794
2345,0.0212231864163297
2346,0.0211743954706393
2347,0.0109515800457585
2348,0.0134782103420305
2349,0.0077279772629634
2350,0.00672354385422683
2351,0.253578426424756
2352,0.140739908252378
2353,0.109846082615816
2354,0.171728588691916
2355,0.174881770270434
2356,0.260061910607233
2357,0.341889405059039
2358,0.272538217421217
2359,0.165574644921343
2360,0.13037525943725
2361,0.122454279497761
2362,0.167203220753987
2363,0.309186416459528
2364,0.466574948133875
2365,0.45105753508308
2366,0.507896852705975
2367,0.681754388493651
2368,0.830169881345475
2369,0.896810719400102
2370,0.954640129063549
2371,0.963085834131494
2372,0.960331929073265
2373,0.845571773964376
2374,0.401504926580495
2375,0.215098849456469
2376,0
2377,0
2378,0
2379,0
2380,0
2381,0
2382,0.00782242951158815
2383,0.00525480213434487
2384,0.00210311036084744
2385,0.00264983442586541
2386,0.00487807212399135
2387,0.00289573842104434
2388,0.00286891320333436
2389,0.00263558593898249
2390,0.00224120373705469
2391,0.00237250664748169
2392,0.00336853997622891
2393,0.0064448259480963
2394,0.0128412811053054
2395,0.0366237377026217
2396,0.036866544883584
2397,0.01226371038872
2398,0.00551030199118568
2399,0.00373832216796897
2400,0.00334065173200437
2401,0.275723621542778
2402,0.134856516025377
2403,0.138276341013344
2404,0.151297997230287
2405,0.169019363318352
2406,0.28679686606312
2407,0.324197812319102
2408,0.205684641261936
2409,0.0745449404326087
2410,0.0500383042748794
2411,0.0656578360726949
2412,0.150864692465511
2413,0.214390203201534
2414,0.225202978278288
2415,0.274959925149676
2416,0.418195074367172
2417,0.773839754116066
2418,0.900891525902875
2419,0.932109147753613
2420,0.96568780584321
2421,0.968960451558654
2422,0.942279190938758
2423,0.779930669714857
2424,0.424413641717422
2425,0.10817510743235
2426,0
2427,0
2428,0
2429,0
2430,0
2431,0
2432,0.00574786929965774
2433,0.00983572588241094
2434,0.00673697037917744
2435,0.00795543448427535
2436,0.010632616965378
2437,0.00404005351197316
2438,0.00296941731427758
2439,0.00262527280145136
2440,0.00409969559241996
2441,0.00349071035313198
2442,0.0036773610506103
2443,0.00600521360998263
2444,0.0156593226594627
2445,0.0507926552762448
2446,0.0641056007636235
2447,0.0124023877450277
2448,0.0035502965071564
2449,0.00153591171638347
2450,0.0015989097340102
2451,0.224361664596031
2452,0.0981464135941126
2453,0.0779536753043667
2454,0.0689107825605539
2455,0.122447930221129
2456,0.364496077374384
2457,0.459797811917561
2458,0.241931738681516
2459,0.0794300744641182
2460,0.0399872745782705
2461,0.0577344000362559
2462,0.10756393624237
2463,0.100986237506447
2464,0.115255866640558
2465,0.23151965368876
2466,0.362934529435837
2467,0.684517023445429
2468,0.884560012020544
2469,0.920380537936808
2470,0.95497586403014
2471,0.954574290713256
2472,0.882506756527846
2473,0.706486776655252
2474,0.474209676876216
2475,0.116612154300195
2476,0.0189225367623405
2477,0
2478,0
2479,0
2480,0
2481,0
2482,0
2483,0.0100788313612736
2484,0.00844747476111309
2485,0.00429341361769105
2486,0.00581421222263072
2487,0.00483530148298502
2488,0.00214814213630667
2489,0.00168717779980392
2490,0.00234100602858267
2491,0.00273651918069961
2492,0.00384933033673728
2493,0.0059089519408767
2494,0.0115136669904428
2495,0.0267965583847466
2496,0.0299684304423617
2497,0.00754956054805911
2498,0.00161441907959075
2499,0.00109573269203131
2500,0.00227746974780904
