"world_cfg","realisation","design","n","n_time","GAM"
"stat_r30",0,"random",30,1,0.535355492421699
"stat_r30",0,"random",30,3,0.621605062785248
"stat_r30",0,"random",30,5,0.584720323790585
"stat_r30",0,"random",50,1,0.601533299674463
"stat_r30",0,"random",50,3,0.677913241250076
"stat_r30",0,"random",50,5,0.66957208829306
"stat_r30",0,"random",100,1,0.625052794864116
"stat_r30",0,"random",100,3,0.669623571793835
"stat_r30",0,"random",100,5,0.649620058600317
"stat_r30",0,"random",200,1,0.671183253758673
"stat_r30",0,"random",200,3,0.734128483346431
"stat_r30",0,"random",200,5,0.740049995145178
"stat_r30",0,"random",500,1,0.773572286288667
"stat_r30",0,"random",500,3,0.781883280445023
"stat_r30",0,"random",500,5,0.797971317575045
"stat_r30",0,"clustered",30,1,0.525349876297035
"stat_r30",0,"clustered",30,3,0.510429142185664
"stat_r30",0,"clustered",30,5,0.495293721450019
"stat_r30",0,"clustered",50,1,0.574363924440069
"stat_r30",0,"clustered",50,3,0.441973237187975
"stat_r30",0,"clustered",50,5,0.511624804593555
"stat_r30",0,"clustered",100,1,0.586024438449878
"stat_r30",0,"clustered",100,3,0.525167454688731
"stat_r30",0,"clustered",100,5,0.711587266016598
"stat_r30",0,"clustered",200,1,0.703963863002224
"stat_r30",0,"clustered",200,3,0.672862730489849
"stat_r30",0,"clustered",200,5,0.725266153764202
"stat_r30",0,"clustered",500,1,0.743395883730456
"stat_r30",0,"clustered",500,3,0.767981800999878
"stat_r30",0,"clustered",500,5,0.73326101123313
"stat_r30",0,"stratified",30,1,0.572099768756767
"stat_r30",0,"stratified",30,3,0.540400480367586
"stat_r30",0,"stratified",30,5,0.552236910697339
"stat_r30",0,"stratified",50,1,0.634382679862743
"stat_r30",0,"stratified",50,3,0.644526140835524
"stat_r30",0,"stratified",50,5,0.585021809078413
"stat_r30",0,"stratified",100,1,0.669139377780842
"stat_r30",0,"stratified",100,3,0.725398936170213
"stat_r30",0,"stratified",100,5,0.717448475740661
"stat_r30",0,"stratified",200,1,0.728311869821304
"stat_r30",0,"stratified",200,3,0.739800262172791
"stat_r30",0,"stratified",200,5,0.773005854023401
"stat_r30",0,"stratified",500,1,0.783511538227045
"stat_r30",0,"stratified",500,3,0.783010742511003
"stat_r30",0,"stratified",500,5,0.804304989424104
"stat_r30",1,"random",30,1,0.622935428206057
"stat_r30",1,"random",30,3,0.591746608135015
"stat_r30",1,"random",30,5,0.587394315045276
"stat_r30",1,"random",50,1,0.645594796538193
"stat_r30",1,"random",50,3,0.65410532863363
"stat_r30",1,"random",50,5,0.57306696762166
"stat_r30",1,"random",100,1,0.812888479976757
"stat_r30",1,"random",100,3,0.805532802216037
"stat_r30",1,"random",100,5,0.787485912874076
"stat_r30",1,"random",200,1,0.832511184594437
"stat_r30",1,"random",200,3,0.817814354066986
"stat_r30",1,"random",200,5,0.815904465008588
"stat_r30",1,"random",500,1,0.840408806526
"stat_r30",1,"random",500,3,0.833601823708207
"stat_r30",1,"random",500,5,0.846971786977198
"stat_r30",1,"clustered",30,1,0.649084535749446
"stat_r30",1,"clustered",30,3,0.459751522401044
"stat_r30",1,"clustered",30,5,0.317069115758576
"stat_r30",1,"clustered",50,1,0.612192374071617
"stat_r30",1,"clustered",50,3,0.468962379339738
"stat_r30",1,"clustered",50,5,0.536905200894033
"stat_r30",1,"clustered",100,1,0.776465903548348
"stat_r30",1,"clustered",100,3,0.609454337204247
"stat_r30",1,"clustered",100,5,0.728864317841079
"stat_r30",1,"clustered",200,1,0.833516120265449
"stat_r30",1,"clustered",200,3,0.77745347985348
"stat_r30",1,"clustered",200,5,0.767928372544112
"stat_r30",1,"clustered",500,1,0.820531573007747
"stat_r30",1,"clustered",500,3,0.825099740071329
"stat_r30",1,"clustered",500,5,0.823796
"stat_r30",1,"stratified",30,1,0.699682627924554
"stat_r30",1,"stratified",30,3,0.672842644025836
"stat_r30",1,"stratified",30,5,0.614988424078667
"stat_r30",1,"stratified",50,1,0.69000319700483
"stat_r30",1,"stratified",50,3,0.676099268350889
"stat_r30",1,"stratified",50,5,0.615741495632957
"stat_r30",1,"stratified",100,1,0.842592592592593
"stat_r30",1,"stratified",100,3,0.815362784097518
"stat_r30",1,"stratified",100,5,0.808423075075652
"stat_r30",1,"stratified",200,1,0.830437581055766
"stat_r30",1,"stratified",200,3,0.811827106227106
"stat_r30",1,"stratified",200,5,0.833334931928616
"stat_r30",1,"stratified",500,1,0.839651795512742
"stat_r30",1,"stratified",500,3,0.844744151191767
"stat_r30",1,"stratified",500,5,0.835539621784621
"stat_r30",2,"random",30,1,0.647253383733691
"stat_r30",2,"random",30,3,0.752119516249301
"stat_r30",2,"random",30,5,0.666588736291339
"stat_r30",2,"random",50,1,0.606098572530864
"stat_r30",2,"random",50,3,0.628019963057138
"stat_r30",2,"random",50,5,0.688211194875413
"stat_r30",2,"random",100,1,0.78479549963925
"stat_r30",2,"random",100,3,0.760404784688995
"stat_r30",2,"random",100,5,0.773400119617225
"stat_r30",2,"random",200,1,0.854198141910144
"stat_r30",2,"random",200,3,0.889981128738541
"stat_r30",2,"random",200,5,0.874650088011104
"stat_r30",2,"random",500,1,0.870487908759642
"stat_r30",2,"random",500,3,0.898820428513057
"stat_r30",2,"random",500,5,0.879483418403937
"stat_r30",2,"clustered",30,1,0.597390767477204
"stat_r30",2,"clustered",30,3,0.677473960110849
"stat_r30",2,"clustered",30,5,0.628917246507675
"stat_r30",2,"clustered",50,1,0.643062756209308
"stat_r30",2,"clustered",50,3,0.602949067293499
"stat_r30",2,"clustered",50,5,0.677898799100997
"stat_r30",2,"clustered",100,1,0.68166100438102
"stat_r30",2,"clustered",100,3,0.644278783803257
"stat_r30",2,"clustered",100,5,0.808586058638937
"stat_r30",2,"clustered",200,1,0.78317186045597
"stat_r30",2,"clustered",200,3,0.806503187147232
"stat_r30",2,"clustered",200,5,0.764864978838251
"stat_r30",2,"clustered",500,1,0.862943726578182
"stat_r30",2,"clustered",500,3,0.877853623768082
"stat_r30",2,"clustered",500,5,0.853997557997558
"stat_r30",2,"stratified",30,1,0.63614644259653
"stat_r30",2,"stratified",30,3,0.668333014354067
"stat_r30",2,"stratified",30,5,0.697311004784689
"stat_r30",2,"stratified",50,1,0.610862116188692
"stat_r30",2,"stratified",50,3,0.730231183564517
"stat_r30",2,"stratified",50,5,0.655611586472281
"stat_r30",2,"stratified",100,1,0.829079058191503
"stat_r30",2,"stratified",100,3,0.761999646883749
"stat_r30",2,"stratified",100,5,0.86781131547878
"stat_r30",2,"stratified",200,1,0.843906701979072
"stat_r30",2,"stratified",200,3,0.88012839433294
"stat_r30",2,"stratified",200,5,0.859949454744994
"stat_r30",2,"stratified",500,1,0.873154097405386
"stat_r30",2,"stratified",500,3,0.891196299490518
"stat_r30",2,"stratified",500,5,0.896129033495687
"stat_r30",3,"random",30,1,0.527010628909395
"stat_r30",3,"random",30,3,0.583811400872976
"stat_r30",3,"random",30,5,0.578812623084682
"stat_r30",3,"random",50,1,0.548066157317972
"stat_r30",3,"random",50,3,0.572072133564496
"stat_r30",3,"random",50,5,0.640681090138485
"stat_r30",3,"random",100,1,0.762189551924173
"stat_r30",3,"random",100,3,0.600547839506173
"stat_r30",3,"random",100,5,0.69733100892255
"stat_r30",3,"random",200,1,0.751800732600733
"stat_r30",3,"random",200,3,0.758233952376067
"stat_r30",3,"random",200,5,0.754520597464927
"stat_r30",3,"random",500,1,0.786399366231848
"stat_r30",3,"random",500,3,0.773630109457925
"stat_r30",3,"random",500,5,0.765828238876566
"stat_r30",3,"clustered",30,1,0.534492040447857
"stat_r30",3,"clustered",30,3,0.583511584357787
"stat_r30",3,"clustered",30,5,0.566697191697192
"stat_r30",3,"clustered",50,1,0.545847730531462
"stat_r30",3,"clustered",50,3,0.631919511828867
"stat_r30",3,"clustered",50,5,0.620371083669083
"stat_r30",3,"clustered",100,1,0.687900085403788
"stat_r30",3,"clustered",100,3,0.513509044932892
"stat_r30",3,"clustered",100,5,0.47722003313309
"stat_r30",3,"clustered",200,1,0.68948566297145
"stat_r30",3,"clustered",200,3,0.705105094205704
"stat_r30",3,"clustered",200,5,0.671969976959794
"stat_r30",3,"clustered",500,1,0.756626382972037
"stat_r30",3,"clustered",500,3,0.784962204105844
"stat_r30",3,"clustered",500,5,0.725629485370791
"stat_r30",3,"stratified",30,1,0.550477642905803
"stat_r30",3,"stratified",30,3,0.534490150371592
"stat_r30",3,"stratified",30,5,0.593661362248723
"stat_r30",3,"stratified",50,1,0.585023485545494
"stat_r30",3,"stratified",50,3,0.525377670269396
"stat_r30",3,"stratified",50,5,0.639182363328308
"stat_r30",3,"stratified",100,1,0.733810469226672
"stat_r30",3,"stratified",100,3,0.7669115453097
"stat_r30",3,"stratified",100,5,0.727966108255404
"stat_r30",3,"stratified",200,1,0.778721885598054
"stat_r30",3,"stratified",200,3,0.760733562195746
"stat_r30",3,"stratified",200,5,0.761663116206839
"stat_r30",3,"stratified",500,1,0.774777798688813
"stat_r30",3,"stratified",500,3,0.796411019555267
"stat_r30",3,"stratified",500,5,0.783525698620038
"stat_r30",4,"random",30,1,0.651196253297073
"stat_r30",4,"random",30,3,0.580714163746511
"stat_r30",4,"random",30,5,0.636475643360889
"stat_r30",4,"random",50,1,0.720813296554166
"stat_r30",4,"random",50,3,0.603934771485143
"stat_r30",4,"random",50,5,0.663621439240124
"stat_r30",4,"random",100,1,0.77522767467289
"stat_r30",4,"random",100,3,0.775762222691102
"stat_r30",4,"random",100,5,0.790953429038408
"stat_r30",4,"random",200,1,0.82682320192791
"stat_r30",4,"random",200,3,0.816400679117148
"stat_r30",4,"random",200,5,0.826511606183737
"stat_r30",4,"random",500,1,0.8483454050103
"stat_r30",4,"random",500,3,0.821121502933799
"stat_r30",4,"random",500,5,0.863329619548962
"stat_r30",4,"clustered",30,1,0.612238778898351
"stat_r30",4,"clustered",30,3,0.62415206796628
"stat_r30",4,"clustered",30,5,0.557664578084004
"stat_r30",4,"clustered",50,1,0.682509865824783
"stat_r30",4,"clustered",50,3,0.582206345475911
"stat_r30",4,"clustered",50,5,0.687563035031925
"stat_r30",4,"clustered",100,1,0.622254607548725
"stat_r30",4,"clustered",100,3,0.690588888888889
"stat_r30",4,"clustered",100,5,0.705719442543096
"stat_r30",4,"clustered",200,1,0.781637910554137
"stat_r30",4,"clustered",200,3,0.735184813551259
"stat_r30",4,"clustered",200,5,0.728338151994336
"stat_r30",4,"clustered",500,1,0.805942327271129
"stat_r30",4,"clustered",500,3,0.815043258152428
"stat_r30",4,"clustered",500,5,0.836849471521763
"stat_r30",4,"stratified",30,1,0.605249846607842
"stat_r30",4,"stratified",30,3,0.573910128310537
"stat_r30",4,"stratified",30,5,0.593137064584177
"stat_r30",4,"stratified",50,1,0.73818015580262
"stat_r30",4,"stratified",50,3,0.734465922137173
"stat_r30",4,"stratified",50,5,0.751605555555556
"stat_r30",4,"stratified",100,1,0.771031095359593
"stat_r30",4,"stratified",100,3,0.768971360223271
"stat_r30",4,"stratified",100,5,0.819538810917659
"stat_r30",4,"stratified",200,1,0.815823176117294
"stat_r30",4,"stratified",200,3,0.769874074074074
"stat_r30",4,"stratified",200,5,0.832691926425656
"stat_r30",4,"stratified",500,1,0.84961721147038
"stat_r30",4,"stratified",500,3,0.849332958438464
"stat_r30",4,"stratified",500,5,0.865145776282891
"stat_r30",5,"random",30,1,0.533367159609508
"stat_r30",5,"random",30,3,0.565540767570461
"stat_r30",5,"random",30,5,0.471061973389101
"stat_r30",5,"random",50,1,0.615892638991115
"stat_r30",5,"random",50,3,0.567973967176005
"stat_r30",5,"random",50,5,0.554690579608612
"stat_r30",5,"random",100,1,0.651780816236505
"stat_r30",5,"random",100,3,0.718142904809571
"stat_r30",5,"random",100,5,0.701528946400558
"stat_r30",5,"random",200,1,0.750810938704482
"stat_r30",5,"random",200,3,0.732139789594498
"stat_r30",5,"random",200,5,0.732910067702351
"stat_r30",5,"random",500,1,0.79500131933885
"stat_r30",5,"random",500,3,0.78968400298011
"stat_r30",5,"random",500,5,0.803977099003241
"stat_r30",5,"clustered",30,1,0.578387779083431
"stat_r30",5,"clustered",30,3,0.443437406346388
"stat_r30",5,"clustered",30,5,0.582431616676099
"stat_r30",5,"clustered",50,1,0.5698955349397
"stat_r30",5,"clustered",50,3,0.611062447124707
"stat_r30",5,"clustered",50,5,0.622462306494632
"stat_r30",5,"clustered",100,1,0.625901060871668
"stat_r30",5,"clustered",100,3,0.64770031130992
"stat_r30",5,"clustered",100,5,0.642499393829181
"stat_r30",5,"clustered",200,1,0.575080277088742
"stat_r30",5,"clustered",200,3,0.663451246746039
"stat_r30",5,"clustered",200,5,0.679101609597299
"stat_r30",5,"clustered",500,1,0.760035294737397
"stat_r30",5,"clustered",500,3,0.76095622816479
"stat_r30",5,"clustered",500,5,0.733652041261902
"stat_r30",5,"stratified",30,1,0.560853867369825
"stat_r30",5,"stratified",30,3,0.658092003798097
"stat_r30",5,"stratified",30,5,0.579871812432938
"stat_r30",5,"stratified",50,1,0.597934472934473
"stat_r30",5,"stratified",50,3,0.621616325275335
"stat_r30",5,"stratified",50,5,0.675526955526956
"stat_r30",5,"stratified",100,1,0.676454809031345
"stat_r30",5,"stratified",100,3,0.717174123033358
"stat_r30",5,"stratified",100,5,0.695057536313903
"stat_r30",5,"stratified",200,1,0.769768808630745
"stat_r30",5,"stratified",200,3,0.756355488268751
"stat_r30",5,"stratified",200,5,0.709756325772259
"stat_r30",5,"stratified",500,1,0.803487892129884
"stat_r30",5,"stratified",500,3,0.790518259855237
"stat_r30",5,"stratified",500,5,0.801712188378855
"stat_r80",0,"random",30,1,0.706656941031941
"stat_r80",0,"random",30,3,0.679343461206741
"stat_r80",0,"random",30,5,0.60108534821763
"stat_r80",0,"random",50,1,0.676876097750456
"stat_r80",0,"random",50,3,0.677489209846856
"stat_r80",0,"random",50,5,0.521424783378525
"stat_r80",0,"random",100,1,0.799952464460761
"stat_r80",0,"random",100,3,0.670466435143596
"stat_r80",0,"random",100,5,0.714879972267961
"stat_r80",0,"random",200,1,0.826927399901436
"stat_r80",0,"random",200,3,0.859015652370458
"stat_r80",0,"random",200,5,0.85327019478148
"stat_r80",0,"random",500,1,0.88138026518984
"stat_r80",0,"random",500,3,0.884446184086248
"stat_r80",0,"random",500,5,0.865248707880288
"stat_r80",0,"clustered",30,1,0.58703072750398
"stat_r80",0,"clustered",30,3,0.546279666247376
"stat_r80",0,"clustered",30,5,0.509036680911681
"stat_r80",0,"clustered",50,1,0.488945969012605
"stat_r80",0,"clustered",50,3,0.620846833750442
"stat_r80",0,"clustered",50,5,0.500399543740025
"stat_r80",0,"clustered",100,1,0.741999961355063
"stat_r80",0,"clustered",100,3,0.680028032969209
"stat_r80",0,"clustered",100,5,0.722542144417144
"stat_r80",0,"clustered",200,1,0.802234114777594
"stat_r80",0,"clustered",200,3,0.753967782455187
"stat_r80",0,"clustered",200,5,0.788934779609574
"stat_r80",0,"clustered",500,1,0.88517883010278
"stat_r80",0,"clustered",500,3,0.877326476611903
"stat_r80",0,"clustered",500,5,0.850944410835518
"stat_r80",0,"stratified",30,1,0.584417428305633
"stat_r80",0,"stratified",30,3,0.720805291005291
"stat_r80",0,"stratified",30,5,0.662187082395882
"stat_r80",0,"stratified",50,1,0.666082731390472
"stat_r80",0,"stratified",50,3,0.719402281552064
"stat_r80",0,"stratified",50,5,0.608311312378284
"stat_r80",0,"stratified",100,1,0.867439572883272
"stat_r80",0,"stratified",100,3,0.823633186044978
"stat_r80",0,"stratified",100,5,0.78677671957672
"stat_r80",0,"stratified",200,1,0.863462700283354
"stat_r80",0,"stratified",200,3,0.883130419676593
"stat_r80",0,"stratified",200,5,0.836334643656388
"stat_r80",0,"stratified",500,1,0.88541166380789
"stat_r80",0,"stratified",500,3,0.880766859010085
"stat_r80",0,"stratified",500,5,0.862648668583259
"stat_r80",1,"random",30,1,0.658439014177185
"stat_r80",1,"random",30,3,0.666610126911884
"stat_r80",1,"random",30,5,0.676699590512696
"stat_r80",1,"random",50,1,0.682671739777515
"stat_r80",1,"random",50,3,0.761614164651548
"stat_r80",1,"random",50,5,0.657811715846359
"stat_r80",1,"random",100,1,0.698437968515742
"stat_r80",1,"random",100,3,0.816553914550935
"stat_r80",1,"random",100,5,0.711700501008524
"stat_r80",1,"random",200,1,0.888049753175854
"stat_r80",1,"random",200,3,0.888670575591639
"stat_r80",1,"random",200,5,0.888879715856137
"stat_r80",1,"random",500,1,0.918495597805283
"stat_r80",1,"random",500,3,0.910364012545602
"stat_r80",1,"random",500,5,0.909692398030625
"stat_r80",1,"clustered",30,1,0.614779718337258
"stat_r80",1,"clustered",30,3,0.47490000801393
"stat_r80",1,"clustered",30,5,0.565757262913527
"stat_r80",1,"clustered",50,1,0.770991666666667
"stat_r80",1,"clustered",50,3,0.709810733000104
"stat_r80",1,"clustered",50,5,0.608432455395072
"stat_r80",1,"clustered",100,1,0.795605768999669
"stat_r80",1,"clustered",100,3,0.810033740538221
"stat_r80",1,"clustered",100,5,0.806240781102085
"stat_r80",1,"clustered",200,1,0.858236499598653
"stat_r80",1,"clustered",200,3,0.853786417549516
"stat_r80",1,"clustered",200,5,0.891294897771229
"stat_r80",1,"clustered",500,1,0.90362037037037
"stat_r80",1,"clustered",500,3,0.913571191497399
"stat_r80",1,"clustered",500,5,0.888717995947688
"stat_r80",1,"stratified",30,1,0.685144157110358
"stat_r80",1,"stratified",30,3,0.805313911623853
"stat_r80",1,"stratified",30,5,0.734014675052411
"stat_r80",1,"stratified",50,1,0.782987043501611
"stat_r80",1,"stratified",50,3,0.783354003031556
"stat_r80",1,"stratified",50,5,0.632838887433031
"stat_r80",1,"stratified",100,1,0.807705982104133
"stat_r80",1,"stratified",100,3,0.876593389010375
"stat_r80",1,"stratified",100,5,0.873289534635775
"stat_r80",1,"stratified",200,1,0.906289613732947
"stat_r80",1,"stratified",200,3,0.892054477553567
"stat_r80",1,"stratified",200,5,0.88460574127907
"stat_r80",1,"stratified",500,1,0.926694832629184
"stat_r80",1,"stratified",500,3,0.908023140302694
"stat_r80",1,"stratified",500,5,0.908230037290617
"stat_r80",2,"random",30,1,0.667872690738
"stat_r80",2,"random",30,3,0.567529434196101
"stat_r80",2,"random",30,5,0.610719065345804
"stat_r80",2,"random",50,1,0.659368103915324
"stat_r80",2,"random",50,3,0.747442407407763
"stat_r80",2,"random",50,5,0.770109352972444
"stat_r80",2,"random",100,1,0.834699181250581
"stat_r80",2,"random",100,3,0.743548406019272
"stat_r80",2,"random",100,5,0.889594888053208
"stat_r80",2,"random",200,1,0.881717930740154
"stat_r80",2,"random",200,3,0.889496989325528
"stat_r80",2,"random",200,5,0.844097607655502
"stat_r80",2,"random",500,1,0.910283054711246
"stat_r80",2,"random",500,3,0.913580881065985
"stat_r80",2,"random",500,5,0.894659118877677
"stat_r80",2,"clustered",30,1,0.713188639817629
"stat_r80",2,"clustered",30,3,0.621319521780889
"stat_r80",2,"clustered",30,5,0.649897972648638
"stat_r80",2,"clustered",50,1,0.555421063561408
"stat_r80",2,"clustered",50,3,0.546740082592917
"stat_r80",2,"clustered",50,5,0.523515506715507
"stat_r80",2,"clustered",100,1,0.728516589506173
"stat_r80",2,"clustered",100,3,0.730709751667835
"stat_r80",2,"clustered",100,5,0.790651037851038
"stat_r80",2,"clustered",200,1,0.817570443835371
"stat_r80",2,"clustered",200,3,0.807953539384489
"stat_r80",2,"clustered",200,5,0.788834480798086
"stat_r80",2,"clustered",500,1,0.885399901398643
"stat_r80",2,"clustered",500,3,0.9058087415619
"stat_r80",2,"clustered",500,5,0.888866108937524
"stat_r80",2,"stratified",30,1,0.666491866028708
"stat_r80",2,"stratified",30,3,0.770104820418816
"stat_r80",2,"stratified",30,5,0.722321428571429
"stat_r80",2,"stratified",50,1,0.787309181830073
"stat_r80",2,"stratified",50,3,0.737233743025748
"stat_r80",2,"stratified",50,5,0.721747580868644
"stat_r80",2,"stratified",100,1,0.830977049626567
"stat_r80",2,"stratified",100,3,0.832342929391169
"stat_r80",2,"stratified",100,5,0.870558458933663
"stat_r80",2,"stratified",200,1,0.888856214828974
"stat_r80",2,"stratified",200,3,0.890263702933071
"stat_r80",2,"stratified",200,5,0.870564777944413
"stat_r80",2,"stratified",500,1,0.910579150579151
"stat_r80",2,"stratified",500,3,0.918516820867582
"stat_r80",2,"stratified",500,5,0.906124948107315
"stat_r80",3,"random",30,1,0.610655810283524
"stat_r80",3,"random",30,3,0.640859862294933
"stat_r80",3,"random",30,5,0.646913818495759
"stat_r80",3,"random",50,1,0.676316066508955
"stat_r80",3,"random",50,3,0.703723841604116
"stat_r80",3,"random",50,5,0.549086888788381
"stat_r80",3,"random",100,1,0.670759846385999
"stat_r80",3,"random",100,3,0.755735338170683
"stat_r80",3,"random",100,5,0.72221509697462
"stat_r80",3,"random",200,1,0.836684357726442
"stat_r80",3,"random",200,3,0.83251041192165
"stat_r80",3,"random",200,5,0.788676167668014
"stat_r80",3,"random",500,1,0.822717370161447
"stat_r80",3,"random",500,3,0.850730883597591
"stat_r80",3,"random",500,5,0.843773913634193
"stat_r80",3,"clustered",30,1,0.583224853949708
"stat_r80",3,"clustered",30,3,0.582365466511808
"stat_r80",3,"clustered",30,5,0.547020753306973
"stat_r80",3,"clustered",50,1,0.570242473226915
"stat_r80",3,"clustered",50,3,0.633084467265725
"stat_r80",3,"clustered",50,5,0.432848189301751
"stat_r80",3,"clustered",100,1,0.77289
"stat_r80",3,"clustered",100,3,0.598303182143554
"stat_r80",3,"clustered",100,5,0.644374668720599
"stat_r80",3,"clustered",200,1,0.775635361778692
"stat_r80",3,"clustered",200,3,0.713685593049101
"stat_r80",3,"clustered",200,5,0.718682985249483
"stat_r80",3,"clustered",500,1,0.828865014840625
"stat_r80",3,"clustered",500,3,0.821580711837064
"stat_r80",3,"clustered",500,5,0.788234366309428
"stat_r80",3,"stratified",30,1,0.600815251771255
"stat_r80",3,"stratified",30,3,0.524068737325222
"stat_r80",3,"stratified",30,5,0.687227847489959
"stat_r80",3,"stratified",50,1,0.687844661876851
"stat_r80",3,"stratified",50,3,0.645113612889899
"stat_r80",3,"stratified",50,5,0.627684825215268
"stat_r80",3,"stratified",100,1,0.766325377529706
"stat_r80",3,"stratified",100,3,0.676153959883692
"stat_r80",3,"stratified",100,5,0.760846862146956
"stat_r80",3,"stratified",200,1,0.804473382552165
"stat_r80",3,"stratified",200,3,0.826419771814545
"stat_r80",3,"stratified",200,5,0.788275102555495
"stat_r80",3,"stratified",500,1,0.846072489601901
"stat_r80",3,"stratified",500,3,0.849834907050985
"stat_r80",3,"stratified",500,5,0.84142917409304
"stat_r80",4,"random",30,1,0.58838042506196
"stat_r80",4,"random",30,3,0.755270684065913
"stat_r80",4,"random",30,5,0.648122981097087
"stat_r80",4,"random",50,1,0.724609259259259
"stat_r80",4,"random",50,3,0.717899108198723
"stat_r80",4,"random",50,5,0.698327669098143
"stat_r80",4,"random",100,1,0.862184659496056
"stat_r80",4,"random",100,3,0.696897690636554
"stat_r80",4,"random",100,5,0.851839485355905
"stat_r80",4,"random",200,1,0.860101203384785
"stat_r80",4,"random",200,3,0.870975737889293
"stat_r80",4,"random",200,5,0.861784836201741
"stat_r80",4,"random",500,1,0.883248431916551
"stat_r80",4,"random",500,3,0.899370639191107
"stat_r80",4,"random",500,5,0.889404585764141
"stat_r80",4,"clustered",30,1,0.497114659709082
"stat_r80",4,"clustered",30,3,0.51498556622971
"stat_r80",4,"clustered",30,5,0.63883514783524
"stat_r80",4,"clustered",50,1,0.693355557042091
"stat_r80",4,"clustered",50,3,0.734723313262342
"stat_r80",4,"clustered",50,5,0.654320987654321
"stat_r80",4,"clustered",100,1,0.811688914295896
"stat_r80",4,"clustered",100,3,0.762873496095651
"stat_r80",4,"clustered",100,5,0.701808039720045
"stat_r80",4,"clustered",200,1,0.82633644087798
"stat_r80",4,"clustered",200,3,0.853570089955022
"stat_r80",4,"clustered",200,5,0.87037037037037
"stat_r80",4,"clustered",500,1,0.863758492664743
"stat_r80",4,"clustered",500,3,0.889541097354445
"stat_r80",4,"clustered",500,5,0.868677790834313
"stat_r80",4,"stratified",30,1,0.654258707394301
"stat_r80",4,"stratified",30,3,0.765963351132877
"stat_r80",4,"stratified",30,5,0.580328238751641
"stat_r80",4,"stratified",50,1,0.675590953164483
"stat_r80",4,"stratified",50,3,0.754085283265611
"stat_r80",4,"stratified",50,5,0.668316736864081
"stat_r80",4,"stratified",100,1,0.856632571762438
"stat_r80",4,"stratified",100,3,0.749387514437493
"stat_r80",4,"stratified",100,5,0.818487432499595
"stat_r80",4,"stratified",200,1,0.865211111111111
"stat_r80",4,"stratified",200,3,0.891191904047976
"stat_r80",4,"stratified",200,5,0.867970655555785
"stat_r80",4,"stratified",500,1,0.886954969675558
"stat_r80",4,"stratified",500,3,0.894309308297584
"stat_r80",4,"stratified",500,5,0.874830344044295
"stat_r80",5,"random",30,1,0.748989533612752
"stat_r80",5,"random",30,3,0.747259898484941
"stat_r80",5,"random",30,5,0.739217226953216
"stat_r80",5,"random",50,1,0.687310551368429
"stat_r80",5,"random",50,3,0.740916280864198
"stat_r80",5,"random",50,5,0.703085339968556
"stat_r80",5,"random",100,1,0.746164148138973
"stat_r80",5,"random",100,3,0.745746565049377
"stat_r80",5,"random",100,5,0.817786313165201
"stat_r80",5,"random",200,1,0.864280722771289
"stat_r80",5,"random",200,3,0.826832535885167
"stat_r80",5,"random",200,5,0.875140546366731
"stat_r80",5,"random",500,1,0.876366760540226
"stat_r80",5,"random",500,3,0.879384075806055
"stat_r80",5,"random",500,5,0.86733416527307
"stat_r80",5,"clustered",30,1,0.698067675208879
"stat_r80",5,"clustered",30,3,0.68104935845962
"stat_r80",5,"clustered",30,5,0.574743596580103
"stat_r80",5,"clustered",50,1,0.621107880341038
"stat_r80",5,"clustered",50,3,0.692017477203647
"stat_r80",5,"clustered",50,5,0.635831275938398
"stat_r80",5,"clustered",100,1,0.725143249607535
"stat_r80",5,"clustered",100,3,0.743470034457298
"stat_r80",5,"clustered",100,5,0.733335136680862
"stat_r80",5,"clustered",200,1,0.816572575682993
"stat_r80",5,"clustered",200,3,0.696327366379924
"stat_r80",5,"clustered",200,5,0.803780328973112
"stat_r80",5,"clustered",500,1,0.844518
"stat_r80",5,"clustered",500,3,0.87085689122349
"stat_r80",5,"clustered",500,5,0.851021823004582
"stat_r80",5,"stratified",30,1,0.684268887493118
"stat_r80",5,"stratified",30,3,0.733278554450401
"stat_r80",5,"stratified",30,5,0.760387662683018
"stat_r80",5,"stratified",50,1,0.700293717175647
"stat_r80",5,"stratified",50,3,0.746963698455657
"stat_r80",5,"stratified",50,5,0.662840598396819
"stat_r80",5,"stratified",100,1,0.742705785369677
"stat_r80",5,"stratified",100,3,0.813725359730352
"stat_r80",5,"stratified",100,5,0.767038277511962
"stat_r80",5,"stratified",200,1,0.841445244115931
"stat_r80",5,"stratified",200,3,0.862067724434746
"stat_r80",5,"stratified",200,5,0.850932485984459
"stat_r80",5,"stratified",500,1,0.890799769504337
"stat_r80",5,"stratified",500,3,0.886834800524083
"stat_r80",5,"stratified",500,5,0.889105975619457
"stat_r200",0,"random",30,1,0.597851179510039
"stat_r200",0,"random",30,3,0.722708161042832
"stat_r200",0,"random",30,5,0.569615966083091
"stat_r200",0,"random",50,1,0.663643854831421
"stat_r200",0,"random",50,3,0.675051304838001
"stat_r200",0,"random",50,5,0.698489073128203
"stat_r200",0,"random",100,1,0.794379590605613
"stat_r200",0,"random",100,3,0.74331496988974
"stat_r200",0,"random",100,5,0.782758912114358
"stat_r200",0,"random",200,1,0.808630450981663
"stat_r200",0,"random",200,3,0.820659825747035
"stat_r200",0,"random",200,5,0.819500505884232
"stat_r200",0,"random",500,1,0.848618228498074
"stat_r200",0,"random",500,3,0.866063555706007
"stat_r200",0,"random",500,5,0.885532614457033
"stat_r200",0,"clustered",30,1,0.528928380130662
"stat_r200",0,"clustered",30,3,0.623500897449312
"stat_r200",0,"clustered",30,5,0.622143772467048
"stat_r200",0,"clustered",50,1,0.65656293754964
"stat_r200",0,"clustered",50,3,0.60496406743095
"stat_r200",0,"clustered",50,5,0.665819035947712
"stat_r200",0,"clustered",100,1,0.730301802503766
"stat_r200",0,"clustered",100,3,0.600469303517207
"stat_r200",0,"clustered",100,5,0.727722225809206
"stat_r200",0,"clustered",200,1,0.783002390515208
"stat_r200",0,"clustered",200,3,0.762557238537264
"stat_r200",0,"clustered",200,5,0.810529487328256
"stat_r200",0,"clustered",500,1,0.834816701485276
"stat_r200",0,"clustered",500,3,0.828175480870092
"stat_r200",0,"clustered",500,5,0.874228232578903
"stat_r200",0,"stratified",30,1,0.684723728081259
"stat_r200",0,"stratified",30,3,0.611903915494388
"stat_r200",0,"stratified",30,5,0.687135119422905
"stat_r200",0,"stratified",50,1,0.677937261186995
"stat_r200",0,"stratified",50,3,0.778181738101578
"stat_r200",0,"stratified",50,5,0.681822970460649
"stat_r200",0,"stratified",100,1,0.811907900662414
"stat_r200",0,"stratified",100,3,0.785136706980394
"stat_r200",0,"stratified",100,5,0.815067252158441
"stat_r200",0,"stratified",200,1,0.80218503442384
"stat_r200",0,"stratified",200,3,0.84460361633259
"stat_r200",0,"stratified",200,5,0.867160975609756
"stat_r200",0,"stratified",500,1,0.860333098082983
"stat_r200",0,"stratified",500,3,0.86555551857276
"stat_r200",0,"stratified",500,5,0.880960997975344
"stat_r200",1,"random",30,1,0.681780582978188
"stat_r200",1,"random",30,3,0.717554107169511
"stat_r200",1,"random",30,5,0.726495726495726
"stat_r200",1,"random",50,1,0.719454845946874
"stat_r200",1,"random",50,3,0.682465137546304
"stat_r200",1,"random",50,5,0.762032452016184
"stat_r200",1,"random",100,1,0.745084236563238
"stat_r200",1,"random",100,3,0.812383572084463
"stat_r200",1,"random",100,5,0.725848963187325
"stat_r200",1,"random",200,1,0.853121456095365
"stat_r200",1,"random",200,3,0.826660313634262
"stat_r200",1,"random",200,5,0.824199848247944
"stat_r200",1,"random",500,1,0.875255112580045
"stat_r200",1,"random",500,3,0.863479902287364
"stat_r200",1,"random",500,5,0.881325087737913
"stat_r200",1,"clustered",30,1,0.442719422460626
"stat_r200",1,"clustered",30,3,0.654018475703863
"stat_r200",1,"clustered",30,5,0.710540152768833
"stat_r200",1,"clustered",50,1,0.786411070780399
"stat_r200",1,"clustered",50,3,0.56208091363104
"stat_r200",1,"clustered",50,5,0.493332486664973
"stat_r200",1,"clustered",100,1,0.730746188087736
"stat_r200",1,"clustered",100,3,0.76046721852623
"stat_r200",1,"clustered",100,5,0.830839496672509
"stat_r200",1,"clustered",200,1,0.83865031053727
"stat_r200",1,"clustered",200,3,0.783749099745174
"stat_r200",1,"clustered",200,5,0.760498
"stat_r200",1,"clustered",500,1,0.861927599486521
"stat_r200",1,"clustered",500,3,0.871305581607869
"stat_r200",1,"clustered",500,5,0.86414478371288
"stat_r200",1,"stratified",30,1,0.747960320817336
"stat_r200",1,"stratified",30,3,0.741511246829999
"stat_r200",1,"stratified",30,5,0.581951098528842
"stat_r200",1,"stratified",50,1,0.62979787366441
"stat_r200",1,"stratified",50,3,0.695694955470585
"stat_r200",1,"stratified",50,5,0.807667837223714
"stat_r200",1,"stratified",100,1,0.776729584709169
"stat_r200",1,"stratified",100,3,0.739351618049042
"stat_r200",1,"stratified",100,5,0.836989099010689
"stat_r200",1,"stratified",200,1,0.858366352521805
"stat_r200",1,"stratified",200,3,0.83124873711861
"stat_r200",1,"stratified",200,5,0.854408764259511
"stat_r200",1,"stratified",500,1,0.876876992906878
"stat_r200",1,"stratified",500,3,0.880441665590783
"stat_r200",1,"stratified",500,5,0.86575937520705
"stat_r200",2,"random",30,1,0.726587991764592
"stat_r200",2,"random",30,3,0.768145719517807
"stat_r200",2,"random",30,5,0.785956519556531
"stat_r200",2,"random",50,1,0.772282569466166
"stat_r200",2,"random",50,3,0.600721127279425
"stat_r200",2,"random",50,5,0.645303594710374
"stat_r200",2,"random",100,1,0.808690022621741
"stat_r200",2,"random",100,3,0.750070610445886
"stat_r200",2,"random",100,5,0.860552132043324
"stat_r200",2,"random",200,1,0.839958875302977
"stat_r200",2,"random",200,3,0.855946007974907
"stat_r200",2,"random",200,5,0.862540603334098
"stat_r200",2,"random",500,1,0.87835120892516
"stat_r200",2,"random",500,3,0.872227602905569
"stat_r200",2,"random",500,5,0.886040690000455
"stat_r200",2,"clustered",30,1,0.493403580833391
"stat_r200",2,"clustered",30,3,0.464206052568122
"stat_r200",2,"clustered",30,5,0.629807511878045
"stat_r200",2,"clustered",50,1,0.599792971145353
"stat_r200",2,"clustered",50,3,0.658461963529195
"stat_r200",2,"clustered",50,5,0.723078703703704
"stat_r200",2,"clustered",100,1,0.772154879266381
"stat_r200",2,"clustered",100,3,0.631787664020433
"stat_r200",2,"clustered",100,5,0.714454907851407
"stat_r200",2,"clustered",200,1,0.779135185185185
"stat_r200",2,"clustered",200,3,0.84846950543732
"stat_r200",2,"clustered",200,5,0.816299597475088
"stat_r200",2,"clustered",500,1,0.870071684587814
"stat_r200",2,"clustered",500,3,0.8453888
"stat_r200",2,"clustered",500,5,0.869461420932009
"stat_r200",2,"stratified",30,1,0.758109932569519
"stat_r200",2,"stratified",30,3,0.751801358782344
"stat_r200",2,"stratified",30,5,0.730613494217607
"stat_r200",2,"stratified",50,1,0.673752777777778
"stat_r200",2,"stratified",50,3,0.828843085106383
"stat_r200",2,"stratified",50,5,0.689370871395531
"stat_r200",2,"stratified",100,1,0.695953898050975
"stat_r200",2,"stratified",100,3,0.837724442157671
"stat_r200",2,"stratified",100,5,0.848875925925926
"stat_r200",2,"stratified",200,1,0.838434687581562
"stat_r200",2,"stratified",200,3,0.875095009820817
"stat_r200",2,"stratified",200,5,0.878336647539319
"stat_r200",2,"stratified",500,1,0.864514485737135
"stat_r200",2,"stratified",500,3,0.872927440722365
"stat_r200",2,"stratified",500,5,0.888627916201446
"stat_r200",3,"random",30,1,0.696281218646399
"stat_r200",3,"random",30,3,0.714828157318293
"stat_r200",3,"random",30,5,0.510539795114263
"stat_r200",3,"random",50,1,0.765990379173741
"stat_r200",3,"random",50,3,0.588806443813093
"stat_r200",3,"random",50,5,0.712693528366818
"stat_r200",3,"random",100,1,0.832730618371992
"stat_r200",3,"random",100,3,0.802439632485341
"stat_r200",3,"random",100,5,0.816324392876316
"stat_r200",3,"random",200,1,0.880833804942464
"stat_r200",3,"random",200,3,0.888802294171503
"stat_r200",3,"random",200,5,0.861389636099861
"stat_r200",3,"random",500,1,0.887577100910434
"stat_r200",3,"random",500,3,0.882957307666258
"stat_r200",3,"random",500,5,0.90096357226792
"stat_r200",3,"clustered",30,1,0.527496763007501
"stat_r200",3,"clustered",30,3,0.592229271094403
"stat_r200",3,"clustered",30,5,0.45201792714149
"stat_r200",3,"clustered",50,1,0.601273460876738
"stat_r200",3,"clustered",50,3,0.802680790323223
"stat_r200",3,"clustered",50,5,0.674299514369994
"stat_r200",3,"clustered",100,1,0.72407753254103
"stat_r200",3,"clustered",100,3,0.695614096612332
"stat_r200",3,"clustered",100,5,0.735051536731634
"stat_r200",3,"clustered",200,1,0.850743255989436
"stat_r200",3,"clustered",200,3,0.827249367811404
"stat_r200",3,"clustered",200,5,0.833635140728477
"stat_r200",3,"clustered",500,1,0.88553608475117
"stat_r200",3,"clustered",500,3,0.89728743830883
"stat_r200",3,"clustered",500,5,0.900656846432235
"stat_r200",3,"stratified",30,1,0.728234632683658
"stat_r200",3,"stratified",30,3,0.715086102215671
"stat_r200",3,"stratified",30,5,0.587284409169202
"stat_r200",3,"stratified",50,1,0.802989616899391
"stat_r200",3,"stratified",50,3,0.663213917928501
"stat_r200",3,"stratified",50,5,0.765526131427771
"stat_r200",3,"stratified",100,1,0.838064329822776
"stat_r200",3,"stratified",100,3,0.861808702986019
"stat_r200",3,"stratified",100,5,0.84371617965368
"stat_r200",3,"stratified",200,1,0.851421362741355
"stat_r200",3,"stratified",200,3,0.869464780657423
"stat_r200",3,"stratified",200,5,0.877402828991114
"stat_r200",3,"stratified",500,1,0.887933558009142
"stat_r200",3,"stratified",500,3,0.874545871593575
"stat_r200",3,"stratified",500,5,0.882605000960041
"stat_r200",4,"random",30,1,0.576409119502617
"stat_r200",4,"random",30,3,0.586712711390991
"stat_r200",4,"random",30,5,0.603871574120835
"stat_r200",4,"random",50,1,0.669899630556741
"stat_r200",4,"random",50,3,0.657880249860342
"stat_r200",4,"random",50,5,0.605907933053399
"stat_r200",4,"random",100,1,0.758405614080607
"stat_r200",4,"random",100,3,0.768908064460667
"stat_r200",4,"random",100,5,0.709998461089872
"stat_r200",4,"random",200,1,0.784144224549452
"stat_r200",4,"random",200,3,0.788960536076759
"stat_r200",4,"random",200,5,0.75844362745098
"stat_r200",4,"random",500,1,0.80570033472444
"stat_r200",4,"random",500,3,0.847243773053604
"stat_r200",4,"random",500,5,0.81962763620607
"stat_r200",4,"clustered",30,1,0.588108679374626
"stat_r200",4,"clustered",30,3,0.472412773323351
"stat_r200",4,"clustered",30,5,0.45276801805902
"stat_r200",4,"clustered",50,1,0.47169062008024
"stat_r200",4,"clustered",50,3,0.474967403313772
"stat_r200",4,"clustered",50,5,0.530187156008999
"stat_r200",4,"clustered",100,1,0.766186719092531
"stat_r200",4,"clustered",100,3,0.687626294806211
"stat_r200",4,"clustered",100,5,0.63563443670151
"stat_r200",4,"clustered",200,1,0.596611366261057
"stat_r200",4,"clustered",200,3,0.669486036102647
"stat_r200",4,"clustered",200,5,0.682572580710072
"stat_r200",4,"clustered",500,1,0.812110566810529
"stat_r200",4,"clustered",500,3,0.804235205701547
"stat_r200",4,"clustered",500,5,0.796348905723906
"stat_r200",4,"stratified",30,1,0.599667094365073
"stat_r200",4,"stratified",30,3,0.615821794701105
"stat_r200",4,"stratified",30,5,0.597612966942639
"stat_r200",4,"stratified",50,1,0.657255376202745
"stat_r200",4,"stratified",50,3,0.736572844528995
"stat_r200",4,"stratified",50,5,0.672926277702397
"stat_r200",4,"stratified",100,1,0.718839703572104
"stat_r200",4,"stratified",100,3,0.794419232536765
"stat_r200",4,"stratified",100,5,0.780119683104981
"stat_r200",4,"stratified",200,1,0.7967605941813
"stat_r200",4,"stratified",200,3,0.790215965959269
"stat_r200",4,"stratified",200,5,0.787704597199424
"stat_r200",4,"stratified",500,1,0.819742480607324
"stat_r200",4,"stratified",500,3,0.823866969634373
"stat_r200",4,"stratified",500,5,0.80337221903487
"stat_r200",5,"random",30,1,0.632572830183124
"stat_r200",5,"random",30,3,0.66874210348475
"stat_r200",5,"random",30,5,0.76633653452278
"stat_r200",5,"random",50,1,0.777835482363803
"stat_r200",5,"random",50,3,0.725486849718632
"stat_r200",5,"random",50,5,0.802272008672478
"stat_r200",5,"random",100,1,0.745503878408067
"stat_r200",5,"random",100,3,0.822584382411969
"stat_r200",5,"random",100,5,0.849717272709167
"stat_r200",5,"random",200,1,0.871944883503103
"stat_r200",5,"random",200,3,0.869613781687407
"stat_r200",5,"random",200,5,0.887230471602629
"stat_r200",5,"random",500,1,0.886425925925926
"stat_r200",5,"random",500,3,0.888941550487079
"stat_r200",5,"random",500,5,0.901199031137574
"stat_r200",5,"clustered",30,1,0.587786139710975
"stat_r200",5,"clustered",30,3,0.5500874009579
"stat_r200",5,"clustered",30,5,0.667065677483956
"stat_r200",5,"clustered",50,1,0.647874196070333
"stat_r200",5,"clustered",50,3,0.47867076490799
"stat_r200",5,"clustered",50,5,0.6047056107896
"stat_r200",5,"clustered",100,1,0.745342604531221
"stat_r200",5,"clustered",100,3,0.752485828796769
"stat_r200",5,"clustered",100,5,0.698231848180319
"stat_r200",5,"clustered",200,1,0.799594721839317
"stat_r200",5,"clustered",200,3,0.826785724064038
"stat_r200",5,"clustered",200,5,0.77833178584745
"stat_r200",5,"clustered",500,1,0.879504970612804
"stat_r200",5,"clustered",500,3,0.876223876009835
"stat_r200",5,"clustered",500,5,0.890279233636152
"stat_r200",5,"stratified",30,1,0.732172359022539
"stat_r200",5,"stratified",30,3,0.614049830834743
"stat_r200",5,"stratified",30,5,0.727953582611899
"stat_r200",5,"stratified",50,1,0.752857800699945
"stat_r200",5,"stratified",50,3,0.693626555834746
"stat_r200",5,"stratified",50,5,0.76712844998084
"stat_r200",5,"stratified",100,1,0.832459175496559
"stat_r200",5,"stratified",100,3,0.874163473818646
"stat_r200",5,"stratified",100,5,0.870874846607842
"stat_r200",5,"stratified",200,1,0.867197931575788
"stat_r200",5,"stratified",200,3,0.87458445342334
"stat_r200",5,"stratified",200,5,0.88540503614033
"stat_r200",5,"stratified",500,1,0.893810639885824
"stat_r200",5,"stratified",500,3,0.907441348973607
"stat_r200",5,"stratified",500,5,0.901887146401438
"nonstat_r30",0,"random",30,1,0.623326851340411
"nonstat_r30",0,"random",30,3,0.667617861616957
"nonstat_r30",0,"random",30,5,0.671496070675303
"nonstat_r30",0,"random",50,1,0.686371006715417
"nonstat_r30",0,"random",50,3,0.759685185185185
"nonstat_r30",0,"random",50,5,0.597364162996772
"nonstat_r30",0,"random",100,1,0.673714056249015
"nonstat_r30",0,"random",100,3,0.728940212330043
"nonstat_r30",0,"random",100,5,0.647834243346461
"nonstat_r30",0,"random",200,1,0.77636057734223
"nonstat_r30",0,"random",200,3,0.803012962962963
"nonstat_r30",0,"random",200,5,0.740421455938697
"nonstat_r30",0,"random",500,1,0.811391334206806
"nonstat_r30",0,"random",500,3,0.8355250844133
"nonstat_r30",0,"random",500,5,0.818300607166358
"nonstat_r30",0,"clustered",30,1,0.619358333333333
"nonstat_r30",0,"clustered",30,3,0.594995125121872
"nonstat_r30",0,"clustered",30,5,0.477825773667895
"nonstat_r30",0,"clustered",50,1,0.640822285353535
"nonstat_r30",0,"clustered",50,3,0.490456449096155
"nonstat_r30",0,"clustered",50,5,0.584424601512605
"nonstat_r30",0,"clustered",100,1,0.634328094583816
"nonstat_r30",0,"clustered",100,3,0.647558252222644
"nonstat_r30",0,"clustered",100,5,0.668768545312572
"nonstat_r30",0,"clustered",200,1,0.740569703829466
"nonstat_r30",0,"clustered",200,3,0.691255885120209
"nonstat_r30",0,"clustered",200,5,0.701275129960178
"nonstat_r30",0,"clustered",500,1,0.817781270703654
"nonstat_r30",0,"clustered",500,3,0.802097244892912
"nonstat_r30",0,"clustered",500,5,0.763840475416686
"nonstat_r30",0,"stratified",30,1,0.69568821009499
"nonstat_r30",0,"stratified",30,3,0.688382294121104
"nonstat_r30",0,"stratified",30,5,0.651520459641256
"nonstat_r30",0,"stratified",50,1,0.707712599714252
"nonstat_r30",0,"stratified",50,3,0.636285147052034
"nonstat_r30",0,"stratified",50,5,0.54328733331349
"nonstat_r30",0,"stratified",100,1,0.740824636979037
"nonstat_r30",0,"stratified",100,3,0.779143229651704
"nonstat_r30",0,"stratified",100,5,0.72965581444039
"nonstat_r30",0,"stratified",200,1,0.784379854468155
"nonstat_r30",0,"stratified",200,3,0.784646865968141
"nonstat_r30",0,"stratified",200,5,0.716155872407491
"nonstat_r30",0,"stratified",500,1,0.82155062278928
"nonstat_r30",0,"stratified",500,3,0.823291783812885
"nonstat_r30",0,"stratified",500,5,0.792899231521796
"nonstat_r30",1,"random",30,1,0.57330220713073
"nonstat_r30",1,"random",30,3,0.659628871051607
"nonstat_r30",1,"random",30,5,0.544236490216525
"nonstat_r30",1,"random",50,1,0.686736569742555
"nonstat_r30",1,"random",50,3,0.486518973605569
"nonstat_r30",1,"random",50,5,0.610941388037061
"nonstat_r30",1,"random",100,1,0.710479040796794
"nonstat_r30",1,"random",100,3,0.725856680391455
"nonstat_r30",1,"random",100,5,0.778540718065469
"nonstat_r30",1,"random",200,1,0.821097381335816
"nonstat_r30",1,"random",200,3,0.795743031315053
"nonstat_r30",1,"random",200,5,0.73945617933953
"nonstat_r30",1,"random",500,1,0.821727296930276
"nonstat_r30",1,"random",500,3,0.802127791411849
"nonstat_r30",1,"random",500,5,0.827934414280286
"nonstat_r30",1,"clustered",30,1,0.589183541328843
"nonstat_r30",1,"clustered",30,3,0.567162493185264
"nonstat_r30",1,"clustered",30,5,0.595981062659973
"nonstat_r30",1,"clustered",50,1,0.661957750646867
"nonstat_r30",1,"clustered",50,3,0.478333022909294
"nonstat_r30",1,"clustered",50,5,0.578402104166502
"nonstat_r30",1,"clustered",100,1,0.640134604978355
"nonstat_r30",1,"clustered",100,3,0.65794095453688
"nonstat_r30",1,"clustered",100,5,0.658935090715415
"nonstat_r30",1,"clustered",200,1,0.728376428096476
"nonstat_r30",1,"clustered",200,3,0.76074270950882
"nonstat_r30",1,"clustered",200,5,0.79135410815878
"nonstat_r30",1,"clustered",500,1,0.819920363520754
"nonstat_r30",1,"clustered",500,3,0.810047179532474
"nonstat_r30",1,"clustered",500,5,0.789902311975973
"nonstat_r30",1,"stratified",30,1,0.63662696744664
"nonstat_r30",1,"stratified",30,3,0.532138723544973
"nonstat_r30",1,"stratified",30,5,0.644205139859332
"nonstat_r30",1,"stratified",50,1,0.652454407294833
"nonstat_r30",1,"stratified",50,3,0.674882256169213
"nonstat_r30",1,"stratified",50,5,0.656307219366924
"nonstat_r30",1,"stratified",100,1,0.723433937131719
"nonstat_r30",1,"stratified",100,3,0.735816890292028
"nonstat_r30",1,"stratified",100,5,0.77570645151366
"nonstat_r30",1,"stratified",200,1,0.789570619658326
"nonstat_r30",1,"stratified",200,3,0.827132630982577
"nonstat_r30",1,"stratified",200,5,0.814685858782338
"nonstat_r30",1,"stratified",500,1,0.838978526229764
"nonstat_r30",1,"stratified",500,3,0.834240786869455
"nonstat_r30",1,"stratified",500,5,0.830871913580247
"nonstat_r30",2,"random",30,1,0.598179360772422
"nonstat_r30",2,"random",30,3,0.58519706872648
"nonstat_r30",2,"random",30,5,0.612570519696387
"nonstat_r30",2,"random",50,1,0.671623983329972
"nonstat_r30",2,"random",50,3,0.649332216253511
"nonstat_r30",2,"random",50,5,0.605742739403454
"nonstat_r30",2,"random",100,1,0.72687753420344
"nonstat_r30",2,"random",100,3,0.778109367668461
"nonstat_r30",2,"random",100,5,0.733946429468817
"nonstat_r30",2,"random",200,1,0.722792075163399
"nonstat_r30",2,"random",200,3,0.777898929263172
"nonstat_r30",2,"random",200,5,0.770947283783105
"nonstat_r30",2,"random",500,1,0.783923491338321
"nonstat_r30",2,"random",500,3,0.818119761239522
"nonstat_r30",2,"random",500,5,0.829460487045974
"nonstat_r30",2,"clustered",30,1,0.515015323879279
"nonstat_r30",2,"clustered",30,3,0.516227884283673
"nonstat_r30",2,"clustered",30,5,0.499362529483011
"nonstat_r30",2,"clustered",50,1,0.592206903594771
"nonstat_r30",2,"clustered",50,3,0.596864740772082
"nonstat_r30",2,"clustered",50,5,0.531770712740221
"nonstat_r30",2,"clustered",100,1,0.619230598936096
"nonstat_r30",2,"clustered",100,3,0.609126822229962
"nonstat_r30",2,"clustered",100,5,0.5732492237938
"nonstat_r30",2,"clustered",200,1,0.762550881953867
"nonstat_r30",2,"clustered",200,3,0.696755784574858
"nonstat_r30",2,"clustered",200,5,0.660645217567142
"nonstat_r30",2,"clustered",500,1,0.755330279708898
"nonstat_r30",2,"clustered",500,3,0.803551884890486
"nonstat_r30",2,"clustered",500,5,0.786037923836032
"nonstat_r30",2,"stratified",30,1,0.632699850158439
"nonstat_r30",2,"stratified",30,3,0.660138558224916
"nonstat_r30",2,"stratified",30,5,0.683802899752937
"nonstat_r30",2,"stratified",50,1,0.679099246451311
"nonstat_r30",2,"stratified",50,3,0.619400168280005
"nonstat_r30",2,"stratified",50,5,0.739927099987763
"nonstat_r30",2,"stratified",100,1,0.667950258407285
"nonstat_r30",2,"stratified",100,3,0.739192576543522
"nonstat_r30",2,"stratified",100,5,0.762362529148547
"nonstat_r30",2,"stratified",200,1,0.756066129925418
"nonstat_r30",2,"stratified",200,3,0.804319156276182
"nonstat_r30",2,"stratified",200,5,0.807989337333849
"nonstat_r30",2,"stratified",500,1,0.800705207494542
"nonstat_r30",2,"stratified",500,3,0.838809858932186
"nonstat_r30",2,"stratified",500,5,0.840051961362675
"nonstat_r30",3,"random",30,1,0.550311657555688
"nonstat_r30",3,"random",30,3,0.685440350816013
"nonstat_r30",3,"random",30,5,0.593176773993555
"nonstat_r30",3,"random",50,1,0.646628245823464
"nonstat_r30",3,"random",50,3,0.606070610788647
"nonstat_r30",3,"random",50,5,0.541438617371699
"nonstat_r30",3,"random",100,1,0.732769022100919
"nonstat_r30",3,"random",100,3,0.658931305545339
"nonstat_r30",3,"random",100,5,0.602230869771863
"nonstat_r30",3,"random",200,1,0.760755555555556
"nonstat_r30",3,"random",200,3,0.688767173031532
"nonstat_r30",3,"random",200,5,0.694044455992423
"nonstat_r30",3,"random",500,1,0.784886414366456
"nonstat_r30",3,"random",500,3,0.760767195371713
"nonstat_r30",3,"random",500,5,0.708743268894707
"nonstat_r30",3,"clustered",30,1,0.583091555183947
"nonstat_r30",3,"clustered",30,3,0.482310827759197
"nonstat_r30",3,"clustered",30,5,0.442150764544209
"nonstat_r30",3,"clustered",50,1,0.561429765886288
"nonstat_r30",3,"clustered",50,3,0.540836070247835
"nonstat_r30",3,"clustered",50,5,0.567021887455246
"nonstat_r30",3,"clustered",100,1,0.46976466514125
"nonstat_r30",3,"clustered",100,3,0.54757026781978
"nonstat_r30",3,"clustered",100,5,0.624410513027273
"nonstat_r30",3,"clustered",200,1,0.696727195271314
"nonstat_r30",3,"clustered",200,3,0.619057076942888
"nonstat_r30",3,"clustered",200,5,0.668948261959201
"nonstat_r30",3,"clustered",500,1,0.783270186446717
"nonstat_r30",3,"clustered",500,3,0.742913183888486
"nonstat_r30",3,"clustered",500,5,0.655407173009026
"nonstat_r30",3,"stratified",30,1,0.602599176336565
"nonstat_r30",3,"stratified",30,3,0.643844416086087
"nonstat_r30",3,"stratified",30,5,0.497949233296479
"nonstat_r30",3,"stratified",50,1,0.635685538078914
"nonstat_r30",3,"stratified",50,3,0.613027978757069
"nonstat_r30",3,"stratified",50,5,0.584180387146288
"nonstat_r30",3,"stratified",100,1,0.730121045044971
"nonstat_r30",3,"stratified",100,3,0.716060296902154
"nonstat_r30",3,"stratified",100,5,0.645738181958336
"nonstat_r30",3,"stratified",200,1,0.745800819720222
"nonstat_r30",3,"stratified",200,3,0.726162516602767
"nonstat_r30",3,"stratified",200,5,0.694721875433486
"nonstat_r30",3,"stratified",500,1,0.796535295950349
"nonstat_r30",3,"stratified",500,3,0.767031030578525
"nonstat_r30",3,"stratified",500,5,0.761149896988047
"nonstat_r30",4,"random",30,1,0.551619194005476
"nonstat_r30",4,"random",30,3,0.580382804378402
"nonstat_r30",4,"random",30,5,0.70010679950527
"nonstat_r30",4,"random",50,1,0.751049795756615
"nonstat_r30",4,"random",50,3,0.683158636897767
"nonstat_r30",4,"random",50,5,0.672221915938398
"nonstat_r30",4,"random",100,1,0.783613397129187
"nonstat_r30",4,"random",100,3,0.798454096417655
"nonstat_r30",4,"random",100,5,0.614073359956103
"nonstat_r30",4,"random",200,1,0.787562105134024
"nonstat_r30",4,"random",200,3,0.835938916762377
"nonstat_r30",4,"random",200,5,0.841785645933014
"nonstat_r30",4,"random",500,1,0.816893861454047
"nonstat_r30",4,"random",500,3,0.847163085928148
"nonstat_r30",4,"random",500,5,0.862807289632078
"nonstat_r30",4,"clustered",30,1,0.654520577264111
"nonstat_r30",4,"clustered",30,3,0.6862996329663
"nonstat_r30",4,"clustered",30,5,0.498366729153112
"nonstat_r30",4,"clustered",50,1,0.584744457077331
"nonstat_r30",4,"clustered",50,3,0.557922812674067
"nonstat_r30",4,"clustered",50,5,0.696418272228457
"nonstat_r30",4,"clustered",100,1,0.703701228396134
"nonstat_r30",4,"clustered",100,3,0.678640031094446
"nonstat_r30",4,"clustered",100,5,0.763719561460708
"nonstat_r30",4,"clustered",200,1,0.694835653774476
"nonstat_r30",4,"clustered",200,3,0.750711455401245
"nonstat_r30",4,"clustered",200,5,0.810453731054186
"nonstat_r30",4,"clustered",500,1,0.786278081360049
"nonstat_r30",4,"clustered",500,3,0.852750368094671
"nonstat_r30",4,"clustered",500,5,0.825752525001244
"nonstat_r30",4,"stratified",30,1,0.624629667515306
"nonstat_r30",4,"stratified",30,3,0.693057084327035
"nonstat_r30",4,"stratified",30,5,0.768508749519766
"nonstat_r30",4,"stratified",50,1,0.666758541996342
"nonstat_r30",4,"stratified",50,3,0.689846643518519
"nonstat_r30",4,"stratified",50,5,0.711337517099599
"nonstat_r30",4,"stratified",100,1,0.768817350709979
"nonstat_r30",4,"stratified",100,3,0.756661809635723
"nonstat_r30",4,"stratified",100,5,0.767911481284199
"nonstat_r30",4,"stratified",200,1,0.805788373860182
"nonstat_r30",4,"stratified",200,3,0.842310036799844
"nonstat_r30",4,"stratified",200,5,0.841584877392527
"nonstat_r30",4,"stratified",500,1,0.809619922755313
"nonstat_r30",4,"stratified",500,3,0.866091025484697
"nonstat_r30",4,"stratified",500,5,0.857150579463646
"nonstat_r30",5,"random",30,1,0.730648120156749
"nonstat_r30",5,"random",30,3,0.598759161759423
"nonstat_r30",5,"random",30,5,0.562949403941151
"nonstat_r30",5,"random",50,1,0.680906227967098
"nonstat_r30",5,"random",50,3,0.77702401625411
"nonstat_r30",5,"random",50,5,0.651799764982374
"nonstat_r30",5,"random",100,1,0.828520245625375
"nonstat_r30",5,"random",100,3,0.780268817999054
"nonstat_r30",5,"random",100,5,0.758719128311215
"nonstat_r30",5,"random",200,1,0.871771178263125
"nonstat_r30",5,"random",200,3,0.887679445585254
"nonstat_r30",5,"random",200,5,0.849993838865174
"nonstat_r30",5,"random",500,1,0.889309308533699
"nonstat_r30",5,"random",500,3,0.880319129257338
"nonstat_r30",5,"random",500,5,0.876800770718665
"nonstat_r30",5,"clustered",30,1,0.578666887820806
"nonstat_r30",5,"clustered",30,3,0.620939786405476
"nonstat_r30",5,"clustered",30,5,0.557850875465768
"nonstat_r30",5,"clustered",50,1,0.595518826315056
"nonstat_r30",5,"clustered",50,3,0.63461396475218
"nonstat_r30",5,"clustered",50,5,0.592372222222222
"nonstat_r30",5,"clustered",100,1,0.755617313150426
"nonstat_r30",5,"clustered",100,3,0.722759776987718
"nonstat_r30",5,"clustered",100,5,0.56185196334203
"nonstat_r30",5,"clustered",200,1,0.844745698079031
"nonstat_r30",5,"clustered",200,3,0.841798681455283
"nonstat_r30",5,"clustered",200,5,0.81421434169279
"nonstat_r30",5,"clustered",500,1,0.848630125455705
"nonstat_r30",5,"clustered",500,3,0.859811396209864
"nonstat_r30",5,"clustered",500,5,0.877256453174609
"nonstat_r30",5,"stratified",30,1,0.685725047855476
"nonstat_r30",5,"stratified",30,3,0.78275660408338
"nonstat_r30",5,"stratified",30,5,0.690309583415583
"nonstat_r30",5,"stratified",50,1,0.694221830795382
"nonstat_r30",5,"stratified",50,3,0.711675262479278
"nonstat_r30",5,"stratified",50,5,0.650885717291967
"nonstat_r30",5,"stratified",100,1,0.825948148148148
"nonstat_r30",5,"stratified",100,3,0.83470491202346
"nonstat_r30",5,"stratified",100,5,0.865363477298558
"nonstat_r30",5,"stratified",200,1,0.860015785319653
"nonstat_r30",5,"stratified",200,3,0.874709206329294
"nonstat_r30",5,"stratified",200,5,0.849506425777612
"nonstat_r30",5,"stratified",500,1,0.878456512907839
"nonstat_r30",5,"stratified",500,3,0.896214548387335
"nonstat_r30",5,"stratified",500,5,0.882856897170545
"nonstat_r80",0,"random",30,1,0.511744651044068
"nonstat_r80",0,"random",30,3,0.578676657353315
"nonstat_r80",0,"random",30,5,0.672380952380952
"nonstat_r80",0,"random",50,1,0.613454883159766
"nonstat_r80",0,"random",50,3,0.726229682141506
"nonstat_r80",0,"random",50,5,0.672750233436885
"nonstat_r80",0,"random",100,1,0.807631132716452
"nonstat_r80",0,"random",100,3,0.701407260689502
"nonstat_r80",0,"random",100,5,0.752866506069328
"nonstat_r80",0,"random",200,1,0.792371778437524
"nonstat_r80",0,"random",200,3,0.751194571588244
"nonstat_r80",0,"random",200,5,0.774481158165596
"nonstat_r80",0,"random",500,1,0.854268803770243
"nonstat_r80",0,"random",500,3,0.860133032766066
"nonstat_r80",0,"random",500,5,0.813253036242128
"nonstat_r80",0,"clustered",30,1,0.605477731001056
"nonstat_r80",0,"clustered",30,3,0.606460138853745
"nonstat_r80",0,"clustered",30,5,0.624774780956713
"nonstat_r80",0,"clustered",50,1,0.560995884789799
"nonstat_r80",0,"clustered",50,3,0.590387478037353
"nonstat_r80",0,"clustered",50,5,0.649080050297451
"nonstat_r80",0,"clustered",100,1,0.568627299188704
"nonstat_r80",0,"clustered",100,3,0.669259588519177
"nonstat_r80",0,"clustered",100,5,0.723746787080925
"nonstat_r80",0,"clustered",200,1,0.677374
"nonstat_r80",0,"clustered",200,3,0.708046368771988
"nonstat_r80",0,"clustered",200,5,0.778705831828918
"nonstat_r80",0,"clustered",500,1,0.853458
"nonstat_r80",0,"clustered",500,3,0.835796805811234
"nonstat_r80",0,"clustered",500,5,0.803510096923271
"nonstat_r80",0,"stratified",30,1,0.643502203296932
"nonstat_r80",0,"stratified",30,3,0.633002993933079
"nonstat_r80",0,"stratified",30,5,0.685517805382606
"nonstat_r80",0,"stratified",50,1,0.726233631795537
"nonstat_r80",0,"stratified",50,3,0.701617020254295
"nonstat_r80",0,"stratified",50,5,0.682031698221457
"nonstat_r80",0,"stratified",100,1,0.826793651040866
"nonstat_r80",0,"stratified",100,3,0.782174602951708
"nonstat_r80",0,"stratified",100,5,0.716182470315967
"nonstat_r80",0,"stratified",200,1,0.74332193147594
"nonstat_r80",0,"stratified",200,3,0.832984716644355
"nonstat_r80",0,"stratified",200,5,0.818950006425909
"nonstat_r80",0,"stratified",500,1,0.847213872471327
"nonstat_r80",0,"stratified",500,3,0.831152815120751
"nonstat_r80",0,"stratified",500,5,0.830343780151515
"nonstat_r80",1,"random",30,1,0.595259274763225
"nonstat_r80",1,"random",30,3,0.73718625846318
"nonstat_r80",1,"random",30,5,0.610771284292163
"nonstat_r80",1,"random",50,1,0.600712545587691
"nonstat_r80",1,"random",50,3,0.60967975109778
"nonstat_r80",1,"random",50,5,0.791948239457643
"nonstat_r80",1,"random",100,1,0.747793436740363
"nonstat_r80",1,"random",100,3,0.806635536186015
"nonstat_r80",1,"random",100,5,0.786810927995012
"nonstat_r80",1,"random",200,1,0.841876143031752
"nonstat_r80",1,"random",200,3,0.840890799805686
"nonstat_r80",1,"random",200,5,0.824409523929512
"nonstat_r80",1,"random",500,1,0.860820504817158
"nonstat_r80",1,"random",500,3,0.863418737060041
"nonstat_r80",1,"random",500,5,0.87328443079516
"nonstat_r80",1,"clustered",30,1,0.651440228478172
"nonstat_r80",1,"clustered",30,3,0.544763368128852
"nonstat_r80",1,"clustered",30,5,0.730181075108301
"nonstat_r80",1,"clustered",50,1,0.653199220326281
"nonstat_r80",1,"clustered",50,3,0.576094212573286
"nonstat_r80",1,"clustered",50,5,0.658422306205588
"nonstat_r80",1,"clustered",100,1,0.680316827513089
"nonstat_r80",1,"clustered",100,3,0.828794267603693
"nonstat_r80",1,"clustered",100,5,0.695579485399903
"nonstat_r80",1,"clustered",200,1,0.811698742396858
"nonstat_r80",1,"clustered",200,3,0.778888641409388
"nonstat_r80",1,"clustered",200,5,0.765783837950826
"nonstat_r80",1,"clustered",500,1,0.865086384596245
"nonstat_r80",1,"clustered",500,3,0.864261062492296
"nonstat_r80",1,"clustered",500,5,0.844213244959877
"nonstat_r80",1,"stratified",30,1,0.70387698725594
"nonstat_r80",1,"stratified",30,3,0.696828721613507
"nonstat_r80",1,"stratified",30,5,0.595605780919364
"nonstat_r80",1,"stratified",50,1,0.808100322470256
"nonstat_r80",1,"stratified",50,3,0.618473575398041
"nonstat_r80",1,"stratified",50,5,0.756577597213318
"nonstat_r80",1,"stratified",100,1,0.804338756022523
"nonstat_r80",1,"stratified",100,3,0.793067598495405
"nonstat_r80",1,"stratified",100,5,0.783726334470394
"nonstat_r80",1,"stratified",200,1,0.839480814930737
"nonstat_r80",1,"stratified",200,3,0.86093764428326
"nonstat_r80",1,"stratified",200,5,0.846237523443284
"nonstat_r80",1,"stratified",500,1,0.873958354176861
"nonstat_r80",1,"stratified",500,3,0.897479647053088
"nonstat_r80",1,"stratified",500,5,0.871491937305208
"nonstat_r80",2,"random",30,1,0.661875768006655
"nonstat_r80",2,"random",30,3,0.547479304039032
"nonstat_r80",2,"random",30,5,0.626553857022607
"nonstat_r80",2,"random",50,1,0.678398415393322
"nonstat_r80",2,"random",50,3,0.652457561728395
"nonstat_r80",2,"random",50,5,0.621106902356902
"nonstat_r80",2,"random",100,1,0.757443834595611
"nonstat_r80",2,"random",100,3,0.782328711940002
"nonstat_r80",2,"random",100,5,0.748356757232276
"nonstat_r80",2,"random",200,1,0.784603236810759
"nonstat_r80",2,"random",200,3,0.802806225838633
"nonstat_r80",2,"random",200,5,0.814763868065967
"nonstat_r80",2,"random",500,1,0.846776009283154
"nonstat_r80",2,"random",500,3,0.827488351986166
"nonstat_r80",2,"random",500,5,0.842631079027356
"nonstat_r80",2,"clustered",30,1,0.563060423761097
"nonstat_r80",2,"clustered",30,3,0.690692515432099
"nonstat_r80",2,"clustered",30,5,0.610878661087866
"nonstat_r80",2,"clustered",50,1,0.709001027418267
"nonstat_r80",2,"clustered",50,3,0.493480278692599
"nonstat_r80",2,"clustered",50,5,0.701816345215306
"nonstat_r80",2,"clustered",100,1,0.721151571122187
"nonstat_r80",2,"clustered",100,3,0.726800892802544
"nonstat_r80",2,"clustered",100,5,0.717226315274569
"nonstat_r80",2,"clustered",200,1,0.787986773001362
"nonstat_r80",2,"clustered",200,3,0.728961839036995
"nonstat_r80",2,"clustered",200,5,0.754169502261249
"nonstat_r80",2,"clustered",500,1,0.833462577160494
"nonstat_r80",2,"clustered",500,3,0.836963350170558
"nonstat_r80",2,"clustered",500,5,0.838774894215601
"nonstat_r80",2,"stratified",30,1,0.641594841071205
"nonstat_r80",2,"stratified",30,3,0.6050593191613
"nonstat_r80",2,"stratified",30,5,0.576241543222675
"nonstat_r80",2,"stratified",50,1,0.687193301435407
"nonstat_r80",2,"stratified",50,3,0.655763198265927
"nonstat_r80",2,"stratified",50,5,0.675973239214034
"nonstat_r80",2,"stratified",100,1,0.781631802858218
"nonstat_r80",2,"stratified",100,3,0.750425987162031
"nonstat_r80",2,"stratified",100,5,0.772254132849873
"nonstat_r80",2,"stratified",200,1,0.801888519888439
"nonstat_r80",2,"stratified",200,3,0.803124303907801
"nonstat_r80",2,"stratified",200,5,0.848476479445525
"nonstat_r80",2,"stratified",500,1,0.851950987841945
"nonstat_r80",2,"stratified",500,3,0.835088611758676
"nonstat_r80",2,"stratified",500,5,0.851875264579643
"nonstat_r80",3,"random",30,1,0.61935294550506
"nonstat_r80",3,"random",30,3,0.556359490961543
"nonstat_r80",3,"random",30,5,0.696614216207228
"nonstat_r80",3,"random",50,1,0.76697711207388
"nonstat_r80",3,"random",50,3,0.623895407079789
"nonstat_r80",3,"random",50,5,0.700996053036869
"nonstat_r80",3,"random",100,1,0.803008928571429
"nonstat_r80",3,"random",100,3,0.766796357154292
"nonstat_r80",3,"random",100,5,0.831245791245791
"nonstat_r80",3,"random",200,1,0.855143223921322
"nonstat_r80",3,"random",200,3,0.866139838577385
"nonstat_r80",3,"random",200,5,0.839556753239049
"nonstat_r80",3,"random",500,1,0.864048641633625
"nonstat_r80",3,"random",500,3,0.871379714185126
"nonstat_r80",3,"random",500,5,0.848927514792899
"nonstat_r80",3,"clustered",30,1,0.641844586442647
"nonstat_r80",3,"clustered",30,3,0.526286607142857
"nonstat_r80",3,"clustered",30,5,0.458285696850698
"nonstat_r80",3,"clustered",50,1,0.502156212385126
"nonstat_r80",3,"clustered",50,3,0.531642730515542
"nonstat_r80",3,"clustered",50,5,0.63745743596417
"nonstat_r80",3,"clustered",100,1,0.640437772331155
"nonstat_r80",3,"clustered",100,3,0.710488465957108
"nonstat_r80",3,"clustered",100,5,0.811676559553491
"nonstat_r80",3,"clustered",200,1,0.785950975129719
"nonstat_r80",3,"clustered",200,3,0.844968546722933
"nonstat_r80",3,"clustered",200,5,0.794205027985142
"nonstat_r80",3,"clustered",500,1,0.861574044168838
"nonstat_r80",3,"clustered",500,3,0.849990790200774
"nonstat_r80",3,"clustered",500,5,0.813638124046688
"nonstat_r80",3,"stratified",30,1,0.66164924626891
"nonstat_r80",3,"stratified",30,3,0.57628624723216
"nonstat_r80",3,"stratified",30,5,0.576990680293548
"nonstat_r80",3,"stratified",50,1,0.762285638874622
"nonstat_r80",3,"stratified",50,3,0.672834436751402
"nonstat_r80",3,"stratified",50,5,0.79537250286985
"nonstat_r80",3,"stratified",100,1,0.851943254846728
"nonstat_r80",3,"stratified",100,3,0.850143859018162
"nonstat_r80",3,"stratified",100,5,0.76696601463412
"nonstat_r80",3,"stratified",200,1,0.859956334382551
"nonstat_r80",3,"stratified",200,3,0.855648248959903
"nonstat_r80",3,"stratified",200,5,0.8481296807288
"nonstat_r80",3,"stratified",500,1,0.862434807777863
"nonstat_r80",3,"stratified",500,3,0.865689786756453
"nonstat_r80",3,"stratified",500,5,0.868770830170401
"nonstat_r80",4,"random",30,1,0.554095650408726
"nonstat_r80",4,"random",30,3,0.601316948312875
"nonstat_r80",4,"random",30,5,0.646088525571901
"nonstat_r80",4,"random",50,1,0.658699044237267
"nonstat_r80",4,"random",50,3,0.635228733772967
"nonstat_r80",4,"random",50,5,0.577222499561504
"nonstat_r80",4,"random",100,1,0.756120447489035
"nonstat_r80",4,"random",100,3,0.761620122796593
"nonstat_r80",4,"random",100,5,0.694007002528691
"nonstat_r80",4,"random",200,1,0.829064600925861
"nonstat_r80",4,"random",200,3,0.846617744221747
"nonstat_r80",4,"random",200,5,0.825885510634636
"nonstat_r80",4,"random",500,1,0.838767525590967
"nonstat_r80",4,"random",500,3,0.847224170719541
"nonstat_r80",4,"random",500,5,0.864171193166907
"nonstat_r80",4,"clustered",30,1,0.524930232013901
"nonstat_r80",4,"clustered",30,3,0.579431007001151
"nonstat_r80",4,"clustered",30,5,0.542637307842233
"nonstat_r80",4,"clustered",50,1,0.626279456579896
"nonstat_r80",4,"clustered",50,3,0.498761236286186
"nonstat_r80",4,"clustered",50,5,0.530583827868581
"nonstat_r80",4,"clustered",100,1,0.547900270061728
"nonstat_r80",4,"clustered",100,3,0.655864037982838
"nonstat_r80",4,"clustered",100,5,0.581050850680331
"nonstat_r80",4,"clustered",200,1,0.659566899458528
"nonstat_r80",4,"clustered",200,3,0.683222705424582
"nonstat_r80",4,"clustered",200,5,0.733521223293628
"nonstat_r80",4,"clustered",500,1,0.814721531100479
"nonstat_r80",4,"clustered",500,3,0.844808199412906
"nonstat_r80",4,"clustered",500,5,0.864515670752401
"nonstat_r80",4,"stratified",30,1,0.557876463120084
"nonstat_r80",4,"stratified",30,3,0.605222954822955
"nonstat_r80",4,"stratified",30,5,0.603909647381358
"nonstat_r80",4,"stratified",50,1,0.668586925694838
"nonstat_r80",4,"stratified",50,3,0.578059113554406
"nonstat_r80",4,"stratified",50,5,0.655581986982522
"nonstat_r80",4,"stratified",100,1,0.694981156320272
"nonstat_r80",4,"stratified",100,3,0.741447816804448
"nonstat_r80",4,"stratified",100,5,0.780223937789453
"nonstat_r80",4,"stratified",200,1,0.824679757855108
"nonstat_r80",4,"stratified",200,3,0.828002350711051
"nonstat_r80",4,"stratified",200,5,0.854367864178545
"nonstat_r80",4,"stratified",500,1,0.853787360964394
"nonstat_r80",4,"stratified",500,3,0.85309517886462
"nonstat_r80",4,"stratified",500,5,0.851304597557144
"nonstat_r80",5,"random",30,1,0.628233749548169
"nonstat_r80",5,"random",30,3,0.570860558268808
"nonstat_r80",5,"random",30,5,0.478769186082064
"nonstat_r80",5,"random",50,1,0.628296943886554
"nonstat_r80",5,"random",50,3,0.629300983854887
"nonstat_r80",5,"random",50,5,0.643281896661527
"nonstat_r80",5,"random",100,1,0.691757507823082
"nonstat_r80",5,"random",100,3,0.720270966650258
"nonstat_r80",5,"random",100,5,0.774426789719343
"nonstat_r80",5,"random",200,1,0.797826825127334
"nonstat_r80",5,"random",200,3,0.793846049577255
"nonstat_r80",5,"random",200,5,0.830545855894659
"nonstat_r80",5,"random",500,1,0.84938155922039
"nonstat_r80",5,"random",500,3,0.836837006079027
"nonstat_r80",5,"random",500,5,0.851512352981583
"nonstat_r80",5,"clustered",30,1,0.541070092127761
"nonstat_r80",5,"clustered",30,3,0.516492115198258
"nonstat_r80",5,"clustered",30,5,0.651760023202387
"nonstat_r80",5,"clustered",50,1,0.581305829537032
"nonstat_r80",5,"clustered",50,3,0.7251102490198
"nonstat_r80",5,"clustered",50,5,0.603512004297788
"nonstat_r80",5,"clustered",100,1,0.740582956304322
"nonstat_r80",5,"clustered",100,3,0.48592288112273
"nonstat_r80",5,"clustered",100,5,0.731630855194765
"nonstat_r80",5,"clustered",200,1,0.744331466896382
"nonstat_r80",5,"clustered",200,3,0.670253279332648
"nonstat_r80",5,"clustered",200,5,0.706732482055216
"nonstat_r80",5,"clustered",500,1,0.832142802543876
"nonstat_r80",5,"clustered",500,3,0.824706567604164
"nonstat_r80",5,"clustered",500,5,0.809313641934725
"nonstat_r80",5,"stratified",30,1,0.651554423693643
"nonstat_r80",5,"stratified",30,3,0.592362437109778
"nonstat_r80",5,"stratified",30,5,0.620413564487455
"nonstat_r80",5,"stratified",50,1,0.666786688509385
"nonstat_r80",5,"stratified",50,3,0.655318613046764
"nonstat_r80",5,"stratified",50,5,0.679273740333349
"nonstat_r80",5,"stratified",100,1,0.753176536731634
"nonstat_r80",5,"stratified",100,3,0.751596190890449
"nonstat_r80",5,"stratified",100,5,0.789087081339713
"nonstat_r80",5,"stratified",200,1,0.808792008430435
"nonstat_r80",5,"stratified",200,3,0.820125984494216
"nonstat_r80",5,"stratified",200,5,0.798843210977466
"nonstat_r80",5,"stratified",500,1,0.849888910254336
"nonstat_r80",5,"stratified",500,3,0.842197936692126
"nonstat_r80",5,"stratified",500,5,0.851007842597688
"nonstat_r200",0,"random",30,1,0.61591408941573
"nonstat_r200",0,"random",30,3,0.55158802790211
"nonstat_r200",0,"random",30,5,0.625408724340176
"nonstat_r200",0,"random",50,1,0.838598901098901
"nonstat_r200",0,"random",50,3,0.739256108597285
"nonstat_r200",0,"random",50,5,0.684044059910912
"nonstat_r200",0,"random",100,1,0.861823104857592
"nonstat_r200",0,"random",100,3,0.859353839133251
"nonstat_r200",0,"random",100,5,0.867604239459585
"nonstat_r200",0,"random",200,1,0.87809183396934
"nonstat_r200",0,"random",200,3,0.898711173545611
"nonstat_r200",0,"random",200,5,0.878637120467448
"nonstat_r200",0,"random",500,1,0.899433014384805
"nonstat_r200",0,"random",500,3,0.908574217173385
"nonstat_r200",0,"random",500,5,0.887425658453696
"nonstat_r200",0,"clustered",30,1,0.604118622214036
"nonstat_r200",0,"clustered",30,3,0.653568007352246
"nonstat_r200",0,"clustered",30,5,0.485181601680724
"nonstat_r200",0,"clustered",50,1,0.675524907481811
"nonstat_r200",0,"clustered",50,3,0.748845742184529
"nonstat_r200",0,"clustered",50,5,0.694153624321454
"nonstat_r200",0,"clustered",100,1,0.853935143428248
"nonstat_r200",0,"clustered",100,3,0.76243269281036
"nonstat_r200",0,"clustered",100,5,0.772921499874968
"nonstat_r200",0,"clustered",200,1,0.888038449478214
"nonstat_r200",0,"clustered",200,3,0.883324511858238
"nonstat_r200",0,"clustered",200,5,0.876391155957857
"nonstat_r200",0,"clustered",500,1,0.895376418170961
"nonstat_r200",0,"clustered",500,3,0.904899371760729
"nonstat_r200",0,"clustered",500,5,0.873522716061792
"nonstat_r200",0,"stratified",30,1,0.662260264691269
"nonstat_r200",0,"stratified",30,3,0.733609387064204
"nonstat_r200",0,"stratified",30,5,0.731727315961233
"nonstat_r200",0,"stratified",50,1,0.764161574881454
"nonstat_r200",0,"stratified",50,3,0.799524650253416
"nonstat_r200",0,"stratified",50,5,0.725432624708438
"nonstat_r200",0,"stratified",100,1,0.87274166612445
"nonstat_r200",0,"stratified",100,3,0.901916666666667
"nonstat_r200",0,"stratified",100,5,0.866967152541813
"nonstat_r200",0,"stratified",200,1,0.890748485669711
"nonstat_r200",0,"stratified",200,3,0.905049886400936
"nonstat_r200",0,"stratified",200,5,0.865761873585501
"nonstat_r200",0,"stratified",500,1,0.907153767682387
"nonstat_r200",0,"stratified",500,3,0.901793522169901
"nonstat_r200",0,"stratified",500,5,0.900364379812369
"nonstat_r200",1,"random",30,1,0.636055424528302
"nonstat_r200",1,"random",30,3,0.712575438571192
"nonstat_r200",1,"random",30,5,0.746981304985337
"nonstat_r200",1,"random",50,1,0.637631113773155
"nonstat_r200",1,"random",50,3,0.749780313535061
"nonstat_r200",1,"random",50,5,0.736754466752625
"nonstat_r200",1,"random",100,1,0.844514519748165
"nonstat_r200",1,"random",100,3,0.737968775000874
"nonstat_r200",1,"random",100,5,0.78867953148007
"nonstat_r200",1,"random",200,1,0.86179531085353
"nonstat_r200",1,"random",200,3,0.86148016195507
"nonstat_r200",1,"random",200,5,0.885913157064336
"nonstat_r200",1,"random",500,1,0.898232716270234
"nonstat_r200",1,"random",500,3,0.891780918510697
"nonstat_r200",1,"random",500,5,0.894789747026303
"nonstat_r200",1,"clustered",30,1,0.571783924532144
"nonstat_r200",1,"clustered",30,3,0.533948544121119
"nonstat_r200",1,"clustered",30,5,0.564742485337243
"nonstat_r200",1,"clustered",50,1,0.527768700665897
"nonstat_r200",1,"clustered",50,3,0.687344526242168
"nonstat_r200",1,"clustered",50,5,0.605764500451408
"nonstat_r200",1,"clustered",100,1,0.70827973272975
"nonstat_r200",1,"clustered",100,3,0.756264166401165
"nonstat_r200",1,"clustered",100,5,0.721383039705114
"nonstat_r200",1,"clustered",200,1,0.804630169738083
"nonstat_r200",1,"clustered",200,3,0.798282044381732
"nonstat_r200",1,"clustered",200,5,0.851332014722077
"nonstat_r200",1,"clustered",500,1,0.865308889780989
"nonstat_r200",1,"clustered",500,3,0.906893328445748
"nonstat_r200",1,"clustered",500,5,0.860969311370454
"nonstat_r200",1,"stratified",30,1,0.562257205072836
"nonstat_r200",1,"stratified",30,3,0.716623558221758
"nonstat_r200",1,"stratified",30,5,0.698640019533996
"nonstat_r200",1,"stratified",50,1,0.711675724571337
"nonstat_r200",1,"stratified",50,3,0.688108620351611
"nonstat_r200",1,"stratified",50,5,0.624371340963577
"nonstat_r200",1,"stratified",100,1,0.873080084918018
"nonstat_r200",1,"stratified",100,3,0.880970874846061
"nonstat_r200",1,"stratified",100,5,0.867493278380021
"nonstat_r200",1,"stratified",200,1,0.877081975013576
"nonstat_r200",1,"stratified",200,3,0.896036638812599
"nonstat_r200",1,"stratified",200,5,0.871335232032166
"nonstat_r200",1,"stratified",500,1,0.878217659883721
"nonstat_r200",1,"stratified",500,3,0.88626735402205
"nonstat_r200",1,"stratified",500,5,0.889998628571429
"nonstat_r200",2,"random",30,1,0.566308582152751
"nonstat_r200",2,"random",30,3,0.762799162044852
"nonstat_r200",2,"random",30,5,0.713640295517777
"nonstat_r200",2,"random",50,1,0.794117590725131
"nonstat_r200",2,"random",50,3,0.757282290215668
"nonstat_r200",2,"random",50,5,0.772667296476448
"nonstat_r200",2,"random",100,1,0.828568930019638
"nonstat_r200",2,"random",100,3,0.823618541834268
"nonstat_r200",2,"random",100,5,0.855618934442464
"nonstat_r200",2,"random",200,1,0.882293317888062
"nonstat_r200",2,"random",200,3,0.914736842105263
"nonstat_r200",2,"random",200,5,0.909876543209877
"nonstat_r200",2,"random",500,1,0.919700913350054
"nonstat_r200",2,"random",500,3,0.926112141937067
"nonstat_r200",2,"random",500,5,0.909259689022975
"nonstat_r200",2,"clustered",30,1,0.757555816686251
"nonstat_r200",2,"clustered",30,3,0.773406077867954
"nonstat_r200",2,"clustered",30,5,0.411864433021614
"nonstat_r200",2,"clustered",50,1,0.642294227358894
"nonstat_r200",2,"clustered",50,3,0.616809037562513
"nonstat_r200",2,"clustered",50,5,0.506514949456462
"nonstat_r200",2,"clustered",100,1,0.76306084000768
"nonstat_r200",2,"clustered",100,3,0.867790638388543
"nonstat_r200",2,"clustered",100,5,0.802314284387193
"nonstat_r200",2,"clustered",200,1,0.823161623970757
"nonstat_r200",2,"clustered",200,3,0.884813480268359
"nonstat_r200",2,"clustered",200,5,0.752812260507326
"nonstat_r200",2,"clustered",500,1,0.902277686852155
"nonstat_r200",2,"clustered",500,3,0.909593507254448
"nonstat_r200",2,"clustered",500,5,0.88965885780283
"nonstat_r200",2,"stratified",30,1,0.619181339426911
"nonstat_r200",2,"stratified",30,3,0.719854949644751
"nonstat_r200",2,"stratified",30,5,0.728560774099808
"nonstat_r200",2,"stratified",50,1,0.696866591756864
"nonstat_r200",2,"stratified",50,3,0.807961459671008
"nonstat_r200",2,"stratified",50,5,0.687883058377121
"nonstat_r200",2,"stratified",100,1,0.888433195099862
"nonstat_r200",2,"stratified",100,3,0.794527380297193
"nonstat_r200",2,"stratified",100,5,0.795219768693426
"nonstat_r200",2,"stratified",200,1,0.909436127660293
"nonstat_r200",2,"stratified",200,3,0.902041775743985
"nonstat_r200",2,"stratified",200,5,0.880339394601854
"nonstat_r200",2,"stratified",500,1,0.923209286651568
"nonstat_r200",2,"stratified",500,3,0.921143532838167
"nonstat_r200",2,"stratified",500,5,0.922421509796771
"nonstat_r200",3,"random",30,1,0.638304332150515
"nonstat_r200",3,"random",30,3,0.646018424836253
"nonstat_r200",3,"random",30,5,0.781713816689466
"nonstat_r200",3,"random",50,1,0.757166258034028
"nonstat_r200",3,"random",50,3,0.554418546787117
"nonstat_r200",3,"random",50,5,0.78185572877147
"nonstat_r200",3,"random",100,1,0.837110758438126
"nonstat_r200",3,"random",100,3,0.83984015984016
"nonstat_r200",3,"random",100,5,0.861452257181943
"nonstat_r200",3,"random",200,1,0.870409767442831
"nonstat_r200",3,"random",200,3,0.845540481644729
"nonstat_r200",3,"random",200,5,0.874792452993994
"nonstat_r200",3,"random",500,1,0.895370141959261
"nonstat_r200",3,"random",500,3,0.84906119015259
"nonstat_r200",3,"random",500,5,0.877481471396601
"nonstat_r200",3,"clustered",30,1,0.603187657216706
"nonstat_r200",3,"clustered",30,3,0.477354702930225
"nonstat_r200",3,"clustered",30,5,0.678659054653905
"nonstat_r200",3,"clustered",50,1,0.586942273195834
"nonstat_r200",3,"clustered",50,3,0.653639660992602
"nonstat_r200",3,"clustered",50,5,0.636401641586867
"nonstat_r200",3,"clustered",100,1,0.649549410864066
"nonstat_r200",3,"clustered",100,3,0.664389603283174
"nonstat_r200",3,"clustered",100,5,0.84665315015433
"nonstat_r200",3,"clustered",200,1,0.851252
"nonstat_r200",3,"clustered",200,3,0.836820653330043
"nonstat_r200",3,"clustered",200,5,0.874383087491347
"nonstat_r200",3,"clustered",500,1,0.874193575626562
"nonstat_r200",3,"clustered",500,3,0.857735026069876
"nonstat_r200",3,"clustered",500,5,0.87260228316011
"nonstat_r200",3,"stratified",30,1,0.717545028070124
"nonstat_r200",3,"stratified",30,3,0.594448266806153
"nonstat_r200",3,"stratified",30,5,0.722034756748216
"nonstat_r200",3,"stratified",50,1,0.731394486143492
"nonstat_r200",3,"stratified",50,3,0.690292733042031
"nonstat_r200",3,"stratified",50,5,0.773273518274037
"nonstat_r200",3,"stratified",100,1,0.759334788602941
"nonstat_r200",3,"stratified",100,3,0.824389811604603
"nonstat_r200",3,"stratified",100,5,0.729798523916171
"nonstat_r200",3,"stratified",200,1,0.871280289697418
"nonstat_r200",3,"stratified",200,3,0.833129518694485
"nonstat_r200",3,"stratified",200,5,0.880445555314062
"nonstat_r200",3,"stratified",500,1,0.899475613051409
"nonstat_r200",3,"stratified",500,3,0.854328598231037
"nonstat_r200",3,"stratified",500,5,0.878112506137336
"nonstat_r200",4,"random",30,1,0.693782182675304
"nonstat_r200",4,"random",30,3,0.694096396612426
"nonstat_r200",4,"random",30,5,0.630095301439056
"nonstat_r200",4,"random",50,1,0.729445521217001
"nonstat_r200",4,"random",50,3,0.693962097237549
"nonstat_r200",4,"random",50,5,0.620153218694885
"nonstat_r200",4,"random",100,1,0.828118347289242
"nonstat_r200",4,"random",100,3,0.833809496534739
"nonstat_r200",4,"random",100,5,0.784298700691198
"nonstat_r200",4,"random",200,1,0.878009486568002
"nonstat_r200",4,"random",200,3,0.916501353793676
"nonstat_r200",4,"random",200,5,0.884267188646929
"nonstat_r200",4,"random",500,1,0.884848083613276
"nonstat_r200",4,"random",500,3,0.906901489183381
"nonstat_r200",4,"random",500,5,0.888665160161436
"nonstat_r200",4,"clustered",30,1,0.421825327491099
"nonstat_r200",4,"clustered",30,3,0.67541769646782
"nonstat_r200",4,"clustered",50,1,0.468389623082205
"nonstat_r200",4,"clustered",50,3,0.754470665208529
"nonstat_r200",4,"clustered",50,5,0.626335535437566
"nonstat_r200",4,"clustered",100,1,0.682405377658497
"nonstat_r200",4,"clustered",100,3,0.64040084293189
"nonstat_r200",4,"clustered",100,5,0.674334777262499
"nonstat_r200",4,"clustered",200,1,0.855102599179207
"nonstat_r200",4,"clustered",200,3,0.831903739710474
"nonstat_r200",4,"clustered",200,5,0.6884667892234
"nonstat_r200",4,"clustered",500,1,0.884358790608791
"nonstat_r200",4,"clustered",500,3,0.870448140828576
"nonstat_r200",4,"clustered",500,5,0.898576396435558
"nonstat_r200",4,"stratified",30,1,0.490790591621584
"nonstat_r200",4,"stratified",30,3,0.821272811272811
"nonstat_r200",4,"stratified",30,5,0.730932109144936
"nonstat_r200",4,"stratified",50,1,0.712022182610418
"nonstat_r200",4,"stratified",50,3,0.788933925925926
"nonstat_r200",4,"stratified",50,5,0.806438560326941
"nonstat_r200",4,"stratified",100,1,0.776755786289788
"nonstat_r200",4,"stratified",100,3,0.835500158715297
"nonstat_r200",4,"stratified",100,5,0.800065350726913
"nonstat_r200",4,"stratified",200,1,0.869488551685272
"nonstat_r200",4,"stratified",200,3,0.848374896558385
"nonstat_r200",4,"stratified",200,5,0.885712871006989
"nonstat_r200",4,"stratified",500,1,0.888487513388579
"nonstat_r200",4,"stratified",500,3,0.889309957666527
"nonstat_r200",4,"stratified",500,5,0.900042935724546
"nonstat_r200",5,"random",30,1,0.709063488813798
"nonstat_r200",5,"random",30,3,0.777873822605965
"nonstat_r200",5,"random",30,5,0.724349209400093
"nonstat_r200",5,"random",50,1,0.612799087339875
"nonstat_r200",5,"random",50,3,0.813979368750049
"nonstat_r200",5,"random",50,5,0.765410941763647
"nonstat_r200",5,"random",100,1,0.860631578947368
"nonstat_r200",5,"random",100,3,0.834215257450609
"nonstat_r200",5,"random",100,5,0.771388825892568
"nonstat_r200",5,"random",200,1,0.797702259008325
"nonstat_r200",5,"random",200,3,0.845861459968603
"nonstat_r200",5,"random",200,5,0.825717933502365
"nonstat_r200",5,"random",500,1,0.878130973650975
"nonstat_r200",5,"random",500,3,0.891607493041498
"nonstat_r200",5,"random",500,5,0.880458110073446
"nonstat_r200",5,"clustered",30,1,0.451205397470641
"nonstat_r200",5,"clustered",30,3,0.368616784747882
"nonstat_r200",5,"clustered",30,5,0.426849276716807
"nonstat_r200",5,"clustered",50,1,0.734224
"nonstat_r200",5,"clustered",50,3,0.646286530974324
"nonstat_r200",5,"clustered",50,5,0.592068219594245
"nonstat_r200",5,"clustered",100,1,0.774553955244045
"nonstat_r200",5,"clustered",100,3,0.857143560534443
"nonstat_r200",5,"clustered",100,5,0.668464844742189
"nonstat_r200",5,"clustered",200,1,0.84667928110695
"nonstat_r200",5,"clustered",200,3,0.797520276861524
"nonstat_r200",5,"clustered",200,5,0.817568445061323
"nonstat_r200",5,"clustered",500,1,0.874473981548207
"nonstat_r200",5,"clustered",500,3,0.861308684504854
"nonstat_r200",5,"clustered",500,5,0.871854082929286
"nonstat_r200",5,"stratified",30,1,0.631718941043527
"nonstat_r200",5,"stratified",30,3,0.728796337297571
"nonstat_r200",5,"stratified",30,5,0.687845646625071
"nonstat_r200",5,"stratified",50,1,0.657606012899294
"nonstat_r200",5,"stratified",50,3,0.699529655548341
"nonstat_r200",5,"stratified",50,5,0.723281175534556
"nonstat_r200",5,"stratified",100,1,0.785309047180594
"nonstat_r200",5,"stratified",100,3,0.75719083478578
"nonstat_r200",5,"stratified",100,5,0.818539097980216
"nonstat_r200",5,"stratified",200,1,0.889628344352782
"nonstat_r200",5,"stratified",200,3,0.867713341346154
"nonstat_r200",5,"stratified",200,5,0.866255809254395
"nonstat_r200",5,"stratified",500,1,0.899203411520767
"nonstat_r200",5,"stratified",500,3,0.884971945570297
"nonstat_r200",5,"stratified",500,5,0.870065726526888
