"cfg","n","rep","stRF_pooled"
"stat_r30",30,0,0.64635060901892
"stat_r30",30,1,0.655276969797444
"stat_r30",30,2,0.691213962591523
"stat_r30",50,0,0.691155232593586
"stat_r30",50,1,0.706526526526526
"stat_r30",50,2,0.557179230562686
"stat_r30",100,0,0.771672246682566
"stat_r30",100,1,0.735345860587234
"stat_r30",100,2,0.637683924378155
"stat_r30",200,0,0.823896610951794
"stat_r30",200,1,0.7638840181904
"stat_r30",200,2,0.806624634381676
"stat_r30",500,0,0.801313875598086
"stat_r30",500,1,0.861644147877984
"stat_r30",500,2,0.844926861702128
"stat_r80",30,0,0.609405606069678
"stat_r80",30,1,0.601429492161989
"stat_r80",30,2,0.760237663481853
"stat_r80",50,0,0.659497814104571
"stat_r80",50,1,0.653872282608696
"stat_r80",50,2,0.71238609207455
"stat_r80",100,0,0.74718477619345
"stat_r80",100,1,0.692961312758096
"stat_r80",100,2,0.792839145664644
"stat_r80",200,0,0.80744983277592
"stat_r80",200,1,0.795031172891827
"stat_r80",200,2,0.800018648058165
"stat_r80",500,0,0.839564677918467
"stat_r80",500,1,0.874514456529082
"stat_r80",500,2,0.860817829983704
"stat_r200",30,0,0.710420105820106
"stat_r200",30,1,0.698686511499132
"stat_r200",30,2,0.622258986928105
"stat_r200",50,0,0.679928315412186
"stat_r200",50,1,0.726281889702462
"stat_r200",50,2,0.737579375364479
"stat_r200",100,0,0.816868215529202
"stat_r200",100,1,0.804433101365546
"stat_r200",100,2,0.691064359305638
"stat_r200",200,0,0.81182592994155
"stat_r200",200,1,0.837975708502024
"stat_r200",200,2,0.778748467332282
"stat_r200",500,0,0.85041713381257
"stat_r200",500,1,0.856478189759355
"stat_r200",500,2,0.861112658590886
"nonstat_r30",30,0,0.701321072859963
"nonstat_r30",30,1,0.614487335508844
"nonstat_r30",30,2,0.619032983508246
"nonstat_r30",50,0,0.578485185185185
"nonstat_r30",50,1,0.690554962248228
"nonstat_r30",50,2,0.728581174395581
"nonstat_r30",100,0,0.687777841818645
"nonstat_r30",100,1,0.745038689677057
"nonstat_r30",100,2,0.770899449533875
"nonstat_r30",200,0,0.792281368259224
"nonstat_r30",200,1,0.783809256924011
"nonstat_r30",200,2,0.780493667221001
"nonstat_r30",500,0,0.872239883958634
"nonstat_r30",500,1,0.833052981759333
"nonstat_r30",500,2,0.851860459495288
"nonstat_r80",30,0,0.619076519378794
"nonstat_r80",30,1,0.391602110147163
"nonstat_r80",30,2,0.669865203804855
"nonstat_r80",50,0,0.711128693528694
"nonstat_r80",50,1,0.719586049057167
"nonstat_r80",50,2,0.698091401927361
"nonstat_r80",100,0,0.814506471306471
"nonstat_r80",100,1,0.781471258255017
"nonstat_r80",100,2,0.806131527932451
"nonstat_r80",200,0,0.730826236273112
"nonstat_r80",200,1,0.790121095244416
"nonstat_r80",200,2,0.777890763846901
"nonstat_r80",500,0,0.834253922430275
"nonstat_r80",500,1,0.845571375246627
"nonstat_r80",500,2,0.804967818484842
"nonstat_r200",30,0,0.730791656872767
"nonstat_r200",30,1,0.800515253564312
"nonstat_r200",30,2,0.70256893278735
"nonstat_r200",50,0,0.825050974702258
"nonstat_r200",50,1,0.832803703703704
"nonstat_r200",50,2,0.780149078862314
"nonstat_r200",100,0,0.838406937748131
"nonstat_r200",100,1,0.845791678803501
"nonstat_r200",100,2,0.826229511190323
"nonstat_r200",200,0,0.829955335223114
"nonstat_r200",200,1,0.844621633192082
"nonstat_r200",200,2,0.784620114201309
"nonstat_r200",500,0,0.856414224783987
"nonstat_r200",500,1,0.88004086579577
"nonstat_r200",500,2,0.857193095619439
