cfg,n,rep,mesh_vertices,GLM,stRF,sdmTMB_spatial,sdmTMB_spatiotemporal,conv_spatial,conv_st,t_stRF,t_spatial,t_st,stRF_pooled
stat_r30,30,0,59,0.630593377863749,0.64416690594209,0.540541127667291,0.647571858187753,False,False,0.048870325088501,0.506047248840332,5.38590812683105,0.64635060901892
stat_r30,30,1,58,0.608161773571256,0.668354005907885,0.607617328791898,0.577692646792862,False,False,0.0298511981964111,0.251240015029907,2.68053221702576,0.655276969797444
stat_r30,30,2,66,0.568579992748382,0.597190662497936,0.57240892290695,0.697592348973668,False,False,0.0289311408996582,0.155742406845093,1.32680773735046,0.691213962591523
stat_r30,50,0,69,0.681346024875015,0.730413021277893,0.674408989757347,0.737951164492135,False,False,0.0307600498199463,0.11279821395874,1.5156397819519,0.691155232593586
stat_r30,50,1,73,0.651954811954812,0.754390581057248,0.617711997711998,0.738576671910005,False,False,0.0313453674316406,0.356033802032471,2.14017248153687,0.706526526526526
stat_r30,50,2,77,0.658259649887057,0.680596577733298,0.657347095504637,0.721623971263925,False,False,0.0302536487579346,0.181960582733154,2.50079727172852,0.557179230562686
stat_r30,100,0,108,0.682487540512444,0.770816134654192,0.716073694429157,0.774725967712346,False,False,0.0387041568756104,0.270832777023315,12.211038351059,0.771672246682566
stat_r30,100,1,107,0.640229428870181,0.758439486799826,0.68673533250395,0.792212698727685,True,False,0.04449462890625,0.271087646484375,4.43223476409912,0.735345860587234
stat_r30,100,2,108,0.649274173799639,0.775151439218344,0.688362672012362,0.783702463461907,True,False,0.0382637977600098,0.211191415786743,10.0459821224213,0.637683924378155
stat_r30,200,0,149,0.686478991533054,0.831835791194074,0.821772308018251,0.866793153804829,True,False,0.050562858581543,0.339596033096313,6.4045524597168,0.823896610951794
stat_r30,200,1,152,0.693464459908517,0.812968337405764,0.784880888516504,0.825011231567434,True,False,0.0497772693634033,0.379560470581055,7.32392454147339,0.7638840181904
stat_r30,200,2,149,0.674276961922617,0.835876943724634,0.791308946772796,0.828739922393186,True,False,0.0509989261627197,0.393040418624878,6.13984775543213,0.806624634381676
stat_r30,500,0,203,0.692574162679426,0.850878468899522,0.872966507177034,0.886731100478469,True,False,0.0962727069854736,0.511602401733398,12.5333847999573,0.801313875598086
stat_r30,500,1,218,0.673284151193634,0.868590999517724,0.867332559681698,0.889159332047263,True,False,0.0959255695343018,0.528081893920898,12.7872467041016,0.861644147877984
stat_r30,500,2,221,0.668626519756839,0.866829407294833,0.856341185410334,0.886174012158055,True,False,0.096505880355835,0.588293313980103,11.5627398490906,0.844926861702128
stat_r80,30,0,59,0.517083800220684,0.637306580331711,0.563124951885655,0.625956940868539,False,False,0.030573844909668,0.205592155456543,1.03344464302063,0.609405606069678
stat_r80,30,1,54,0.632004265351088,0.631438977857432,0.660793243957955,0.664778092540132,True,False,0.0264885425567627,0.157537221908569,0.939707279205322,0.601429492161989
stat_r80,30,2,63,0.666325945821109,0.745487943614264,0.693982071525717,0.771320001026439,False,True,0.0307960510253906,0.16843056678772,1.19101238250732,0.760237663481853
stat_r80,50,0,76,0.618740037022373,0.68624989894509,0.62877090281938,0.737182609849278,True,True,0.0310482978820801,0.228135824203491,1.81894302368164,0.659497814104571
stat_r80,50,1,78,0.593423913043478,0.719242265886288,0.599552675585284,0.715200668896321,False,False,0.0348246097564697,0.103838682174683,3.43190288543701,0.653872282608696
stat_r80,50,2,81,0.515445775876613,0.731667417688377,0.544500705818033,0.761168689442201,True,False,0.033560037612915,0.173299789428711,4.50031471252441,0.71238609207455
stat_r80,100,0,105,0.703915010820382,0.768447040005474,0.738692059636127,0.805718550325467,True,True,0.0379354953765869,0.226989984512329,8.47705817222595,0.74718477619345
stat_r80,100,1,95,0.690093457943925,0.752920017387524,0.68573679634862,0.812558139534884,False,False,0.0377449989318848,0.760590553283691,4.66516947746277,0.692961312758096
stat_r80,100,2,105,0.710130769507882,0.789122248616759,0.742605938982706,0.796931122973348,False,True,0.0397360324859619,0.302850246429443,4.03691506385803,0.792839145664644
stat_r80,200,0,154,0.734036371237458,0.849414715719064,0.829159698996656,0.890186036789298,True,False,0.0491673946380615,0.289202690124512,6.51347088813782,0.80744983277592
stat_r80,200,1,155,0.757941814787608,0.846742176430824,0.84334653917069,0.874575937750487,True,False,0.0483901500701904,0.350593328475952,6.65695810317993,0.795031172891827
stat_r80,200,2,143,0.733837113450124,0.847277701372539,0.847325381066711,0.871065630569253,True,False,0.0508859157562256,0.30347752571106,11.3767168521881,0.800018648058165
stat_r80,500,0,211,0.728677568227297,0.872678328503303,0.862650586971517,0.88543751107846,True,False,0.0964970588684082,0.50915789604187,12.6816577911377,0.839564677918467
stat_r80,500,1,208,0.745267006687834,0.881419729108964,0.880959518340877,0.903879281226778,True,False,0.0863544940948486,0.581075191497803,15.1900436878204,0.874514456529082
stat_r80,500,2,208,0.738943254345464,0.88047108398968,0.886655095736013,0.905972043047257,True,True,0.0881352424621582,0.476095914840698,11.8000802993774,0.860817829983704
stat_r200,30,0,56,0.49608253968254,0.797341798941799,0.610060317460317,0.741993650793651,False,True,0.0318493843078613,0.191352128982544,0.967934370040894,0.710420105820106
stat_r200,30,1,59,0.531537363780534,0.752830250136907,0.572069843712783,0.655249984222666,False,False,0.0302681922912598,0.415514707565308,1.22894883155823,0.698686511499132
stat_r200,30,2,60,0.551231617647059,0.723949142156863,0.553925653594771,0.637516339869281,False,False,0.0277678966522217,0.102822303771973,1.4025456905365,0.622258986928105
stat_r200,50,0,84,0.541430575035063,0.752830502311568,0.657771544335359,0.76109500805153,True,False,0.0310177803039551,0.256859064102173,2.73187565803528,0.679928315412186
stat_r200,50,1,79,0.555871148080521,0.772254908590879,0.628849870176711,0.746874301956469,False,False,0.0317668914794922,0.316042423248291,1.8446843624115,0.726281889702462
stat_r200,50,2,73,0.563605585433811,0.757706699928724,0.733960911682758,0.781416040303246,True,True,0.0315847396850586,0.204331636428833,1.61880111694336,0.737579375364479
stat_r200,100,0,106,0.489543435982876,0.84949105582094,0.816960434124159,0.858264118154562,True,True,0.0384895801544189,0.279012203216553,3.57935762405396,0.816868215529202
stat_r200,100,1,106,0.48269268644958,0.845535919445903,0.786413881959034,0.82874868697479,True,False,0.040257453918457,0.196768283843994,2.82900428771973,0.804433101365546
stat_r200,100,2,114,0.57820264360962,0.847526585171934,0.584070430000663,0.872877741337044,False,False,0.0393245220184326,0.175168037414551,3.69309663772583,0.691064359305638
stat_r200,200,0,158,0.595704701269269,0.845693492243354,0.851996021814802,0.87221099055181,True,False,0.0482187271118164,0.330383539199829,17.9394452571869,0.81182592994155
stat_r200,200,1,150,0.578591934381408,0.86610967979389,0.857723329302277,0.890780798149219,True,False,0.0489163398742676,0.300759315490723,13.983030796051,0.837975708502024
stat_r200,200,2,148,0.580115773757392,0.839015672830702,0.847973959245636,0.879083986020402,True,False,0.053356409072876,0.375585079193115,15.8146784305573,0.778748467332282
stat_r200,500,0,204,0.565702697355405,0.896450240717536,0.903570780848117,0.922828183736728,True,False,0.093641996383667,0.515812158584595,12.7323625087738,0.85041713381257
stat_r200,500,1,209,0.589383326665437,0.879990298728677,0.889167120981901,0.912085338020899,True,True,0.0907666683197021,0.580629110336304,14.0804817676544,0.856478189759355
stat_r200,500,2,216,0.569290986033479,0.877629426050068,0.885469990240561,0.909082468292139,True,True,0.0904767513275146,0.61115288734436,11.2291443347931,0.861112658590886
nonstat_r30,30,0,67,0.646936875635581,0.727651866363582,,0.619630279057247,False,False,0.0291259288787842,0.338727235794067,3.37326169013977,0.701321072859963
nonstat_r30,30,1,59,0.616369630566981,0.66365064603721,0.592105729072513,0.615424755720966,False,False,0.03072190284729,0.272873878479004,1.18819856643677,0.614487335508844
nonstat_r30,30,2,60,0.650104947526237,0.666668853073463,0.65244284107946,0.665794602698651,False,True,0.0287137031555176,0.265748977661133,1.16658854484558,0.619032983508246
nonstat_r30,50,0,64,0.62185,0.695009259259259,0.623822222222222,0.677462962962963,False,False,0.0319490432739258,0.114670991897583,13.0317289829254,0.578485185185185
nonstat_r30,50,1,70,0.590038535933264,0.711716118624954,0.60260005526471,0.641991097900688,False,False,0.0322327613830566,0.120729684829712,1.51848554611206,0.690554962248228
nonstat_r30,50,2,76,0.610004603515311,0.766311511931239,0.600971360218602,0.693768245358122,False,False,0.031062126159668,0.125635147094727,2.45030236244202,0.728581174395581
nonstat_r30,100,0,115,0.6533277803704,0.801295340159263,0.737281328843862,0.800779398011717,False,False,0.0400400161743164,0.338449478149414,7.78214836120605,0.687777841818645
nonstat_r30,100,1,111,0.597426446426861,0.78091277970449,0.711073265348658,0.807240724710884,True,False,0.0440711975097656,0.260854244232178,4.1422381401062,0.745038689677057
nonstat_r30,100,2,103,0.581003320417539,0.795064710514288,0.673510630291973,0.813748253981656,False,False,0.0386338233947754,0.44196343421936,3.18014597892761,0.770899449533875
nonstat_r30,200,0,153,0.642454322374645,0.826129375591296,0.783256711210975,0.833350579470199,True,False,0.0522415637969971,0.315327405929565,5.85342121124268,0.792281368259224
nonstat_r30,200,1,142,0.642959226565784,0.826154780253141,0.776811919107001,0.860062584652749,True,False,0.052095890045166,0.28830623626709,12.7583312988281,0.783809256924011
nonstat_r30,200,2,146,0.634044440814872,0.823363351547188,0.795502464809645,0.843517996080062,True,False,0.0523579120635986,0.3396155834198,6.11031675338745,0.780493667221001
nonstat_r30,500,0,202,0.665578778860029,0.893464969636845,0.883404356060606,0.913746843434343,True,False,0.0932040214538574,0.473329067230225,10.5190041065216,0.872239883958634
nonstat_r30,500,1,203,0.663024909096705,0.863704128762946,0.864578000558828,0.885455285330393,True,False,0.0900988578796387,0.67950701713562,11.4239864349365,0.833052981759333
nonstat_r30,500,2,197,0.646980297517342,0.88067699046762,0.856530897962447,0.887862995513627,True,False,0.0967845916748047,0.449817657470703,11.7464554309845,0.851860459495288
nonstat_r80,30,0,55,0.619261144795429,0.709451642871593,0.574124158628587,0.625031671115354,False,True,0.0277819633483887,0.408663034439087,1.61739540100098,0.619076519378794
nonstat_r80,30,1,52,0.468608511031835,0.729644773529105,0.474517474041294,0.680225339475139,False,False,0.0320546627044678,0.10350513458252,2.62793707847595,0.391602110147163
nonstat_r80,30,2,63,0.576608745352448,0.665944859851632,0.585335242438705,0.646736942170999,False,True,0.0300416946411133,0.113879203796387,1.30921697616577,0.669865203804855
nonstat_r80,50,0,78,0.529025641025641,0.775378754578755,0.55149010989011,0.736863492063492,False,False,0.0325894355773926,0.123996257781982,1.71338963508606,0.711128693528694
nonstat_r80,50,1,75,0.600716453554903,0.772791681178168,0.68393054380815,0.68059903477785,False,False,0.0316870212554932,0.650776147842407,1.9863805770874,0.719586049057167
nonstat_r80,50,2,78,0.626352306206038,0.773262660779727,0.619491971991792,0.83595078603422,False,False,0.0324127674102783,0.129654407501221,4.68593668937683,0.698091401927361
nonstat_r80,100,0,109,0.601916483516484,0.810383394383394,0.733815873015873,0.777725030525031,True,False,0.0387718677520752,0.265680313110352,3.99022769927979,0.814506471306471
nonstat_r80,100,1,104,0.618788893827788,0.784369443738888,0.739079962534925,0.805528876682753,True,False,0.0399627685546875,0.217764377593994,10.049339056015,0.781471258255017
nonstat_r80,100,2,111,0.632051365147828,0.809892779771339,0.762834903631425,0.844486476188231,True,False,0.0375430583953857,0.244104385375977,3.56951403617859,0.806131527932451
nonstat_r80,200,0,148,0.631673788104241,0.840434618962461,0.817803658943271,0.868736726530947,True,False,0.049004077911377,0.308897495269775,6.74525189399719,0.730826236273112
nonstat_r80,200,1,152,0.602845074601229,0.835113131533951,0.823517930059884,0.861685183594756,True,False,0.05340576171875,0.342706441879272,6.71041250228882,0.790121095244416
nonstat_r80,200,2,155,0.640073206829652,0.832401961682454,0.814120612119843,0.865737941536326,True,False,0.0544612407684326,0.354574918746948,7.22747540473938,0.777890763846901
nonstat_r80,500,0,205,0.65212142566852,0.855173884232,0.859721440883766,0.884053821929573,True,False,0.0983734130859375,0.49538254737854,17.1399164199829,0.834253922430275
nonstat_r80,500,1,201,0.65597405649664,0.863414446281188,0.865670875375989,0.881330592043545,True,False,0.096275806427002,0.511249303817749,12.9451813697815,0.845571375246627
nonstat_r80,500,2,201,0.636552534282021,0.864380149190002,0.869506956756151,0.875907841428068,True,False,0.0970838069915771,0.621442317962646,10.8884196281433,0.804967818484842
nonstat_r200,30,0,62,0.638686177937396,0.763100593829205,0.738288773366423,0.697318384653369,False,False,0.0290145874023438,0.229067802429199,5.32479071617126,0.730791656872767
nonstat_r200,30,1,62,0.676548334203425,0.789813126374071,0.700456246645245,0.84658568686995,False,False,0.031043529510498,0.107602596282959,1.68455982208252,0.800515253564312
nonstat_r200,30,2,58,0.687971401348472,0.82826444297362,0.692031726174458,0.701261555469892,False,True,0.0296177864074707,0.0809369087219238,1.27707624435425,0.70256893278735
nonstat_r200,50,0,78,0.724313421597885,0.784974691266426,0.736589485563122,0.848920691973568,False,False,0.0323967933654785,0.101361989974976,1.83047485351562,0.825050974702258
nonstat_r200,50,1,81,0.740151851851852,0.845008333333333,0.833692592592593,0.863353703703704,True,False,0.0302388668060303,0.2197105884552,2.97813510894775,0.832803703703704
nonstat_r200,50,2,73,0.726176397132279,0.880526642475172,0.753847255685491,0.869079449961803,False,False,0.0321495532989502,0.102766752243042,1.99689269065857,0.780149078862314
nonstat_r200,100,0,114,0.734521424535294,0.879282888991627,0.865761838716069,0.904629813090285,True,True,0.0405802726745605,0.271727323532104,5.84223508834839,0.838406937748131
nonstat_r200,100,1,103,0.717694496197736,0.859199903271724,0.820103726420193,0.889581375410133,True,True,0.0376150608062744,0.229378223419189,3.35027956962585,0.845791678803501
nonstat_r200,100,2,107,0.708279159118799,0.851407738269152,0.868900835622042,0.89644203237305,True,True,0.036189079284668,0.225417375564575,5.05135893821716,0.826229511190323
nonstat_r200,200,0,149,0.721880994927527,0.884493090375443,0.902027711509713,0.913548924084482,True,True,0.051811695098877,0.380264759063721,6.11424779891968,0.829955335223114
nonstat_r200,200,1,153,0.71822575027573,0.881760826028908,0.878477462703895,0.900742656875834,True,False,0.0559558868408203,0.350913047790527,8.71898913383484,0.844621633192082
nonstat_r200,200,2,148,0.752046000680333,0.88812073541423,0.890493714198399,0.904278638097542,True,False,0.0551521778106689,0.348987579345703,6.26714468002319,0.784620114201309
nonstat_r200,500,0,209,0.720508921678349,0.898906328253398,0.902017931949715,0.912240481222801,True,True,0.0961401462554932,0.542663097381592,28.3553307056427,0.856414224783987
nonstat_r200,500,1,212,0.725375231502342,0.900342264833162,0.893355354026164,0.914411721972814,True,False,0.0897316932678223,0.514767646789551,19.9683260917664,0.88004086579577
nonstat_r200,500,2,202,0.742492406311098,0.904160995315327,0.906339340865981,0.919433101741765,True,False,0.0898113250732422,0.552871227264404,13.982129573822,0.857193095619439
